case_id,origin,speaker_id,recipe_id,recipe_role,voice_id,seed,line_id,category,transcript,wav,gold,gold_ready,source_uri
case_0001_20260629_093726_076_Alfie_Line_D80D638B4BB58C458BEEA4B1CF6291D6_000000_00,recorded,alfie,existing_corpus_v1,recreation,lana,274787043,,,inputs/transcripts/case_0001_20260629_093726_076_Alfie_Line_D80D638B4BB58C458BEEA4B1CF6291D6_000000_00.txt,inputs/wav/case_0001_20260629_093726_076_Alfie_Line_D80D638B4BB58C458BEEA4B1CF6291D6_000000_00.wav,inputs/gold/case_0001_20260629_093726_076_Alfie_Line_D80D638B4BB58C458BEEA4B1CF6291D6_000000_00,1,
case_0002_20260629_093744_269_Alfie_Line_D80D638B4BB58C458BEEA4B1CF6291D6_000001_00,recorded,alfie,existing_corpus_v1,recreation,priestley,913569036,,,inputs/transcripts/case_0002_20260629_093744_269_Alfie_Line_D80D638B4BB58C458BEEA4B1CF6291D6_000001_00.txt,inputs/wav/case_0002_20260629_093744_269_Alfie_Line_D80D638B4BB58C458BEEA4B1CF6291D6_000001_00.wav,inputs/gold/case_0002_20260629_093744_269_Alfie_Line_D80D638B4BB58C458BEEA4B1CF6291D6_000001_00,1,
case_0003_20260629_093754_099_Alfie_Line_D80D638B4BB58C458BEEA4B1CF6291D6_000002_00,recorded,alfie,existing_corpus_v1,recreation,priestley2,2015864515,,,inputs/transcripts/case_0003_20260629_093754_099_Alfie_Line_D80D638B4BB58C458BEEA4B1CF6291D6_000002_00.txt,inputs/wav/case_0003_20260629_093754_099_Alfie_Line_D80D638B4BB58C458BEEA4B1CF6291D6_000002_00.wav,inputs/gold/case_0003_20260629_093754_099_Alfie_Line_D80D638B4BB58C458BEEA4B1CF6291D6_000002_00,1,
case_0004_20260629_093801_432_Alfie_Line_D80D638B4BB58C458BEEA4B1CF6291D6_000003_00,recorded,alfie,existing_corpus_v1,recreation,lana,146041084,,,inputs/transcripts/case_0004_20260629_093801_432_Alfie_Line_D80D638B4BB58C458BEEA4B1CF6291D6_000003_00.txt,inputs/wav/case_0004_20260629_093801_432_Alfie_Line_D80D638B4BB58C458BEEA4B1CF6291D6_000003_00.wav,inputs/gold/case_0004_20260629_093801_432_Alfie_Line_D80D638B4BB58C458BEEA4B1CF6291D6_000003_00,1,
case_0005_20260629_093809_845_Alfie_Line_D80D638B4BB58C458BEEA4B1CF6291D6_000004_00,recorded,alfie,existing_corpus_v1,recreation,alfie,630914209,,,inputs/transcripts/case_0005_20260629_093809_845_Alfie_Line_D80D638B4BB58C458BEEA4B1CF6291D6_000004_00.txt,inputs/wav/case_0005_20260629_093809_845_Alfie_Line_D80D638B4BB58C458BEEA4B1CF6291D6_000004_00.wav,inputs/gold/case_0005_20260629_093809_845_Alfie_Line_D80D638B4BB58C458BEEA4B1CF6291D6_000004_00,1,
case_0006_20260629_093822_552_Alfie_Line_D80D638B4BB58C458BEEA4B1CF6291D6_000005_00,recorded,alfie,existing_corpus_v1,recreation,lana,1671647505,,,inputs/transcripts/case_0006_20260629_093822_552_Alfie_Line_D80D638B4BB58C458BEEA4B1CF6291D6_000005_00.txt,inputs/wav/case_0006_20260629_093822_552_Alfie_Line_D80D638B4BB58C458BEEA4B1CF6291D6_000005_00.wav,inputs/gold/case_0006_20260629_093822_552_Alfie_Line_D80D638B4BB58C458BEEA4B1CF6291D6_000005_00,1,
case_0007_20260629_093832_958_Alfie_Line_D80D638B4BB58C458BEEA4B1CF6291D6_000006_00,recorded,alfie,existing_corpus_v1,recreation,alfie,783204763,,,inputs/transcripts/case_0007_20260629_093832_958_Alfie_Line_D80D638B4BB58C458BEEA4B1CF6291D6_000006_00.txt,inputs/wav/case_0007_20260629_093832_958_Alfie_Line_D80D638B4BB58C458BEEA4B1CF6291D6_000006_00.wav,inputs/gold/case_0007_20260629_093832_958_Alfie_Line_D80D638B4BB58C458BEEA4B1CF6291D6_000006_00,1,
case_0008_20260629_093851_414_Alfie_Line_D80D638B4BB58C458BEEA4B1CF6291D6_000007_00,recorded,alfie,existing_corpus_v1,recreation,priestley,1641915112,,,inputs/transcripts/case_0008_20260629_093851_414_Alfie_Line_D80D638B4BB58C458BEEA4B1CF6291D6_000007_00.txt,inputs/wav/case_0008_20260629_093851_414_Alfie_Line_D80D638B4BB58C458BEEA4B1CF6291D6_000007_00.wav,inputs/gold/case_0008_20260629_093851_414_Alfie_Line_D80D638B4BB58C458BEEA4B1CF6291D6_000007_00,1,
case_0009_20260629_093901_441_Alfie_Line_D80D638B4BB58C458BEEA4B1CF6291D6_000008_00,recorded,alfie,existing_corpus_v1,recreation,priestley2,1624983762,,,inputs/transcripts/case_0009_20260629_093901_441_Alfie_Line_D80D638B4BB58C458BEEA4B1CF6291D6_000008_00.txt,inputs/wav/case_0009_20260629_093901_441_Alfie_Line_D80D638B4BB58C458BEEA4B1CF6291D6_000008_00.wav,inputs/gold/case_0009_20260629_093901_441_Alfie_Line_D80D638B4BB58C458BEEA4B1CF6291D6_000008_00,1,
case_0010_20260629_093912_121_Alfie_Line_D80D638B4BB58C458BEEA4B1CF6291D6_000009_00,recorded,alfie,existing_corpus_v1,recreation,lana,2011517218,,,inputs/transcripts/case_0010_20260629_093912_121_Alfie_Line_D80D638B4BB58C458BEEA4B1CF6291D6_000009_00.txt,inputs/wav/case_0010_20260629_093912_121_Alfie_Line_D80D638B4BB58C458BEEA4B1CF6291D6_000009_00.wav,inputs/gold/case_0010_20260629_093912_121_Alfie_Line_D80D638B4BB58C458BEEA4B1CF6291D6_000009_00,1,
case_0011_20260629_093922_616_Alfie_Line_D80D638B4BB58C458BEEA4B1CF6291D6_000010_00,recorded,alfie,existing_corpus_v1,recreation,lana,521079213,,,inputs/transcripts/case_0011_20260629_093922_616_Alfie_Line_D80D638B4BB58C458BEEA4B1CF6291D6_000010_00.txt,inputs/wav/case_0011_20260629_093922_616_Alfie_Line_D80D638B4BB58C458BEEA4B1CF6291D6_000010_00.wav,inputs/gold/case_0011_20260629_093922_616_Alfie_Line_D80D638B4BB58C458BEEA4B1CF6291D6_000010_00,1,
case_0012_20260629_093929_211_Alfie_Line_D80D638B4BB58C458BEEA4B1CF6291D6_000011_00,recorded,alfie,existing_corpus_v1,recreation,priestley,1096098226,,,inputs/transcripts/case_0012_20260629_093929_211_Alfie_Line_D80D638B4BB58C458BEEA4B1CF6291D6_000011_00.txt,inputs/wav/case_0012_20260629_093929_211_Alfie_Line_D80D638B4BB58C458BEEA4B1CF6291D6_000011_00.wav,inputs/gold/case_0012_20260629_093929_211_Alfie_Line_D80D638B4BB58C458BEEA4B1CF6291D6_000011_00,1,
case_0013_20260629_093937_130_Alfie_Line_D80D638B4BB58C458BEEA4B1CF6291D6_000012_00,recorded,alfie,existing_corpus_v1,recreation,priestley2,1103906128,,,inputs/transcripts/case_0013_20260629_093937_130_Alfie_Line_D80D638B4BB58C458BEEA4B1CF6291D6_000012_00.txt,inputs/wav/case_0013_20260629_093937_130_Alfie_Line_D80D638B4BB58C458BEEA4B1CF6291D6_000012_00.wav,inputs/gold/case_0013_20260629_093937_130_Alfie_Line_D80D638B4BB58C458BEEA4B1CF6291D6_000012_00,1,
case_0014_20260629_093947_935_Alfie_Line_D80D638B4BB58C458BEEA4B1CF6291D6_000013_00,recorded,alfie,existing_corpus_v1,recreation,priestley,1001316242,,,inputs/transcripts/case_0014_20260629_093947_935_Alfie_Line_D80D638B4BB58C458BEEA4B1CF6291D6_000013_00.txt,inputs/wav/case_0014_20260629_093947_935_Alfie_Line_D80D638B4BB58C458BEEA4B1CF6291D6_000013_00.wav,inputs/gold/case_0014_20260629_093947_935_Alfie_Line_D80D638B4BB58C458BEEA4B1CF6291D6_000013_00,1,
case_0015_20260629_093954_282_Alfie_Line_D80D638B4BB58C458BEEA4B1CF6291D6_000014_00,recorded,alfie,existing_corpus_v1,recreation,lana,272532610,,,inputs/transcripts/case_0015_20260629_093954_282_Alfie_Line_D80D638B4BB58C458BEEA4B1CF6291D6_000014_00.txt,inputs/wav/case_0015_20260629_093954_282_Alfie_Line_D80D638B4BB58C458BEEA4B1CF6291D6_000014_00.wav,inputs/gold/case_0015_20260629_093954_282_Alfie_Line_D80D638B4BB58C458BEEA4B1CF6291D6_000014_00,1,
case_0016_20260629_094001_338_Alfie_Line_D80D638B4BB58C458BEEA4B1CF6291D6_000015_00,recorded,alfie,existing_corpus_v1,recreation,priestley2,1724186326,,,inputs/transcripts/case_0016_20260629_094001_338_Alfie_Line_D80D638B4BB58C458BEEA4B1CF6291D6_000015_00.txt,inputs/wav/case_0016_20260629_094001_338_Alfie_Line_D80D638B4BB58C458BEEA4B1CF6291D6_000015_00.wav,inputs/gold/case_0016_20260629_094001_338_Alfie_Line_D80D638B4BB58C458BEEA4B1CF6291D6_000015_00,1,
case_0017_20260629_094007_645_Alfie_Line_D80D638B4BB58C458BEEA4B1CF6291D6_000016_00,recorded,alfie,existing_corpus_v1,recreation,alfie,1064582016,,,inputs/transcripts/case_0017_20260629_094007_645_Alfie_Line_D80D638B4BB58C458BEEA4B1CF6291D6_000016_00.txt,inputs/wav/case_0017_20260629_094007_645_Alfie_Line_D80D638B4BB58C458BEEA4B1CF6291D6_000016_00.wav,inputs/gold/case_0017_20260629_094007_645_Alfie_Line_D80D638B4BB58C458BEEA4B1CF6291D6_000016_00,1,
case_0018_20260629_094015_208_Alfie_Line_D80D638B4BB58C458BEEA4B1CF6291D6_000017_00,recorded,alfie,existing_corpus_v1,recreation,lana,1888722253,,,inputs/transcripts/case_0018_20260629_094015_208_Alfie_Line_D80D638B4BB58C458BEEA4B1CF6291D6_000017_00.txt,inputs/wav/case_0018_20260629_094015_208_Alfie_Line_D80D638B4BB58C458BEEA4B1CF6291D6_000017_00.wav,inputs/gold/case_0018_20260629_094015_208_Alfie_Line_D80D638B4BB58C458BEEA4B1CF6291D6_000017_00,1,
case_0019_20260629_094021_972_Alfie_Line_D80D638B4BB58C458BEEA4B1CF6291D6_000018_00,recorded,alfie,existing_corpus_v1,recreation,alfie,942011153,,,inputs/transcripts/case_0019_20260629_094021_972_Alfie_Line_D80D638B4BB58C458BEEA4B1CF6291D6_000018_00.txt,inputs/wav/case_0019_20260629_094021_972_Alfie_Line_D80D638B4BB58C458BEEA4B1CF6291D6_000018_00.wav,inputs/gold/case_0019_20260629_094021_972_Alfie_Line_D80D638B4BB58C458BEEA4B1CF6291D6_000018_00,1,
case_0020_20260629_094125_260_Alfie_Line_D80D638B4BB58C458BEEA4B1CF6291D6_000019_00,recorded,alfie,existing_corpus_v1,recreation,priestley,90831137,,,inputs/transcripts/case_0020_20260629_094125_260_Alfie_Line_D80D638B4BB58C458BEEA4B1CF6291D6_000019_00.txt,inputs/wav/case_0020_20260629_094125_260_Alfie_Line_D80D638B4BB58C458BEEA4B1CF6291D6_000019_00.wav,inputs/gold/case_0020_20260629_094125_260_Alfie_Line_D80D638B4BB58C458BEEA4B1CF6291D6_000019_00,1,
case_0021_20260629_094131_827_Alfie_Line_D80D638B4BB58C458BEEA4B1CF6291D6_000020_00,recorded,alfie,existing_corpus_v1,recreation,priestley2,589978982,,,inputs/transcripts/case_0021_20260629_094131_827_Alfie_Line_D80D638B4BB58C458BEEA4B1CF6291D6_000020_00.txt,inputs/wav/case_0021_20260629_094131_827_Alfie_Line_D80D638B4BB58C458BEEA4B1CF6291D6_000020_00.wav,inputs/gold/case_0021_20260629_094131_827_Alfie_Line_D80D638B4BB58C458BEEA4B1CF6291D6_000020_00,1,
case_0022_20260629_094140_141_Alfie_Line_D80D638B4BB58C458BEEA4B1CF6291D6_000021_00,recorded,alfie,existing_corpus_v1,recreation,priestley2,464187999,,,inputs/transcripts/case_0022_20260629_094140_141_Alfie_Line_D80D638B4BB58C458BEEA4B1CF6291D6_000021_00.txt,inputs/wav/case_0022_20260629_094140_141_Alfie_Line_D80D638B4BB58C458BEEA4B1CF6291D6_000021_00.wav,inputs/gold/case_0022_20260629_094140_141_Alfie_Line_D80D638B4BB58C458BEEA4B1CF6291D6_000021_00,1,
case_0023_20260629_094147_704_Alfie_Line_D80D638B4BB58C458BEEA4B1CF6291D6_000022_00,recorded,alfie,existing_corpus_v1,recreation,priestley,708330459,,,inputs/transcripts/case_0023_20260629_094147_704_Alfie_Line_D80D638B4BB58C458BEEA4B1CF6291D6_000022_00.txt,inputs/wav/case_0023_20260629_094147_704_Alfie_Line_D80D638B4BB58C458BEEA4B1CF6291D6_000022_00.wav,inputs/gold/case_0023_20260629_094147_704_Alfie_Line_D80D638B4BB58C458BEEA4B1CF6291D6_000022_00,1,
case_0024_20260629_094154_366_Alfie_Line_D80D638B4BB58C458BEEA4B1CF6291D6_000023_00,recorded,alfie,existing_corpus_v1,recreation,priestley,2101354192,,,inputs/transcripts/case_0024_20260629_094154_366_Alfie_Line_D80D638B4BB58C458BEEA4B1CF6291D6_000023_00.txt,inputs/wav/case_0024_20260629_094154_366_Alfie_Line_D80D638B4BB58C458BEEA4B1CF6291D6_000023_00.wav,inputs/gold/case_0024_20260629_094154_366_Alfie_Line_D80D638B4BB58C458BEEA4B1CF6291D6_000023_00,1,
case_0025_20260629_094202_889_Alfie_Line_D80D638B4BB58C458BEEA4B1CF6291D6_000024_00,recorded,alfie,existing_corpus_v1,recreation,priestley2,1257377171,,,inputs/transcripts/case_0025_20260629_094202_889_Alfie_Line_D80D638B4BB58C458BEEA4B1CF6291D6_000024_00.txt,inputs/wav/case_0025_20260629_094202_889_Alfie_Line_D80D638B4BB58C458BEEA4B1CF6291D6_000024_00.wav,inputs/gold/case_0025_20260629_094202_889_Alfie_Line_D80D638B4BB58C458BEEA4B1CF6291D6_000024_00,1,
case_0026_20260629_094209_257_Alfie_Line_D80D638B4BB58C458BEEA4B1CF6291D6_000025_00,recorded,alfie,existing_corpus_v1,recreation,priestley,2141942841,,,inputs/transcripts/case_0026_20260629_094209_257_Alfie_Line_D80D638B4BB58C458BEEA4B1CF6291D6_000025_00.txt,inputs/wav/case_0026_20260629_094209_257_Alfie_Line_D80D638B4BB58C458BEEA4B1CF6291D6_000025_00.wav,inputs/gold/case_0026_20260629_094209_257_Alfie_Line_D80D638B4BB58C458BEEA4B1CF6291D6_000025_00,1,
case_0027_20260629_094215_159_Alfie_Line_D80D638B4BB58C458BEEA4B1CF6291D6_000026_00,recorded,alfie,existing_corpus_v1,recreation,priestley2,246790502,,,inputs/transcripts/case_0027_20260629_094215_159_Alfie_Line_D80D638B4BB58C458BEEA4B1CF6291D6_000026_00.txt,inputs/wav/case_0027_20260629_094215_159_Alfie_Line_D80D638B4BB58C458BEEA4B1CF6291D6_000026_00.wav,inputs/gold/case_0027_20260629_094215_159_Alfie_Line_D80D638B4BB58C458BEEA4B1CF6291D6_000026_00,1,
case_0028_20260629_094223_519_Alfie_Line_D80D638B4BB58C458BEEA4B1CF6291D6_000027_00,recorded,alfie,existing_corpus_v1,recreation,lana,1091170507,,,inputs/transcripts/case_0028_20260629_094223_519_Alfie_Line_D80D638B4BB58C458BEEA4B1CF6291D6_000027_00.txt,inputs/wav/case_0028_20260629_094223_519_Alfie_Line_D80D638B4BB58C458BEEA4B1CF6291D6_000027_00.wav,inputs/gold/case_0028_20260629_094223_519_Alfie_Line_D80D638B4BB58C458BEEA4B1CF6291D6_000027_00,1,
case_0029_20260629_094229_854_Alfie_Line_D80D638B4BB58C458BEEA4B1CF6291D6_000028_00,recorded,alfie,existing_corpus_v1,recreation,priestley2,505698663,,,inputs/transcripts/case_0029_20260629_094229_854_Alfie_Line_D80D638B4BB58C458BEEA4B1CF6291D6_000028_00.txt,inputs/wav/case_0029_20260629_094229_854_Alfie_Line_D80D638B4BB58C458BEEA4B1CF6291D6_000028_00.wav,inputs/gold/case_0029_20260629_094229_854_Alfie_Line_D80D638B4BB58C458BEEA4B1CF6291D6_000028_00,1,
case_0030_20260629_094238_259_Alfie_Line_D80D638B4BB58C458BEEA4B1CF6291D6_000029_00,recorded,alfie,existing_corpus_v1,recreation,priestley,1793566668,,,inputs/transcripts/case_0030_20260629_094238_259_Alfie_Line_D80D638B4BB58C458BEEA4B1CF6291D6_000029_00.txt,inputs/wav/case_0030_20260629_094238_259_Alfie_Line_D80D638B4BB58C458BEEA4B1CF6291D6_000029_00.wav,inputs/gold/case_0030_20260629_094238_259_Alfie_Line_D80D638B4BB58C458BEEA4B1CF6291D6_000029_00,1,
case_0031_20260629_094249_917_Alfie_Line_D80D638B4BB58C458BEEA4B1CF6291D6_000030_00,recorded,alfie,existing_corpus_v1,recreation,priestley2,1061050084,,,inputs/transcripts/case_0031_20260629_094249_917_Alfie_Line_D80D638B4BB58C458BEEA4B1CF6291D6_000030_00.txt,inputs/wav/case_0031_20260629_094249_917_Alfie_Line_D80D638B4BB58C458BEEA4B1CF6291D6_000030_00.wav,inputs/gold/case_0031_20260629_094249_917_Alfie_Line_D80D638B4BB58C458BEEA4B1CF6291D6_000030_00,1,
case_0032_20260629_094257_512_Alfie_Line_D80D638B4BB58C458BEEA4B1CF6291D6_000031_00,recorded,alfie,existing_corpus_v1,recreation,alfie,392043475,,,inputs/transcripts/case_0032_20260629_094257_512_Alfie_Line_D80D638B4BB58C458BEEA4B1CF6291D6_000031_00.txt,inputs/wav/case_0032_20260629_094257_512_Alfie_Line_D80D638B4BB58C458BEEA4B1CF6291D6_000031_00.wav,inputs/gold/case_0032_20260629_094257_512_Alfie_Line_D80D638B4BB58C458BEEA4B1CF6291D6_000031_00,1,
case_0033_20260629_094306_254_Alfie_Line_D80D638B4BB58C458BEEA4B1CF6291D6_000032_00,recorded,alfie,existing_corpus_v1,recreation,alfie,845643237,,,inputs/transcripts/case_0033_20260629_094306_254_Alfie_Line_D80D638B4BB58C458BEEA4B1CF6291D6_000032_00.txt,inputs/wav/case_0033_20260629_094306_254_Alfie_Line_D80D638B4BB58C458BEEA4B1CF6291D6_000032_00.wav,inputs/gold/case_0033_20260629_094306_254_Alfie_Line_D80D638B4BB58C458BEEA4B1CF6291D6_000032_00,1,
case_0034_20260629_094313_493_Alfie_Line_D80D638B4BB58C458BEEA4B1CF6291D6_000033_00,recorded,alfie,existing_corpus_v1,recreation,lana,762265547,,,inputs/transcripts/case_0034_20260629_094313_493_Alfie_Line_D80D638B4BB58C458BEEA4B1CF6291D6_000033_00.txt,inputs/wav/case_0034_20260629_094313_493_Alfie_Line_D80D638B4BB58C458BEEA4B1CF6291D6_000033_00.wav,inputs/gold/case_0034_20260629_094313_493_Alfie_Line_D80D638B4BB58C458BEEA4B1CF6291D6_000033_00,1,
case_0035_20260629_094323_803_Alfie_Line_D80D638B4BB58C458BEEA4B1CF6291D6_000034_00,recorded,alfie,existing_corpus_v1,recreation,priestley,1586087432,,,inputs/transcripts/case_0035_20260629_094323_803_Alfie_Line_D80D638B4BB58C458BEEA4B1CF6291D6_000034_00.txt,inputs/wav/case_0035_20260629_094323_803_Alfie_Line_D80D638B4BB58C458BEEA4B1CF6291D6_000034_00.wav,inputs/gold/case_0035_20260629_094323_803_Alfie_Line_D80D638B4BB58C458BEEA4B1CF6291D6_000034_00,1,
case_0036_20260629_094333_229_Alfie_Line_D80D638B4BB58C458BEEA4B1CF6291D6_000035_00,recorded,alfie,existing_corpus_v1,recreation,priestley,574011258,,,inputs/transcripts/case_0036_20260629_094333_229_Alfie_Line_D80D638B4BB58C458BEEA4B1CF6291D6_000035_00.txt,inputs/wav/case_0036_20260629_094333_229_Alfie_Line_D80D638B4BB58C458BEEA4B1CF6291D6_000035_00.wav,inputs/gold/case_0036_20260629_094333_229_Alfie_Line_D80D638B4BB58C458BEEA4B1CF6291D6_000035_00,1,
case_0037_20260629_094346_950_Alfie_Line_D80D638B4BB58C458BEEA4B1CF6291D6_000036_00,recorded,alfie,existing_corpus_v1,recreation,alfie,726424630,,,inputs/transcripts/case_0037_20260629_094346_950_Alfie_Line_D80D638B4BB58C458BEEA4B1CF6291D6_000036_00.txt,inputs/wav/case_0037_20260629_094346_950_Alfie_Line_D80D638B4BB58C458BEEA4B1CF6291D6_000036_00.wav,inputs/gold/case_0037_20260629_094346_950_Alfie_Line_D80D638B4BB58C458BEEA4B1CF6291D6_000036_00,1,
case_0038_20260629_094354_893_Alfie_Line_D80D638B4BB58C458BEEA4B1CF6291D6_000037_00,recorded,alfie,existing_corpus_v1,recreation,lana,42046640,,,inputs/transcripts/case_0038_20260629_094354_893_Alfie_Line_D80D638B4BB58C458BEEA4B1CF6291D6_000037_00.txt,inputs/wav/case_0038_20260629_094354_893_Alfie_Line_D80D638B4BB58C458BEEA4B1CF6291D6_000037_00.wav,inputs/gold/case_0038_20260629_094354_893_Alfie_Line_D80D638B4BB58C458BEEA4B1CF6291D6_000037_00,1,
case_0039_20260629_094402_705_Alfie_Line_D80D638B4BB58C458BEEA4B1CF6291D6_000038_00,recorded,alfie,existing_corpus_v1,recreation,lana,556882597,,,inputs/transcripts/case_0039_20260629_094402_705_Alfie_Line_D80D638B4BB58C458BEEA4B1CF6291D6_000038_00.txt,inputs/wav/case_0039_20260629_094402_705_Alfie_Line_D80D638B4BB58C458BEEA4B1CF6291D6_000038_00.wav,inputs/gold/case_0039_20260629_094402_705_Alfie_Line_D80D638B4BB58C458BEEA4B1CF6291D6_000038_00,1,
case_0040_20260629_094412_254_Alfie_Line_D80D638B4BB58C458BEEA4B1CF6291D6_000039_00,recorded,alfie,existing_corpus_v1,recreation,lana,1761473264,,,inputs/transcripts/case_0040_20260629_094412_254_Alfie_Line_D80D638B4BB58C458BEEA4B1CF6291D6_000039_00.txt,inputs/wav/case_0040_20260629_094412_254_Alfie_Line_D80D638B4BB58C458BEEA4B1CF6291D6_000039_00.wav,inputs/gold/case_0040_20260629_094412_254_Alfie_Line_D80D638B4BB58C458BEEA4B1CF6291D6_000039_00,1,
case_0041_20260629_094420_280_Alfie_Line_D80D638B4BB58C458BEEA4B1CF6291D6_000040_00,recorded,alfie,existing_corpus_v1,recreation,priestley,1088517553,,,inputs/transcripts/case_0041_20260629_094420_280_Alfie_Line_D80D638B4BB58C458BEEA4B1CF6291D6_000040_00.txt,inputs/wav/case_0041_20260629_094420_280_Alfie_Line_D80D638B4BB58C458BEEA4B1CF6291D6_000040_00.wav,inputs/gold/case_0041_20260629_094420_280_Alfie_Line_D80D638B4BB58C458BEEA4B1CF6291D6_000040_00,1,
case_0042_20260629_094428_367_Alfie_Line_D80D638B4BB58C458BEEA4B1CF6291D6_000041_00,recorded,alfie,existing_corpus_v1,recreation,priestley2,477945865,,,inputs/transcripts/case_0042_20260629_094428_367_Alfie_Line_D80D638B4BB58C458BEEA4B1CF6291D6_000041_00.txt,inputs/wav/case_0042_20260629_094428_367_Alfie_Line_D80D638B4BB58C458BEEA4B1CF6291D6_000041_00.wav,inputs/gold/case_0042_20260629_094428_367_Alfie_Line_D80D638B4BB58C458BEEA4B1CF6291D6_000041_00,1,
case_0043_20260629_094436_018_Alfie_Line_D80D638B4BB58C458BEEA4B1CF6291D6_000042_00,recorded,alfie,existing_corpus_v1,recreation,lana,204190335,,,inputs/transcripts/case_0043_20260629_094436_018_Alfie_Line_D80D638B4BB58C458BEEA4B1CF6291D6_000042_00.txt,inputs/wav/case_0043_20260629_094436_018_Alfie_Line_D80D638B4BB58C458BEEA4B1CF6291D6_000042_00.wav,inputs/gold/case_0043_20260629_094436_018_Alfie_Line_D80D638B4BB58C458BEEA4B1CF6291D6_000042_00,1,
case_0044_20260629_094441_616_Alfie_Line_D80D638B4BB58C458BEEA4B1CF6291D6_000043_00,recorded,alfie,existing_corpus_v1,recreation,lana,1298754519,,,inputs/transcripts/case_0044_20260629_094441_616_Alfie_Line_D80D638B4BB58C458BEEA4B1CF6291D6_000043_00.txt,inputs/wav/case_0044_20260629_094441_616_Alfie_Line_D80D638B4BB58C458BEEA4B1CF6291D6_000043_00.wav,inputs/gold/case_0044_20260629_094441_616_Alfie_Line_D80D638B4BB58C458BEEA4B1CF6291D6_000043_00,1,
case_0045_20260629_094447_931_Alfie_Line_D80D638B4BB58C458BEEA4B1CF6291D6_000044_00,recorded,alfie,existing_corpus_v1,recreation,lana,743765598,,,inputs/transcripts/case_0045_20260629_094447_931_Alfie_Line_D80D638B4BB58C458BEEA4B1CF6291D6_000044_00.txt,inputs/wav/case_0045_20260629_094447_931_Alfie_Line_D80D638B4BB58C458BEEA4B1CF6291D6_000044_00.wav,inputs/gold/case_0045_20260629_094447_931_Alfie_Line_D80D638B4BB58C458BEEA4B1CF6291D6_000044_00,1,
case_0046_20260629_094455_545_Alfie_Line_D80D638B4BB58C458BEEA4B1CF6291D6_000045_00,recorded,alfie,existing_corpus_v1,recreation,alfie,384353090,,,inputs/transcripts/case_0046_20260629_094455_545_Alfie_Line_D80D638B4BB58C458BEEA4B1CF6291D6_000045_00.txt,inputs/wav/case_0046_20260629_094455_545_Alfie_Line_D80D638B4BB58C458BEEA4B1CF6291D6_000045_00.wav,inputs/gold/case_0046_20260629_094455_545_Alfie_Line_D80D638B4BB58C458BEEA4B1CF6291D6_000045_00,1,
case_0047_20260629_094501_429_Alfie_Line_D80D638B4BB58C458BEEA4B1CF6291D6_000046_00,recorded,alfie,existing_corpus_v1,recreation,alfie,1295352512,,,inputs/transcripts/case_0047_20260629_094501_429_Alfie_Line_D80D638B4BB58C458BEEA4B1CF6291D6_000046_00.txt,inputs/wav/case_0047_20260629_094501_429_Alfie_Line_D80D638B4BB58C458BEEA4B1CF6291D6_000046_00.wav,inputs/gold/case_0047_20260629_094501_429_Alfie_Line_D80D638B4BB58C458BEEA4B1CF6291D6_000046_00,1,
case_0048_20260629_094511_055_Alfie_Line_D80D638B4BB58C458BEEA4B1CF6291D6_000047_00,recorded,alfie,existing_corpus_v1,recreation,alfie,366406837,,,inputs/transcripts/case_0048_20260629_094511_055_Alfie_Line_D80D638B4BB58C458BEEA4B1CF6291D6_000047_00.txt,inputs/wav/case_0048_20260629_094511_055_Alfie_Line_D80D638B4BB58C458BEEA4B1CF6291D6_000047_00.wav,inputs/gold/case_0048_20260629_094511_055_Alfie_Line_D80D638B4BB58C458BEEA4B1CF6291D6_000047_00,1,
case_0049_20260629_094519_661_Alfie_Line_D80D638B4BB58C458BEEA4B1CF6291D6_000048_00,recorded,alfie,existing_corpus_v1,recreation,priestley,2098833417,,,inputs/transcripts/case_0049_20260629_094519_661_Alfie_Line_D80D638B4BB58C458BEEA4B1CF6291D6_000048_00.txt,inputs/wav/case_0049_20260629_094519_661_Alfie_Line_D80D638B4BB58C458BEEA4B1CF6291D6_000048_00.wav,inputs/gold/case_0049_20260629_094519_661_Alfie_Line_D80D638B4BB58C458BEEA4B1CF6291D6_000048_00,1,
case_0050_20260629_094531_787_Alfie_Line_D80D638B4BB58C458BEEA4B1CF6291D6_000049_00,recorded,alfie,existing_corpus_v1,recreation,alfie,260020766,,,inputs/transcripts/case_0050_20260629_094531_787_Alfie_Line_D80D638B4BB58C458BEEA4B1CF6291D6_000049_00.txt,inputs/wav/case_0050_20260629_094531_787_Alfie_Line_D80D638B4BB58C458BEEA4B1CF6291D6_000049_00.wav,inputs/gold/case_0050_20260629_094531_787_Alfie_Line_D80D638B4BB58C458BEEA4B1CF6291D6_000049_00,1,
case_0051_20260629_094539_708_Alfie_Line_D80D638B4BB58C458BEEA4B1CF6291D6_000050_00,recorded,alfie,existing_corpus_v1,recreation,priestley,1842978741,,,inputs/transcripts/case_0051_20260629_094539_708_Alfie_Line_D80D638B4BB58C458BEEA4B1CF6291D6_000050_00.txt,inputs/wav/case_0051_20260629_094539_708_Alfie_Line_D80D638B4BB58C458BEEA4B1CF6291D6_000050_00.wav,inputs/gold/case_0051_20260629_094539_708_Alfie_Line_D80D638B4BB58C458BEEA4B1CF6291D6_000050_00,1,
case_0052_20260629_094550_667_Alfie_Line_D80D638B4BB58C458BEEA4B1CF6291D6_000051_00,recorded,alfie,existing_corpus_v1,recreation,priestley,860259793,,,inputs/transcripts/case_0052_20260629_094550_667_Alfie_Line_D80D638B4BB58C458BEEA4B1CF6291D6_000051_00.txt,inputs/wav/case_0052_20260629_094550_667_Alfie_Line_D80D638B4BB58C458BEEA4B1CF6291D6_000051_00.wav,inputs/gold/case_0052_20260629_094550_667_Alfie_Line_D80D638B4BB58C458BEEA4B1CF6291D6_000051_00,1,
case_0053_20260629_103547_528_Alfie_Line_D80D638B4BB58C458BEEA4B1CF6291D6_000052_00,recorded,alfie,existing_corpus_v1,recreation,priestley2,1955491992,,,inputs/transcripts/case_0053_20260629_103547_528_Alfie_Line_D80D638B4BB58C458BEEA4B1CF6291D6_000052_00.txt,inputs/wav/case_0053_20260629_103547_528_Alfie_Line_D80D638B4BB58C458BEEA4B1CF6291D6_000052_00.wav,inputs/gold/case_0053_20260629_103547_528_Alfie_Line_D80D638B4BB58C458BEEA4B1CF6291D6_000052_00,1,
case_0054_20260629_103559_158_Alfie_Line_D80D638B4BB58C458BEEA4B1CF6291D6_000053_00,recorded,alfie,existing_corpus_v1,recreation,priestley2,1960587407,,,inputs/transcripts/case_0054_20260629_103559_158_Alfie_Line_D80D638B4BB58C458BEEA4B1CF6291D6_000053_00.txt,inputs/wav/case_0054_20260629_103559_158_Alfie_Line_D80D638B4BB58C458BEEA4B1CF6291D6_000053_00.wav,inputs/gold/case_0054_20260629_103559_158_Alfie_Line_D80D638B4BB58C458BEEA4B1CF6291D6_000053_00,1,
case_0055_20260629_103609_480_Alfie_Line_D80D638B4BB58C458BEEA4B1CF6291D6_000054_00,recorded,alfie,existing_corpus_v1,recreation,lana,1506936677,,,inputs/transcripts/case_0055_20260629_103609_480_Alfie_Line_D80D638B4BB58C458BEEA4B1CF6291D6_000054_00.txt,inputs/wav/case_0055_20260629_103609_480_Alfie_Line_D80D638B4BB58C458BEEA4B1CF6291D6_000054_00.wav,inputs/gold/case_0055_20260629_103609_480_Alfie_Line_D80D638B4BB58C458BEEA4B1CF6291D6_000054_00,1,
case_0056_20260629_103618_921_Alfie_Line_D80D638B4BB58C458BEEA4B1CF6291D6_000055_00,recorded,alfie,existing_corpus_v1,recreation,alfie,178190211,,,inputs/transcripts/case_0056_20260629_103618_921_Alfie_Line_D80D638B4BB58C458BEEA4B1CF6291D6_000055_00.txt,inputs/wav/case_0056_20260629_103618_921_Alfie_Line_D80D638B4BB58C458BEEA4B1CF6291D6_000055_00.wav,inputs/gold/case_0056_20260629_103618_921_Alfie_Line_D80D638B4BB58C458BEEA4B1CF6291D6_000055_00,1,
case_0057_20260629_103630_720_Alfie_Line_D80D638B4BB58C458BEEA4B1CF6291D6_000056_00,recorded,alfie,existing_corpus_v1,recreation,priestley2,1061140200,,,inputs/transcripts/case_0057_20260629_103630_720_Alfie_Line_D80D638B4BB58C458BEEA4B1CF6291D6_000056_00.txt,inputs/wav/case_0057_20260629_103630_720_Alfie_Line_D80D638B4BB58C458BEEA4B1CF6291D6_000056_00.wav,inputs/gold/case_0057_20260629_103630_720_Alfie_Line_D80D638B4BB58C458BEEA4B1CF6291D6_000056_00,1,
case_0058_20260629_103639_456_Alfie_Line_D80D638B4BB58C458BEEA4B1CF6291D6_000057_00,recorded,alfie,existing_corpus_v1,recreation,priestley,545470019,,,inputs/transcripts/case_0058_20260629_103639_456_Alfie_Line_D80D638B4BB58C458BEEA4B1CF6291D6_000057_00.txt,inputs/wav/case_0058_20260629_103639_456_Alfie_Line_D80D638B4BB58C458BEEA4B1CF6291D6_000057_00.wav,inputs/gold/case_0058_20260629_103639_456_Alfie_Line_D80D638B4BB58C458BEEA4B1CF6291D6_000057_00,1,
case_0059_20260629_103647_174_Alfie_Line_D80D638B4BB58C458BEEA4B1CF6291D6_000058_00,recorded,alfie,existing_corpus_v1,recreation,alfie,856747338,,,inputs/transcripts/case_0059_20260629_103647_174_Alfie_Line_D80D638B4BB58C458BEEA4B1CF6291D6_000058_00.txt,inputs/wav/case_0059_20260629_103647_174_Alfie_Line_D80D638B4BB58C458BEEA4B1CF6291D6_000058_00.wav,inputs/gold/case_0059_20260629_103647_174_Alfie_Line_D80D638B4BB58C458BEEA4B1CF6291D6_000058_00,1,
case_0060_20260629_103657_814_Alfie_Line_D80D638B4BB58C458BEEA4B1CF6291D6_000059_00,recorded,alfie,existing_corpus_v1,recreation,priestley2,1456292205,,,inputs/transcripts/case_0060_20260629_103657_814_Alfie_Line_D80D638B4BB58C458BEEA4B1CF6291D6_000059_00.txt,inputs/wav/case_0060_20260629_103657_814_Alfie_Line_D80D638B4BB58C458BEEA4B1CF6291D6_000059_00.wav,inputs/gold/case_0060_20260629_103657_814_Alfie_Line_D80D638B4BB58C458BEEA4B1CF6291D6_000059_00,1,
case_0061_20260629_103704_918_Alfie_Line_D80D638B4BB58C458BEEA4B1CF6291D6_000060_00,recorded,alfie,existing_corpus_v1,recreation,priestley2,477535513,,,inputs/transcripts/case_0061_20260629_103704_918_Alfie_Line_D80D638B4BB58C458BEEA4B1CF6291D6_000060_00.txt,inputs/wav/case_0061_20260629_103704_918_Alfie_Line_D80D638B4BB58C458BEEA4B1CF6291D6_000060_00.wav,inputs/gold/case_0061_20260629_103704_918_Alfie_Line_D80D638B4BB58C458BEEA4B1CF6291D6_000060_00,1,
case_0062_20260629_103713_061_Alfie_Line_D80D638B4BB58C458BEEA4B1CF6291D6_000061_00,recorded,alfie,existing_corpus_v1,recreation,priestley2,1866532374,,,inputs/transcripts/case_0062_20260629_103713_061_Alfie_Line_D80D638B4BB58C458BEEA4B1CF6291D6_000061_00.txt,inputs/wav/case_0062_20260629_103713_061_Alfie_Line_D80D638B4BB58C458BEEA4B1CF6291D6_000061_00.wav,inputs/gold/case_0062_20260629_103713_061_Alfie_Line_D80D638B4BB58C458BEEA4B1CF6291D6_000061_00,1,
case_0063_20260629_103720_271_Alfie_Line_D80D638B4BB58C458BEEA4B1CF6291D6_000062_00,recorded,alfie,existing_corpus_v1,recreation,priestley,1386373026,,,inputs/transcripts/case_0063_20260629_103720_271_Alfie_Line_D80D638B4BB58C458BEEA4B1CF6291D6_000062_00.txt,inputs/wav/case_0063_20260629_103720_271_Alfie_Line_D80D638B4BB58C458BEEA4B1CF6291D6_000062_00.wav,inputs/gold/case_0063_20260629_103720_271_Alfie_Line_D80D638B4BB58C458BEEA4B1CF6291D6_000062_00,1,
case_0064_20260629_103727_346_Alfie_Line_D80D638B4BB58C458BEEA4B1CF6291D6_000063_00,recorded,alfie,existing_corpus_v1,recreation,alfie,1831472937,,,inputs/transcripts/case_0064_20260629_103727_346_Alfie_Line_D80D638B4BB58C458BEEA4B1CF6291D6_000063_00.txt,inputs/wav/case_0064_20260629_103727_346_Alfie_Line_D80D638B4BB58C458BEEA4B1CF6291D6_000063_00.wav,inputs/gold/case_0064_20260629_103727_346_Alfie_Line_D80D638B4BB58C458BEEA4B1CF6291D6_000063_00,1,
case_0065_20260629_103735_824_Alfie_Line_D80D638B4BB58C458BEEA4B1CF6291D6_000064_00,recorded,alfie,existing_corpus_v1,recreation,priestley,799642367,,,inputs/transcripts/case_0065_20260629_103735_824_Alfie_Line_D80D638B4BB58C458BEEA4B1CF6291D6_000064_00.txt,inputs/wav/case_0065_20260629_103735_824_Alfie_Line_D80D638B4BB58C458BEEA4B1CF6291D6_000064_00.wav,inputs/gold/case_0065_20260629_103735_824_Alfie_Line_D80D638B4BB58C458BEEA4B1CF6291D6_000064_00,1,
case_0066_20260629_103857_453_Alfie_Line_D80D638B4BB58C458BEEA4B1CF6291D6_000065_00,recorded,alfie,existing_corpus_v1,recreation,alfie,1919338925,,,inputs/transcripts/case_0066_20260629_103857_453_Alfie_Line_D80D638B4BB58C458BEEA4B1CF6291D6_000065_00.txt,inputs/wav/case_0066_20260629_103857_453_Alfie_Line_D80D638B4BB58C458BEEA4B1CF6291D6_000065_00.wav,inputs/gold/case_0066_20260629_103857_453_Alfie_Line_D80D638B4BB58C458BEEA4B1CF6291D6_000065_00,1,
case_0067_20260629_103906_082_Alfie_Line_D80D638B4BB58C458BEEA4B1CF6291D6_000066_00,recorded,alfie,existing_corpus_v1,recreation,alfie,1623427548,,,inputs/transcripts/case_0067_20260629_103906_082_Alfie_Line_D80D638B4BB58C458BEEA4B1CF6291D6_000066_00.txt,inputs/wav/case_0067_20260629_103906_082_Alfie_Line_D80D638B4BB58C458BEEA4B1CF6291D6_000066_00.wav,inputs/gold/case_0067_20260629_103906_082_Alfie_Line_D80D638B4BB58C458BEEA4B1CF6291D6_000066_00,1,
case_0068_20260629_103912_811_Alfie_Line_D80D638B4BB58C458BEEA4B1CF6291D6_000067_00,recorded,alfie,existing_corpus_v1,recreation,priestley2,1156696499,,,inputs/transcripts/case_0068_20260629_103912_811_Alfie_Line_D80D638B4BB58C458BEEA4B1CF6291D6_000067_00.txt,inputs/wav/case_0068_20260629_103912_811_Alfie_Line_D80D638B4BB58C458BEEA4B1CF6291D6_000067_00.wav,inputs/gold/case_0068_20260629_103912_811_Alfie_Line_D80D638B4BB58C458BEEA4B1CF6291D6_000067_00,1,
case_0069_20260629_103920_849_Alfie_Line_D80D638B4BB58C458BEEA4B1CF6291D6_000068_00,recorded,alfie,existing_corpus_v1,recreation,priestley2,1451260108,,,inputs/transcripts/case_0069_20260629_103920_849_Alfie_Line_D80D638B4BB58C458BEEA4B1CF6291D6_000068_00.txt,inputs/wav/case_0069_20260629_103920_849_Alfie_Line_D80D638B4BB58C458BEEA4B1CF6291D6_000068_00.wav,inputs/gold/case_0069_20260629_103920_849_Alfie_Line_D80D638B4BB58C458BEEA4B1CF6291D6_000068_00,1,
case_0070_20260629_103928_848_Alfie_Line_D80D638B4BB58C458BEEA4B1CF6291D6_000069_00,recorded,alfie,existing_corpus_v1,recreation,priestley2,1723605455,,,inputs/transcripts/case_0070_20260629_103928_848_Alfie_Line_D80D638B4BB58C458BEEA4B1CF6291D6_000069_00.txt,inputs/wav/case_0070_20260629_103928_848_Alfie_Line_D80D638B4BB58C458BEEA4B1CF6291D6_000069_00.wav,inputs/gold/case_0070_20260629_103928_848_Alfie_Line_D80D638B4BB58C458BEEA4B1CF6291D6_000069_00,1,
case_0071_20260629_103939_498_Alfie_Line_D80D638B4BB58C458BEEA4B1CF6291D6_000070_00,recorded,alfie,existing_corpus_v1,recreation,alfie,876716982,,,inputs/transcripts/case_0071_20260629_103939_498_Alfie_Line_D80D638B4BB58C458BEEA4B1CF6291D6_000070_00.txt,inputs/wav/case_0071_20260629_103939_498_Alfie_Line_D80D638B4BB58C458BEEA4B1CF6291D6_000070_00.wav,inputs/gold/case_0071_20260629_103939_498_Alfie_Line_D80D638B4BB58C458BEEA4B1CF6291D6_000070_00,1,
case_0072_20260629_103948_587_Alfie_Line_D80D638B4BB58C458BEEA4B1CF6291D6_000071_00,recorded,alfie,existing_corpus_v1,recreation,priestley,1070056112,,,inputs/transcripts/case_0072_20260629_103948_587_Alfie_Line_D80D638B4BB58C458BEEA4B1CF6291D6_000071_00.txt,inputs/wav/case_0072_20260629_103948_587_Alfie_Line_D80D638B4BB58C458BEEA4B1CF6291D6_000071_00.wav,inputs/gold/case_0072_20260629_103948_587_Alfie_Line_D80D638B4BB58C458BEEA4B1CF6291D6_000071_00,1,
case_0073_20260629_103955_709_Alfie_Line_D80D638B4BB58C458BEEA4B1CF6291D6_000072_00,recorded,alfie,existing_corpus_v1,recreation,priestley2,1397471303,,,inputs/transcripts/case_0073_20260629_103955_709_Alfie_Line_D80D638B4BB58C458BEEA4B1CF6291D6_000072_00.txt,inputs/wav/case_0073_20260629_103955_709_Alfie_Line_D80D638B4BB58C458BEEA4B1CF6291D6_000072_00.wav,inputs/gold/case_0073_20260629_103955_709_Alfie_Line_D80D638B4BB58C458BEEA4B1CF6291D6_000072_00,1,
case_0074_20260629_104002_655_Alfie_Line_D80D638B4BB58C458BEEA4B1CF6291D6_000073_00,recorded,alfie,existing_corpus_v1,recreation,priestley,1136908860,,,inputs/transcripts/case_0074_20260629_104002_655_Alfie_Line_D80D638B4BB58C458BEEA4B1CF6291D6_000073_00.txt,inputs/wav/case_0074_20260629_104002_655_Alfie_Line_D80D638B4BB58C458BEEA4B1CF6291D6_000073_00.wav,inputs/gold/case_0074_20260629_104002_655_Alfie_Line_D80D638B4BB58C458BEEA4B1CF6291D6_000073_00,1,
case_0075_20260629_104011_926_Alfie_Line_D80D638B4BB58C458BEEA4B1CF6291D6_000074_00,recorded,alfie,existing_corpus_v1,recreation,priestley,1517418563,,,inputs/transcripts/case_0075_20260629_104011_926_Alfie_Line_D80D638B4BB58C458BEEA4B1CF6291D6_000074_00.txt,inputs/wav/case_0075_20260629_104011_926_Alfie_Line_D80D638B4BB58C458BEEA4B1CF6291D6_000074_00.wav,inputs/gold/case_0075_20260629_104011_926_Alfie_Line_D80D638B4BB58C458BEEA4B1CF6291D6_000074_00,1,
case_0077_20260629_104024_884_Alfie_Line_D80D638B4BB58C458BEEA4B1CF6291D6_000076_00,recorded,alfie,existing_corpus_v1,recreation,alfie,770880301,,,inputs/transcripts/case_0077_20260629_104024_884_Alfie_Line_D80D638B4BB58C458BEEA4B1CF6291D6_000076_00.txt,inputs/wav/case_0077_20260629_104024_884_Alfie_Line_D80D638B4BB58C458BEEA4B1CF6291D6_000076_00.wav,inputs/gold/case_0077_20260629_104024_884_Alfie_Line_D80D638B4BB58C458BEEA4B1CF6291D6_000076_00,1,
case_0078_20260629_104035_184_Alfie_Line_D80D638B4BB58C458BEEA4B1CF6291D6_000077_00,recorded,alfie,existing_corpus_v1,recreation,priestley,1152084477,,,inputs/transcripts/case_0078_20260629_104035_184_Alfie_Line_D80D638B4BB58C458BEEA4B1CF6291D6_000077_00.txt,inputs/wav/case_0078_20260629_104035_184_Alfie_Line_D80D638B4BB58C458BEEA4B1CF6291D6_000077_00.wav,inputs/gold/case_0078_20260629_104035_184_Alfie_Line_D80D638B4BB58C458BEEA4B1CF6291D6_000077_00,1,
case_0079_20260629_104042_251_Alfie_Line_D80D638B4BB58C458BEEA4B1CF6291D6_000078_00,recorded,alfie,existing_corpus_v1,recreation,priestley,1221093221,,,inputs/transcripts/case_0079_20260629_104042_251_Alfie_Line_D80D638B4BB58C458BEEA4B1CF6291D6_000078_00.txt,inputs/wav/case_0079_20260629_104042_251_Alfie_Line_D80D638B4BB58C458BEEA4B1CF6291D6_000078_00.wav,inputs/gold/case_0079_20260629_104042_251_Alfie_Line_D80D638B4BB58C458BEEA4B1CF6291D6_000078_00,1,
case_0080_20260629_104049_772_Alfie_Line_D80D638B4BB58C458BEEA4B1CF6291D6_000079_00,recorded,alfie,existing_corpus_v1,recreation,lana,1129318572,,,inputs/transcripts/case_0080_20260629_104049_772_Alfie_Line_D80D638B4BB58C458BEEA4B1CF6291D6_000079_00.txt,inputs/wav/case_0080_20260629_104049_772_Alfie_Line_D80D638B4BB58C458BEEA4B1CF6291D6_000079_00.wav,inputs/gold/case_0080_20260629_104049_772_Alfie_Line_D80D638B4BB58C458BEEA4B1CF6291D6_000079_00,1,
case_0081_20260629_104056_615_Alfie_Line_D80D638B4BB58C458BEEA4B1CF6291D6_000080_00,recorded,alfie,existing_corpus_v1,recreation,alfie,873794812,,,inputs/transcripts/case_0081_20260629_104056_615_Alfie_Line_D80D638B4BB58C458BEEA4B1CF6291D6_000080_00.txt,inputs/wav/case_0081_20260629_104056_615_Alfie_Line_D80D638B4BB58C458BEEA4B1CF6291D6_000080_00.wav,inputs/gold/case_0081_20260629_104056_615_Alfie_Line_D80D638B4BB58C458BEEA4B1CF6291D6_000080_00,1,
case_0082_20260629_104104_640_Alfie_Line_D80D638B4BB58C458BEEA4B1CF6291D6_000081_00,recorded,alfie,existing_corpus_v1,recreation,alfie,316573953,,,inputs/transcripts/case_0082_20260629_104104_640_Alfie_Line_D80D638B4BB58C458BEEA4B1CF6291D6_000081_00.txt,inputs/wav/case_0082_20260629_104104_640_Alfie_Line_D80D638B4BB58C458BEEA4B1CF6291D6_000081_00.wav,inputs/gold/case_0082_20260629_104104_640_Alfie_Line_D80D638B4BB58C458BEEA4B1CF6291D6_000081_00,1,
case_0083_20260629_104152_081_Alfie_Line_D80D638B4BB58C458BEEA4B1CF6291D6_000083_00,recorded,alfie,existing_corpus_v1,recreation,priestley2,1614243909,,,inputs/transcripts/case_0083_20260629_104152_081_Alfie_Line_D80D638B4BB58C458BEEA4B1CF6291D6_000083_00.txt,inputs/wav/case_0083_20260629_104152_081_Alfie_Line_D80D638B4BB58C458BEEA4B1CF6291D6_000083_00.wav,inputs/gold/case_0083_20260629_104152_081_Alfie_Line_D80D638B4BB58C458BEEA4B1CF6291D6_000083_00,1,
case_0084_20260629_104205_560_Alfie_Line_D80D638B4BB58C458BEEA4B1CF6291D6_000084_00,recorded,alfie,existing_corpus_v1,recreation,alfie,847776679,,,inputs/transcripts/case_0084_20260629_104205_560_Alfie_Line_D80D638B4BB58C458BEEA4B1CF6291D6_000084_00.txt,inputs/wav/case_0084_20260629_104205_560_Alfie_Line_D80D638B4BB58C458BEEA4B1CF6291D6_000084_00.wav,inputs/gold/case_0084_20260629_104205_560_Alfie_Line_D80D638B4BB58C458BEEA4B1CF6291D6_000084_00,1,
case_0085_20260629_104213_497_Alfie_Line_D80D638B4BB58C458BEEA4B1CF6291D6_000085_00,recorded,alfie,existing_corpus_v1,recreation,lana,1276746817,,,inputs/transcripts/case_0085_20260629_104213_497_Alfie_Line_D80D638B4BB58C458BEEA4B1CF6291D6_000085_00.txt,inputs/wav/case_0085_20260629_104213_497_Alfie_Line_D80D638B4BB58C458BEEA4B1CF6291D6_000085_00.wav,inputs/gold/case_0085_20260629_104213_497_Alfie_Line_D80D638B4BB58C458BEEA4B1CF6291D6_000085_00,1,
case_0086_20260629_104220_891_Alfie_Line_D80D638B4BB58C458BEEA4B1CF6291D6_000086_00,recorded,alfie,existing_corpus_v1,recreation,lana,1706876496,,,inputs/transcripts/case_0086_20260629_104220_891_Alfie_Line_D80D638B4BB58C458BEEA4B1CF6291D6_000086_00.txt,inputs/wav/case_0086_20260629_104220_891_Alfie_Line_D80D638B4BB58C458BEEA4B1CF6291D6_000086_00.wav,inputs/gold/case_0086_20260629_104220_891_Alfie_Line_D80D638B4BB58C458BEEA4B1CF6291D6_000086_00,1,
case_0087_20260629_104236_618_Alfie_Line_D80D638B4BB58C458BEEA4B1CF6291D6_000087_00,recorded,alfie,existing_corpus_v1,recreation,lana,67470743,,,inputs/transcripts/case_0087_20260629_104236_618_Alfie_Line_D80D638B4BB58C458BEEA4B1CF6291D6_000087_00.txt,inputs/wav/case_0087_20260629_104236_618_Alfie_Line_D80D638B4BB58C458BEEA4B1CF6291D6_000087_00.wav,inputs/gold/case_0087_20260629_104236_618_Alfie_Line_D80D638B4BB58C458BEEA4B1CF6291D6_000087_00,1,
case_0088_20260629_104243_189_Alfie_Line_D80D638B4BB58C458BEEA4B1CF6291D6_000088_00,recorded,alfie,existing_corpus_v1,recreation,priestley2,604923949,,,inputs/transcripts/case_0088_20260629_104243_189_Alfie_Line_D80D638B4BB58C458BEEA4B1CF6291D6_000088_00.txt,inputs/wav/case_0088_20260629_104243_189_Alfie_Line_D80D638B4BB58C458BEEA4B1CF6291D6_000088_00.wav,inputs/gold/case_0088_20260629_104243_189_Alfie_Line_D80D638B4BB58C458BEEA4B1CF6291D6_000088_00,1,
case_0089_20260629_104253_186_Alfie_Line_D80D638B4BB58C458BEEA4B1CF6291D6_000089_00,recorded,alfie,existing_corpus_v1,recreation,priestley2,1677103510,,,inputs/transcripts/case_0089_20260629_104253_186_Alfie_Line_D80D638B4BB58C458BEEA4B1CF6291D6_000089_00.txt,inputs/wav/case_0089_20260629_104253_186_Alfie_Line_D80D638B4BB58C458BEEA4B1CF6291D6_000089_00.wav,inputs/gold/case_0089_20260629_104253_186_Alfie_Line_D80D638B4BB58C458BEEA4B1CF6291D6_000089_00,1,
case_0090_20260629_104310_368_Alfie_Line_D80D638B4BB58C458BEEA4B1CF6291D6_000090_00,recorded,alfie,existing_corpus_v1,recreation,priestley2,202060833,,,inputs/transcripts/case_0090_20260629_104310_368_Alfie_Line_D80D638B4BB58C458BEEA4B1CF6291D6_000090_00.txt,inputs/wav/case_0090_20260629_104310_368_Alfie_Line_D80D638B4BB58C458BEEA4B1CF6291D6_000090_00.wav,inputs/gold/case_0090_20260629_104310_368_Alfie_Line_D80D638B4BB58C458BEEA4B1CF6291D6_000090_00,1,
case_0091_20260629_104326_164_Alfie_Line_D80D638B4BB58C458BEEA4B1CF6291D6_000091_00,recorded,alfie,existing_corpus_v1,recreation,priestley,1316802915,,,inputs/transcripts/case_0091_20260629_104326_164_Alfie_Line_D80D638B4BB58C458BEEA4B1CF6291D6_000091_00.txt,inputs/wav/case_0091_20260629_104326_164_Alfie_Line_D80D638B4BB58C458BEEA4B1CF6291D6_000091_00.wav,inputs/gold/case_0091_20260629_104326_164_Alfie_Line_D80D638B4BB58C458BEEA4B1CF6291D6_000091_00,1,
case_0093_20260629_104341_467_Alfie_Line_D80D638B4BB58C458BEEA4B1CF6291D6_000093_00,recorded,alfie,existing_corpus_v1,recreation,priestley,2076822449,,,inputs/transcripts/case_0093_20260629_104341_467_Alfie_Line_D80D638B4BB58C458BEEA4B1CF6291D6_000093_00.txt,inputs/wav/case_0093_20260629_104341_467_Alfie_Line_D80D638B4BB58C458BEEA4B1CF6291D6_000093_00.wav,inputs/gold/case_0093_20260629_104341_467_Alfie_Line_D80D638B4BB58C458BEEA4B1CF6291D6_000093_00,1,
case_0094_20260629_104347_149_Alfie_Line_D80D638B4BB58C458BEEA4B1CF6291D6_000094_00,recorded,alfie,existing_corpus_v1,recreation,lana,1120655007,,,inputs/transcripts/case_0094_20260629_104347_149_Alfie_Line_D80D638B4BB58C458BEEA4B1CF6291D6_000094_00.txt,inputs/wav/case_0094_20260629_104347_149_Alfie_Line_D80D638B4BB58C458BEEA4B1CF6291D6_000094_00.wav,inputs/gold/case_0094_20260629_104347_149_Alfie_Line_D80D638B4BB58C458BEEA4B1CF6291D6_000094_00,1,
case_0095_20260629_104354_201_Alfie_Line_D80D638B4BB58C458BEEA4B1CF6291D6_000095_00,recorded,alfie,existing_corpus_v1,recreation,priestley2,1755459588,,,inputs/transcripts/case_0095_20260629_104354_201_Alfie_Line_D80D638B4BB58C458BEEA4B1CF6291D6_000095_00.txt,inputs/wav/case_0095_20260629_104354_201_Alfie_Line_D80D638B4BB58C458BEEA4B1CF6291D6_000095_00.wav,inputs/gold/case_0095_20260629_104354_201_Alfie_Line_D80D638B4BB58C458BEEA4B1CF6291D6_000095_00,1,
case_0096_20260629_104403_462_Alfie_Line_D80D638B4BB58C458BEEA4B1CF6291D6_000096_00,recorded,alfie,existing_corpus_v1,recreation,priestley2,1442941659,,,inputs/transcripts/case_0096_20260629_104403_462_Alfie_Line_D80D638B4BB58C458BEEA4B1CF6291D6_000096_00.txt,inputs/wav/case_0096_20260629_104403_462_Alfie_Line_D80D638B4BB58C458BEEA4B1CF6291D6_000096_00.wav,inputs/gold/case_0096_20260629_104403_462_Alfie_Line_D80D638B4BB58C458BEEA4B1CF6291D6_000096_00,1,
case_0097_20260629_104413_797_Alfie_Line_D80D638B4BB58C458BEEA4B1CF6291D6_000097_00,recorded,alfie,existing_corpus_v1,recreation,lana,1385633883,,,inputs/transcripts/case_0097_20260629_104413_797_Alfie_Line_D80D638B4BB58C458BEEA4B1CF6291D6_000097_00.txt,inputs/wav/case_0097_20260629_104413_797_Alfie_Line_D80D638B4BB58C458BEEA4B1CF6291D6_000097_00.wav,inputs/gold/case_0097_20260629_104413_797_Alfie_Line_D80D638B4BB58C458BEEA4B1CF6291D6_000097_00,1,
case_0098_20260629_104421_809_Alfie_Line_D80D638B4BB58C458BEEA4B1CF6291D6_000098_00,recorded,alfie,existing_corpus_v1,recreation,alfie,1795946267,,,inputs/transcripts/case_0098_20260629_104421_809_Alfie_Line_D80D638B4BB58C458BEEA4B1CF6291D6_000098_00.txt,inputs/wav/case_0098_20260629_104421_809_Alfie_Line_D80D638B4BB58C458BEEA4B1CF6291D6_000098_00.wav,inputs/gold/case_0098_20260629_104421_809_Alfie_Line_D80D638B4BB58C458BEEA4B1CF6291D6_000098_00,1,
case_0099_20260629_104429_509_Alfie_Line_D80D638B4BB58C458BEEA4B1CF6291D6_000099_00,recorded,alfie,existing_corpus_v1,recreation,lana,2016493513,,,inputs/transcripts/case_0099_20260629_104429_509_Alfie_Line_D80D638B4BB58C458BEEA4B1CF6291D6_000099_00.txt,inputs/wav/case_0099_20260629_104429_509_Alfie_Line_D80D638B4BB58C458BEEA4B1CF6291D6_000099_00.wav,inputs/gold/case_0099_20260629_104429_509_Alfie_Line_D80D638B4BB58C458BEEA4B1CF6291D6_000099_00,1,
case_0100_20260629_104445_090_Alfie_Line_D80D638B4BB58C458BEEA4B1CF6291D6_000100_00,recorded,alfie,existing_corpus_v1,recreation,lana,1029898368,,,inputs/transcripts/case_0100_20260629_104445_090_Alfie_Line_D80D638B4BB58C458BEEA4B1CF6291D6_000100_00.txt,inputs/wav/case_0100_20260629_104445_090_Alfie_Line_D80D638B4BB58C458BEEA4B1CF6291D6_000100_00.wav,inputs/gold/case_0100_20260629_104445_090_Alfie_Line_D80D638B4BB58C458BEEA4B1CF6291D6_000100_00,1,
case_0101_20260629_104453_591_Alfie_Line_D80D638B4BB58C458BEEA4B1CF6291D6_000101_00,recorded,alfie,existing_corpus_v1,recreation,priestley2,1379458804,,,inputs/transcripts/case_0101_20260629_104453_591_Alfie_Line_D80D638B4BB58C458BEEA4B1CF6291D6_000101_00.txt,inputs/wav/case_0101_20260629_104453_591_Alfie_Line_D80D638B4BB58C458BEEA4B1CF6291D6_000101_00.wav,inputs/gold/case_0101_20260629_104453_591_Alfie_Line_D80D638B4BB58C458BEEA4B1CF6291D6_000101_00,1,
case_0102_20260629_104502_054_Alfie_Line_D80D638B4BB58C458BEEA4B1CF6291D6_000102_00,recorded,alfie,existing_corpus_v1,recreation,alfie,709756397,,,inputs/transcripts/case_0102_20260629_104502_054_Alfie_Line_D80D638B4BB58C458BEEA4B1CF6291D6_000102_00.txt,inputs/wav/case_0102_20260629_104502_054_Alfie_Line_D80D638B4BB58C458BEEA4B1CF6291D6_000102_00.wav,inputs/gold/case_0102_20260629_104502_054_Alfie_Line_D80D638B4BB58C458BEEA4B1CF6291D6_000102_00,1,
case_0103_20260629_104510_162_Alfie_Line_D80D638B4BB58C458BEEA4B1CF6291D6_000103_00,recorded,alfie,existing_corpus_v1,recreation,priestley2,466912092,,,inputs/transcripts/case_0103_20260629_104510_162_Alfie_Line_D80D638B4BB58C458BEEA4B1CF6291D6_000103_00.txt,inputs/wav/case_0103_20260629_104510_162_Alfie_Line_D80D638B4BB58C458BEEA4B1CF6291D6_000103_00.wav,inputs/gold/case_0103_20260629_104510_162_Alfie_Line_D80D638B4BB58C458BEEA4B1CF6291D6_000103_00,1,
case_0104_20260629_104517_381_Alfie_Line_D80D638B4BB58C458BEEA4B1CF6291D6_000104_00,recorded,alfie,existing_corpus_v1,recreation,lana,509189863,,,inputs/transcripts/case_0104_20260629_104517_381_Alfie_Line_D80D638B4BB58C458BEEA4B1CF6291D6_000104_00.txt,inputs/wav/case_0104_20260629_104517_381_Alfie_Line_D80D638B4BB58C458BEEA4B1CF6291D6_000104_00.wav,inputs/gold/case_0104_20260629_104517_381_Alfie_Line_D80D638B4BB58C458BEEA4B1CF6291D6_000104_00,1,
case_0105_20260629_104735_128_Alfie_Line_D80D638B4BB58C458BEEA4B1CF6291D6_000105_00,recorded,alfie,existing_corpus_v1,recreation,priestley2,984147653,,,inputs/transcripts/case_0105_20260629_104735_128_Alfie_Line_D80D638B4BB58C458BEEA4B1CF6291D6_000105_00.txt,inputs/wav/case_0105_20260629_104735_128_Alfie_Line_D80D638B4BB58C458BEEA4B1CF6291D6_000105_00.wav,inputs/gold/case_0105_20260629_104735_128_Alfie_Line_D80D638B4BB58C458BEEA4B1CF6291D6_000105_00,1,
case_0106_20260629_104751_112_Alfie_Line_D80D638B4BB58C458BEEA4B1CF6291D6_000106_00,recorded,alfie,existing_corpus_v1,recreation,lana,664459311,,,inputs/transcripts/case_0106_20260629_104751_112_Alfie_Line_D80D638B4BB58C458BEEA4B1CF6291D6_000106_00.txt,inputs/wav/case_0106_20260629_104751_112_Alfie_Line_D80D638B4BB58C458BEEA4B1CF6291D6_000106_00.wav,inputs/gold/case_0106_20260629_104751_112_Alfie_Line_D80D638B4BB58C458BEEA4B1CF6291D6_000106_00,1,
case_0107_20260704_185728_613_Alfie_Line_8A2D9A5C4EFA084BB1AA34B971BD7F2D_000000_00,recorded,alfie,existing_corpus_v1,recreation,alfie,70520129,,,inputs/transcripts/case_0107_20260704_185728_613_Alfie_Line_8A2D9A5C4EFA084BB1AA34B971BD7F2D_000000_00.txt,inputs/wav/case_0107_20260704_185728_613_Alfie_Line_8A2D9A5C4EFA084BB1AA34B971BD7F2D_000000_00.wav,inputs/gold/case_0107_20260704_185728_613_Alfie_Line_8A2D9A5C4EFA084BB1AA34B971BD7F2D_000000_00,1,
case_0108_20260704_185734_954_Alfie_Line_8A2D9A5C4EFA084BB1AA34B971BD7F2D_000001_00,recorded,alfie,existing_corpus_v1,recreation,priestley2,1844074979,,,inputs/transcripts/case_0108_20260704_185734_954_Alfie_Line_8A2D9A5C4EFA084BB1AA34B971BD7F2D_000001_00.txt,inputs/wav/case_0108_20260704_185734_954_Alfie_Line_8A2D9A5C4EFA084BB1AA34B971BD7F2D_000001_00.wav,inputs/gold/case_0108_20260704_185734_954_Alfie_Line_8A2D9A5C4EFA084BB1AA34B971BD7F2D_000001_00,1,
case_0109_20260704_185746_021_Alfie_Line_8A2D9A5C4EFA084BB1AA34B971BD7F2D_000002_00,recorded,alfie,existing_corpus_v1,recreation,alfie,67563768,,,inputs/transcripts/case_0109_20260704_185746_021_Alfie_Line_8A2D9A5C4EFA084BB1AA34B971BD7F2D_000002_00.txt,inputs/wav/case_0109_20260704_185746_021_Alfie_Line_8A2D9A5C4EFA084BB1AA34B971BD7F2D_000002_00.wav,inputs/gold/case_0109_20260704_185746_021_Alfie_Line_8A2D9A5C4EFA084BB1AA34B971BD7F2D_000002_00,1,
case_0110_20260704_185754_056_Alfie_Line_8A2D9A5C4EFA084BB1AA34B971BD7F2D_000003_00,recorded,alfie,existing_corpus_v1,recreation,lana,675251052,,,inputs/transcripts/case_0110_20260704_185754_056_Alfie_Line_8A2D9A5C4EFA084BB1AA34B971BD7F2D_000003_00.txt,inputs/wav/case_0110_20260704_185754_056_Alfie_Line_8A2D9A5C4EFA084BB1AA34B971BD7F2D_000003_00.wav,inputs/gold/case_0110_20260704_185754_056_Alfie_Line_8A2D9A5C4EFA084BB1AA34B971BD7F2D_000003_00,1,
case_0111_20260704_185805_580_Alfie_Line_8A2D9A5C4EFA084BB1AA34B971BD7F2D_000004_00,recorded,alfie,existing_corpus_v1,recreation,priestley,2051082529,,,inputs/transcripts/case_0111_20260704_185805_580_Alfie_Line_8A2D9A5C4EFA084BB1AA34B971BD7F2D_000004_00.txt,inputs/wav/case_0111_20260704_185805_580_Alfie_Line_8A2D9A5C4EFA084BB1AA34B971BD7F2D_000004_00.wav,inputs/gold/case_0111_20260704_185805_580_Alfie_Line_8A2D9A5C4EFA084BB1AA34B971BD7F2D_000004_00,1,
case_0112_20260711_150114_730_Alfie_Line_ADBFA7D947B19367167E629907BA596B_000000_00,recorded,alfie,existing_corpus_v1,recreation,priestley,1419597189,,,inputs/transcripts/case_0112_20260711_150114_730_Alfie_Line_ADBFA7D947B19367167E629907BA596B_000000_00.txt,inputs/wav/case_0112_20260711_150114_730_Alfie_Line_ADBFA7D947B19367167E629907BA596B_000000_00.wav,inputs/gold/case_0112_20260711_150114_730_Alfie_Line_ADBFA7D947B19367167E629907BA596B_000000_00,1,
case_0113_20260711_150122_822_Alfie_Line_ADBFA7D947B19367167E629907BA596B_000001_00,recorded,alfie,existing_corpus_v1,recreation,alfie,2052179053,,,inputs/transcripts/case_0113_20260711_150122_822_Alfie_Line_ADBFA7D947B19367167E629907BA596B_000001_00.txt,inputs/wav/case_0113_20260711_150122_822_Alfie_Line_ADBFA7D947B19367167E629907BA596B_000001_00.wav,inputs/gold/case_0113_20260711_150122_822_Alfie_Line_ADBFA7D947B19367167E629907BA596B_000001_00,1,
case_0114_20260711_150131_112_Alfie_Line_ADBFA7D947B19367167E629907BA596B_000002_00,recorded,alfie,existing_corpus_v1,recreation,priestley2,1960346594,,,inputs/transcripts/case_0114_20260711_150131_112_Alfie_Line_ADBFA7D947B19367167E629907BA596B_000002_00.txt,inputs/wav/case_0114_20260711_150131_112_Alfie_Line_ADBFA7D947B19367167E629907BA596B_000002_00.wav,inputs/gold/case_0114_20260711_150131_112_Alfie_Line_ADBFA7D947B19367167E629907BA596B_000002_00,1,
case_0115_20260711_150140_242_Alfie_Line_ADBFA7D947B19367167E629907BA596B_000003_00,recorded,alfie,existing_corpus_v1,recreation,lana,56473698,,,inputs/transcripts/case_0115_20260711_150140_242_Alfie_Line_ADBFA7D947B19367167E629907BA596B_000003_00.txt,inputs/wav/case_0115_20260711_150140_242_Alfie_Line_ADBFA7D947B19367167E629907BA596B_000003_00.wav,inputs/gold/case_0115_20260711_150140_242_Alfie_Line_ADBFA7D947B19367167E629907BA596B_000003_00,1,
case_0116_20260711_150146_874_Alfie_Line_ADBFA7D947B19367167E629907BA596B_000004_00,recorded,alfie,existing_corpus_v1,recreation,lana,957904728,,,inputs/transcripts/case_0116_20260711_150146_874_Alfie_Line_ADBFA7D947B19367167E629907BA596B_000004_00.txt,inputs/wav/case_0116_20260711_150146_874_Alfie_Line_ADBFA7D947B19367167E629907BA596B_000004_00.wav,inputs/gold/case_0116_20260711_150146_874_Alfie_Line_ADBFA7D947B19367167E629907BA596B_000004_00,1,
case_0117_20260711_150154_861_Alfie_Line_ADBFA7D947B19367167E629907BA596B_000005_00,recorded,alfie,existing_corpus_v1,recreation,lana,1868625322,,,inputs/transcripts/case_0117_20260711_150154_861_Alfie_Line_ADBFA7D947B19367167E629907BA596B_000005_00.txt,inputs/wav/case_0117_20260711_150154_861_Alfie_Line_ADBFA7D947B19367167E629907BA596B_000005_00.wav,inputs/gold/case_0117_20260711_150154_861_Alfie_Line_ADBFA7D947B19367167E629907BA596B_000005_00,1,
case_0118_20260711_150204_811_Alfie_Line_ADBFA7D947B19367167E629907BA596B_000006_00,recorded,alfie,existing_corpus_v1,recreation,priestley2,1026303195,,,inputs/transcripts/case_0118_20260711_150204_811_Alfie_Line_ADBFA7D947B19367167E629907BA596B_000006_00.txt,inputs/wav/case_0118_20260711_150204_811_Alfie_Line_ADBFA7D947B19367167E629907BA596B_000006_00.wav,inputs/gold/case_0118_20260711_150204_811_Alfie_Line_ADBFA7D947B19367167E629907BA596B_000006_00,1,
case_0119_20260711_150214_959_Alfie_Line_ADBFA7D947B19367167E629907BA596B_000007_00,recorded,alfie,existing_corpus_v1,recreation,alfie,439026326,,,inputs/transcripts/case_0119_20260711_150214_959_Alfie_Line_ADBFA7D947B19367167E629907BA596B_000007_00.txt,inputs/wav/case_0119_20260711_150214_959_Alfie_Line_ADBFA7D947B19367167E629907BA596B_000007_00.wav,inputs/gold/case_0119_20260711_150214_959_Alfie_Line_ADBFA7D947B19367167E629907BA596B_000007_00,1,
case_0120_20260711_150225_468_Alfie_Line_ADBFA7D947B19367167E629907BA596B_000008_00,recorded,alfie,existing_corpus_v1,recreation,priestley,111271226,,,inputs/transcripts/case_0120_20260711_150225_468_Alfie_Line_ADBFA7D947B19367167E629907BA596B_000008_00.txt,inputs/wav/case_0120_20260711_150225_468_Alfie_Line_ADBFA7D947B19367167E629907BA596B_000008_00.wav,inputs/gold/case_0120_20260711_150225_468_Alfie_Line_ADBFA7D947B19367167E629907BA596B_000008_00,1,
case_0121_20260711_150235_687_Alfie_Line_ADBFA7D947B19367167E629907BA596B_000009_00,recorded,alfie,existing_corpus_v1,recreation,alfie,1649762767,,,inputs/transcripts/case_0121_20260711_150235_687_Alfie_Line_ADBFA7D947B19367167E629907BA596B_000009_00.txt,inputs/wav/case_0121_20260711_150235_687_Alfie_Line_ADBFA7D947B19367167E629907BA596B_000009_00.wav,inputs/gold/case_0121_20260711_150235_687_Alfie_Line_ADBFA7D947B19367167E629907BA596B_000009_00,1,
case_0122_20260711_150244_083_Alfie_Line_ADBFA7D947B19367167E629907BA596B_000010_00,recorded,alfie,existing_corpus_v1,recreation,alfie,965719562,,,inputs/transcripts/case_0122_20260711_150244_083_Alfie_Line_ADBFA7D947B19367167E629907BA596B_000010_00.txt,inputs/wav/case_0122_20260711_150244_083_Alfie_Line_ADBFA7D947B19367167E629907BA596B_000010_00.wav,inputs/gold/case_0122_20260711_150244_083_Alfie_Line_ADBFA7D947B19367167E629907BA596B_000010_00,1,
case_0123_20260711_150255_461_Alfie_Line_ADBFA7D947B19367167E629907BA596B_000011_00,recorded,alfie,existing_corpus_v1,recreation,priestley,1042579020,,,inputs/transcripts/case_0123_20260711_150255_461_Alfie_Line_ADBFA7D947B19367167E629907BA596B_000011_00.txt,inputs/wav/case_0123_20260711_150255_461_Alfie_Line_ADBFA7D947B19367167E629907BA596B_000011_00.wav,inputs/gold/case_0123_20260711_150255_461_Alfie_Line_ADBFA7D947B19367167E629907BA596B_000011_00,1,
case_0124_20260711_150304_265_Alfie_Line_ADBFA7D947B19367167E629907BA596B_000012_00,recorded,alfie,existing_corpus_v1,recreation,priestley,451822630,,,inputs/transcripts/case_0124_20260711_150304_265_Alfie_Line_ADBFA7D947B19367167E629907BA596B_000012_00.txt,inputs/wav/case_0124_20260711_150304_265_Alfie_Line_ADBFA7D947B19367167E629907BA596B_000012_00.wav,inputs/gold/case_0124_20260711_150304_265_Alfie_Line_ADBFA7D947B19367167E629907BA596B_000012_00,1,
case_0125_20260711_150314_183_Alfie_Line_ADBFA7D947B19367167E629907BA596B_000013_00,recorded,alfie,existing_corpus_v1,recreation,priestley2,2085972981,,,inputs/transcripts/case_0125_20260711_150314_183_Alfie_Line_ADBFA7D947B19367167E629907BA596B_000013_00.txt,inputs/wav/case_0125_20260711_150314_183_Alfie_Line_ADBFA7D947B19367167E629907BA596B_000013_00.wav,inputs/gold/case_0125_20260711_150314_183_Alfie_Line_ADBFA7D947B19367167E629907BA596B_000013_00,1,
case_0126_20260711_150326_316_Alfie_Line_ADBFA7D947B19367167E629907BA596B_000014_00,recorded,alfie,existing_corpus_v1,recreation,priestley,1867498221,,,inputs/transcripts/case_0126_20260711_150326_316_Alfie_Line_ADBFA7D947B19367167E629907BA596B_000014_00.txt,inputs/wav/case_0126_20260711_150326_316_Alfie_Line_ADBFA7D947B19367167E629907BA596B_000014_00.wav,inputs/gold/case_0126_20260711_150326_316_Alfie_Line_ADBFA7D947B19367167E629907BA596B_000014_00,1,
case_0127_20260711_150336_208_Alfie_Line_ADBFA7D947B19367167E629907BA596B_000015_00,recorded,alfie,existing_corpus_v1,recreation,lana,1395378167,,,inputs/transcripts/case_0127_20260711_150336_208_Alfie_Line_ADBFA7D947B19367167E629907BA596B_000015_00.txt,inputs/wav/case_0127_20260711_150336_208_Alfie_Line_ADBFA7D947B19367167E629907BA596B_000015_00.wav,inputs/gold/case_0127_20260711_150336_208_Alfie_Line_ADBFA7D947B19367167E629907BA596B_000015_00,1,
case_0128_20260711_150345_967_Alfie_Line_ADBFA7D947B19367167E629907BA596B_000016_00,recorded,alfie,existing_corpus_v1,recreation,lana,165114868,,,inputs/transcripts/case_0128_20260711_150345_967_Alfie_Line_ADBFA7D947B19367167E629907BA596B_000016_00.txt,inputs/wav/case_0128_20260711_150345_967_Alfie_Line_ADBFA7D947B19367167E629907BA596B_000016_00.wav,inputs/gold/case_0128_20260711_150345_967_Alfie_Line_ADBFA7D947B19367167E629907BA596B_000016_00,1,
case_0129_20260711_150354_930_Alfie_Line_ADBFA7D947B19367167E629907BA596B_000017_00,recorded,alfie,existing_corpus_v1,recreation,priestley2,786692553,,,inputs/transcripts/case_0129_20260711_150354_930_Alfie_Line_ADBFA7D947B19367167E629907BA596B_000017_00.txt,inputs/wav/case_0129_20260711_150354_930_Alfie_Line_ADBFA7D947B19367167E629907BA596B_000017_00.wav,inputs/gold/case_0129_20260711_150354_930_Alfie_Line_ADBFA7D947B19367167E629907BA596B_000017_00,1,
case_0130_20260711_150404_166_Alfie_Line_ADBFA7D947B19367167E629907BA596B_000018_00,recorded,alfie,existing_corpus_v1,recreation,alfie,1413737230,,,inputs/transcripts/case_0130_20260711_150404_166_Alfie_Line_ADBFA7D947B19367167E629907BA596B_000018_00.txt,inputs/wav/case_0130_20260711_150404_166_Alfie_Line_ADBFA7D947B19367167E629907BA596B_000018_00.wav,inputs/gold/case_0130_20260711_150404_166_Alfie_Line_ADBFA7D947B19367167E629907BA596B_000018_00,1,
case_0131_20260711_150414_038_Alfie_Line_ADBFA7D947B19367167E629907BA596B_000019_00,recorded,alfie,existing_corpus_v1,recreation,lana,1987819037,,,inputs/transcripts/case_0131_20260711_150414_038_Alfie_Line_ADBFA7D947B19367167E629907BA596B_000019_00.txt,inputs/wav/case_0131_20260711_150414_038_Alfie_Line_ADBFA7D947B19367167E629907BA596B_000019_00.wav,inputs/gold/case_0131_20260711_150414_038_Alfie_Line_ADBFA7D947B19367167E629907BA596B_000019_00,1,
case_0132_20260711_150423_084_Alfie_Line_ADBFA7D947B19367167E629907BA596B_000020_00,recorded,alfie,existing_corpus_v1,recreation,lana,1390488098,,,inputs/transcripts/case_0132_20260711_150423_084_Alfie_Line_ADBFA7D947B19367167E629907BA596B_000020_00.txt,inputs/wav/case_0132_20260711_150423_084_Alfie_Line_ADBFA7D947B19367167E629907BA596B_000020_00.wav,inputs/gold/case_0132_20260711_150423_084_Alfie_Line_ADBFA7D947B19367167E629907BA596B_000020_00,1,
case_0133_20260711_150432_173_Alfie_Line_ADBFA7D947B19367167E629907BA596B_000021_00,recorded,alfie,existing_corpus_v1,recreation,lana,2139608002,,,inputs/transcripts/case_0133_20260711_150432_173_Alfie_Line_ADBFA7D947B19367167E629907BA596B_000021_00.txt,inputs/wav/case_0133_20260711_150432_173_Alfie_Line_ADBFA7D947B19367167E629907BA596B_000021_00.wav,inputs/gold/case_0133_20260711_150432_173_Alfie_Line_ADBFA7D947B19367167E629907BA596B_000021_00,1,
case_0134_20260711_150443_093_Alfie_Line_ADBFA7D947B19367167E629907BA596B_000022_00,recorded,alfie,existing_corpus_v1,recreation,lana,960672842,,,inputs/transcripts/case_0134_20260711_150443_093_Alfie_Line_ADBFA7D947B19367167E629907BA596B_000022_00.txt,inputs/wav/case_0134_20260711_150443_093_Alfie_Line_ADBFA7D947B19367167E629907BA596B_000022_00.wav,inputs/gold/case_0134_20260711_150443_093_Alfie_Line_ADBFA7D947B19367167E629907BA596B_000022_00,1,
case_0135_20260711_150455_815_Alfie_Line_ADBFA7D947B19367167E629907BA596B_000023_00,recorded,alfie,existing_corpus_v1,recreation,alfie,1460516527,,,inputs/transcripts/case_0135_20260711_150455_815_Alfie_Line_ADBFA7D947B19367167E629907BA596B_000023_00.txt,inputs/wav/case_0135_20260711_150455_815_Alfie_Line_ADBFA7D947B19367167E629907BA596B_000023_00.wav,inputs/gold/case_0135_20260711_150455_815_Alfie_Line_ADBFA7D947B19367167E629907BA596B_000023_00,1,
case_0136_20260711_150505_489_Alfie_Line_ADBFA7D947B19367167E629907BA596B_000024_00,recorded,alfie,existing_corpus_v1,recreation,priestley,906821833,,,inputs/transcripts/case_0136_20260711_150505_489_Alfie_Line_ADBFA7D947B19367167E629907BA596B_000024_00.txt,inputs/wav/case_0136_20260711_150505_489_Alfie_Line_ADBFA7D947B19367167E629907BA596B_000024_00.wav,inputs/gold/case_0136_20260711_150505_489_Alfie_Line_ADBFA7D947B19367167E629907BA596B_000024_00,1,
case_0137_20260711_150524_890_Alfie_Line_ADBFA7D947B19367167E629907BA596B_000025_00,recorded,alfie,existing_corpus_v1,recreation,lana,883588093,,,inputs/transcripts/case_0137_20260711_150524_890_Alfie_Line_ADBFA7D947B19367167E629907BA596B_000025_00.txt,inputs/wav/case_0137_20260711_150524_890_Alfie_Line_ADBFA7D947B19367167E629907BA596B_000025_00.wav,inputs/gold/case_0137_20260711_150524_890_Alfie_Line_ADBFA7D947B19367167E629907BA596B_000025_00,1,
case_0138_20260711_150545_135_Alfie_Line_ADBFA7D947B19367167E629907BA596B_000026_00,recorded,alfie,existing_corpus_v1,recreation,priestley,840071983,,,inputs/transcripts/case_0138_20260711_150545_135_Alfie_Line_ADBFA7D947B19367167E629907BA596B_000026_00.txt,inputs/wav/case_0138_20260711_150545_135_Alfie_Line_ADBFA7D947B19367167E629907BA596B_000026_00.wav,inputs/gold/case_0138_20260711_150545_135_Alfie_Line_ADBFA7D947B19367167E629907BA596B_000026_00,1,
case_0139_20260711_150556_006_Alfie_Line_ADBFA7D947B19367167E629907BA596B_000027_00,recorded,alfie,existing_corpus_v1,recreation,priestley2,1311135542,,,inputs/transcripts/case_0139_20260711_150556_006_Alfie_Line_ADBFA7D947B19367167E629907BA596B_000027_00.txt,inputs/wav/case_0139_20260711_150556_006_Alfie_Line_ADBFA7D947B19367167E629907BA596B_000027_00.wav,inputs/gold/case_0139_20260711_150556_006_Alfie_Line_ADBFA7D947B19367167E629907BA596B_000027_00,1,
case_0141_20260711_150615_074_Alfie_Line_ADBFA7D947B19367167E629907BA596B_000029_00,recorded,alfie,existing_corpus_v1,recreation,priestley2,1297265081,,,inputs/transcripts/case_0141_20260711_150615_074_Alfie_Line_ADBFA7D947B19367167E629907BA596B_000029_00.txt,inputs/wav/case_0141_20260711_150615_074_Alfie_Line_ADBFA7D947B19367167E629907BA596B_000029_00.wav,inputs/gold/case_0141_20260711_150615_074_Alfie_Line_ADBFA7D947B19367167E629907BA596B_000029_00,1,
case_0142_20260711_150629_279_Alfie_Line_ADBFA7D947B19367167E629907BA596B_000030_00,recorded,alfie,existing_corpus_v1,recreation,lana,958021017,,,inputs/transcripts/case_0142_20260711_150629_279_Alfie_Line_ADBFA7D947B19367167E629907BA596B_000030_00.txt,inputs/wav/case_0142_20260711_150629_279_Alfie_Line_ADBFA7D947B19367167E629907BA596B_000030_00.wav,inputs/gold/case_0142_20260711_150629_279_Alfie_Line_ADBFA7D947B19367167E629907BA596B_000030_00,1,
case_0143_20260711_150637_469_Alfie_Line_ADBFA7D947B19367167E629907BA596B_000031_00,recorded,alfie,existing_corpus_v1,recreation,priestley,548105367,,,inputs/transcripts/case_0143_20260711_150637_469_Alfie_Line_ADBFA7D947B19367167E629907BA596B_000031_00.txt,inputs/wav/case_0143_20260711_150637_469_Alfie_Line_ADBFA7D947B19367167E629907BA596B_000031_00.wav,inputs/gold/case_0143_20260711_150637_469_Alfie_Line_ADBFA7D947B19367167E629907BA596B_000031_00,1,
case_0145_20260711_150656_786_Alfie_Line_ADBFA7D947B19367167E629907BA596B_000033_00,recorded,alfie,existing_corpus_v1,recreation,alfie,1709192422,,,inputs/transcripts/case_0145_20260711_150656_786_Alfie_Line_ADBFA7D947B19367167E629907BA596B_000033_00.txt,inputs/wav/case_0145_20260711_150656_786_Alfie_Line_ADBFA7D947B19367167E629907BA596B_000033_00.wav,inputs/gold/case_0145_20260711_150656_786_Alfie_Line_ADBFA7D947B19367167E629907BA596B_000033_00,1,
case_0146_20260711_150706_500_Alfie_Line_ADBFA7D947B19367167E629907BA596B_000034_00,recorded,alfie,existing_corpus_v1,recreation,priestley,1366070918,,,inputs/transcripts/case_0146_20260711_150706_500_Alfie_Line_ADBFA7D947B19367167E629907BA596B_000034_00.txt,inputs/wav/case_0146_20260711_150706_500_Alfie_Line_ADBFA7D947B19367167E629907BA596B_000034_00.wav,inputs/gold/case_0146_20260711_150706_500_Alfie_Line_ADBFA7D947B19367167E629907BA596B_000034_00,1,
case_0147_20260711_150717_443_Alfie_Line_ADBFA7D947B19367167E629907BA596B_000035_00,recorded,alfie,existing_corpus_v1,recreation,priestley,528920275,,,inputs/transcripts/case_0147_20260711_150717_443_Alfie_Line_ADBFA7D947B19367167E629907BA596B_000035_00.txt,inputs/wav/case_0147_20260711_150717_443_Alfie_Line_ADBFA7D947B19367167E629907BA596B_000035_00.wav,inputs/gold/case_0147_20260711_150717_443_Alfie_Line_ADBFA7D947B19367167E629907BA596B_000035_00,1,
case_0148_20260711_150727_044_Alfie_Line_ADBFA7D947B19367167E629907BA596B_000036_00,recorded,alfie,existing_corpus_v1,recreation,priestley2,208020955,,,inputs/transcripts/case_0148_20260711_150727_044_Alfie_Line_ADBFA7D947B19367167E629907BA596B_000036_00.txt,inputs/wav/case_0148_20260711_150727_044_Alfie_Line_ADBFA7D947B19367167E629907BA596B_000036_00.wav,inputs/gold/case_0148_20260711_150727_044_Alfie_Line_ADBFA7D947B19367167E629907BA596B_000036_00,1,
case_0149_20260711_150735_667_Alfie_Line_ADBFA7D947B19367167E629907BA596B_000037_00,recorded,alfie,existing_corpus_v1,recreation,alfie,1338704549,,,inputs/transcripts/case_0149_20260711_150735_667_Alfie_Line_ADBFA7D947B19367167E629907BA596B_000037_00.txt,inputs/wav/case_0149_20260711_150735_667_Alfie_Line_ADBFA7D947B19367167E629907BA596B_000037_00.wav,inputs/gold/case_0149_20260711_150735_667_Alfie_Line_ADBFA7D947B19367167E629907BA596B_000037_00,1,
case_0150_20260711_150746_523_Alfie_Line_ADBFA7D947B19367167E629907BA596B_000038_00,recorded,alfie,existing_corpus_v1,recreation,alfie,672135850,,,inputs/transcripts/case_0150_20260711_150746_523_Alfie_Line_ADBFA7D947B19367167E629907BA596B_000038_00.txt,inputs/wav/case_0150_20260711_150746_523_Alfie_Line_ADBFA7D947B19367167E629907BA596B_000038_00.wav,inputs/gold/case_0150_20260711_150746_523_Alfie_Line_ADBFA7D947B19367167E629907BA596B_000038_00,1,
case_0151_20260711_150756_506_Alfie_Line_ADBFA7D947B19367167E629907BA596B_000039_00,recorded,alfie,existing_corpus_v1,recreation,priestley2,1749628423,,,inputs/transcripts/case_0151_20260711_150756_506_Alfie_Line_ADBFA7D947B19367167E629907BA596B_000039_00.txt,inputs/wav/case_0151_20260711_150756_506_Alfie_Line_ADBFA7D947B19367167E629907BA596B_000039_00.wav,inputs/gold/case_0151_20260711_150756_506_Alfie_Line_ADBFA7D947B19367167E629907BA596B_000039_00,1,
case_0152_20260711_150808_667_Alfie_Line_ADBFA7D947B19367167E629907BA596B_000040_00,recorded,alfie,existing_corpus_v1,recreation,lana,43666720,,,inputs/transcripts/case_0152_20260711_150808_667_Alfie_Line_ADBFA7D947B19367167E629907BA596B_000040_00.txt,inputs/wav/case_0152_20260711_150808_667_Alfie_Line_ADBFA7D947B19367167E629907BA596B_000040_00.wav,inputs/gold/case_0152_20260711_150808_667_Alfie_Line_ADBFA7D947B19367167E629907BA596B_000040_00,1,
case_0153_20260711_150818_296_Alfie_Line_ADBFA7D947B19367167E629907BA596B_000041_00,recorded,alfie,existing_corpus_v1,recreation,priestley2,2086821946,,,inputs/transcripts/case_0153_20260711_150818_296_Alfie_Line_ADBFA7D947B19367167E629907BA596B_000041_00.txt,inputs/wav/case_0153_20260711_150818_296_Alfie_Line_ADBFA7D947B19367167E629907BA596B_000041_00.wav,inputs/gold/case_0153_20260711_150818_296_Alfie_Line_ADBFA7D947B19367167E629907BA596B_000041_00,1,
case_0154_20260711_150827_087_Alfie_Line_ADBFA7D947B19367167E629907BA596B_000042_00,recorded,alfie,existing_corpus_v1,recreation,lana,1654257334,,,inputs/transcripts/case_0154_20260711_150827_087_Alfie_Line_ADBFA7D947B19367167E629907BA596B_000042_00.txt,inputs/wav/case_0154_20260711_150827_087_Alfie_Line_ADBFA7D947B19367167E629907BA596B_000042_00.wav,inputs/gold/case_0154_20260711_150827_087_Alfie_Line_ADBFA7D947B19367167E629907BA596B_000042_00,1,
case_0155_20260711_150837_044_Alfie_Line_ADBFA7D947B19367167E629907BA596B_000043_00,recorded,alfie,existing_corpus_v1,recreation,priestley,1463004228,,,inputs/transcripts/case_0155_20260711_150837_044_Alfie_Line_ADBFA7D947B19367167E629907BA596B_000043_00.txt,inputs/wav/case_0155_20260711_150837_044_Alfie_Line_ADBFA7D947B19367167E629907BA596B_000043_00.wav,inputs/gold/case_0155_20260711_150837_044_Alfie_Line_ADBFA7D947B19367167E629907BA596B_000043_00,1,
case_0156_20260711_150852_730_Alfie_Line_ADBFA7D947B19367167E629907BA596B_000044_00,recorded,alfie,existing_corpus_v1,recreation,priestley,2131595877,,,inputs/transcripts/case_0156_20260711_150852_730_Alfie_Line_ADBFA7D947B19367167E629907BA596B_000044_00.txt,inputs/wav/case_0156_20260711_150852_730_Alfie_Line_ADBFA7D947B19367167E629907BA596B_000044_00.wav,inputs/gold/case_0156_20260711_150852_730_Alfie_Line_ADBFA7D947B19367167E629907BA596B_000044_00,1,
case_0157_20260711_150900_675_Alfie_Line_ADBFA7D947B19367167E629907BA596B_000045_00,recorded,alfie,existing_corpus_v1,recreation,priestley2,26784738,,,inputs/transcripts/case_0157_20260711_150900_675_Alfie_Line_ADBFA7D947B19367167E629907BA596B_000045_00.txt,inputs/wav/case_0157_20260711_150900_675_Alfie_Line_ADBFA7D947B19367167E629907BA596B_000045_00.wav,inputs/gold/case_0157_20260711_150900_675_Alfie_Line_ADBFA7D947B19367167E629907BA596B_000045_00,1,
case_0158_20260711_150909_813_Alfie_Line_ADBFA7D947B19367167E629907BA596B_000046_00,recorded,alfie,existing_corpus_v1,recreation,priestley,1019179676,,,inputs/transcripts/case_0158_20260711_150909_813_Alfie_Line_ADBFA7D947B19367167E629907BA596B_000046_00.txt,inputs/wav/case_0158_20260711_150909_813_Alfie_Line_ADBFA7D947B19367167E629907BA596B_000046_00.wav,inputs/gold/case_0158_20260711_150909_813_Alfie_Line_ADBFA7D947B19367167E629907BA596B_000046_00,1,
case_0159_20260711_150929_897_Alfie_Line_ADBFA7D947B19367167E629907BA596B_000047_00,recorded,alfie,existing_corpus_v1,recreation,priestley,1978942126,,,inputs/transcripts/case_0159_20260711_150929_897_Alfie_Line_ADBFA7D947B19367167E629907BA596B_000047_00.txt,inputs/wav/case_0159_20260711_150929_897_Alfie_Line_ADBFA7D947B19367167E629907BA596B_000047_00.wav,inputs/gold/case_0159_20260711_150929_897_Alfie_Line_ADBFA7D947B19367167E629907BA596B_000047_00,1,
case_0160_20260711_183930_597_Alfie_Line_CD90FEA44E3BE297F1D47B92221D1814_000000_00,recorded,alfie,existing_corpus_v1,recreation,alfie,1883022453,,,inputs/transcripts/case_0160_20260711_183930_597_Alfie_Line_CD90FEA44E3BE297F1D47B92221D1814_000000_00.txt,inputs/wav/case_0160_20260711_183930_597_Alfie_Line_CD90FEA44E3BE297F1D47B92221D1814_000000_00.wav,inputs/gold/case_0160_20260711_183930_597_Alfie_Line_CD90FEA44E3BE297F1D47B92221D1814_000000_00,1,
case_0161_20260711_183936_620_Alfie_Line_CD90FEA44E3BE297F1D47B92221D1814_000001_00,recorded,alfie,existing_corpus_v1,recreation,priestley,286203040,,,inputs/transcripts/case_0161_20260711_183936_620_Alfie_Line_CD90FEA44E3BE297F1D47B92221D1814_000001_00.txt,inputs/wav/case_0161_20260711_183936_620_Alfie_Line_CD90FEA44E3BE297F1D47B92221D1814_000001_00.wav,inputs/gold/case_0161_20260711_183936_620_Alfie_Line_CD90FEA44E3BE297F1D47B92221D1814_000001_00,1,
case_0162_20260711_183947_066_Alfie_Line_CD90FEA44E3BE297F1D47B92221D1814_000002_00,recorded,alfie,existing_corpus_v1,recreation,priestley,468712818,,,inputs/transcripts/case_0162_20260711_183947_066_Alfie_Line_CD90FEA44E3BE297F1D47B92221D1814_000002_00.txt,inputs/wav/case_0162_20260711_183947_066_Alfie_Line_CD90FEA44E3BE297F1D47B92221D1814_000002_00.wav,inputs/gold/case_0162_20260711_183947_066_Alfie_Line_CD90FEA44E3BE297F1D47B92221D1814_000002_00,1,
case_0163_20260711_184001_624_Alfie_Line_CD90FEA44E3BE297F1D47B92221D1814_000003_00,recorded,alfie,existing_corpus_v1,recreation,lana,481587368,,,inputs/transcripts/case_0163_20260711_184001_624_Alfie_Line_CD90FEA44E3BE297F1D47B92221D1814_000003_00.txt,inputs/wav/case_0163_20260711_184001_624_Alfie_Line_CD90FEA44E3BE297F1D47B92221D1814_000003_00.wav,inputs/gold/case_0163_20260711_184001_624_Alfie_Line_CD90FEA44E3BE297F1D47B92221D1814_000003_00,1,
case_0164_20260711_184010_634_Alfie_Line_CD90FEA44E3BE297F1D47B92221D1814_000004_00,recorded,alfie,existing_corpus_v1,recreation,priestley,1700239105,,,inputs/transcripts/case_0164_20260711_184010_634_Alfie_Line_CD90FEA44E3BE297F1D47B92221D1814_000004_00.txt,inputs/wav/case_0164_20260711_184010_634_Alfie_Line_CD90FEA44E3BE297F1D47B92221D1814_000004_00.wav,inputs/gold/case_0164_20260711_184010_634_Alfie_Line_CD90FEA44E3BE297F1D47B92221D1814_000004_00,1,
case_0165_20260711_200310_195_Alfie_Line_7F52F43C4A04B8EE8208D199E089CC86_000000_00,recorded,alfie,existing_corpus_v1,recreation,priestley,1736658170,,,inputs/transcripts/case_0165_20260711_200310_195_Alfie_Line_7F52F43C4A04B8EE8208D199E089CC86_000000_00.txt,inputs/wav/case_0165_20260711_200310_195_Alfie_Line_7F52F43C4A04B8EE8208D199E089CC86_000000_00.wav,inputs/gold/case_0165_20260711_200310_195_Alfie_Line_7F52F43C4A04B8EE8208D199E089CC86_000000_00,1,
case_0166_20260711_200317_273_Alfie_Line_7F52F43C4A04B8EE8208D199E089CC86_000001_00,recorded,alfie,existing_corpus_v1,recreation,priestley,205271555,,,inputs/transcripts/case_0166_20260711_200317_273_Alfie_Line_7F52F43C4A04B8EE8208D199E089CC86_000001_00.txt,inputs/wav/case_0166_20260711_200317_273_Alfie_Line_7F52F43C4A04B8EE8208D199E089CC86_000001_00.wav,inputs/gold/case_0166_20260711_200317_273_Alfie_Line_7F52F43C4A04B8EE8208D199E089CC86_000001_00,1,
case_0167_20260711_200325_274_Alfie_Line_7F52F43C4A04B8EE8208D199E089CC86_000002_00,recorded,alfie,existing_corpus_v1,recreation,priestley,2144022484,,,inputs/transcripts/case_0167_20260711_200325_274_Alfie_Line_7F52F43C4A04B8EE8208D199E089CC86_000002_00.txt,inputs/wav/case_0167_20260711_200325_274_Alfie_Line_7F52F43C4A04B8EE8208D199E089CC86_000002_00.wav,inputs/gold/case_0167_20260711_200325_274_Alfie_Line_7F52F43C4A04B8EE8208D199E089CC86_000002_00,1,
case_0168_20260711_200333_596_Alfie_Line_7F52F43C4A04B8EE8208D199E089CC86_000003_00,recorded,alfie,existing_corpus_v1,recreation,priestley2,1770196028,,,inputs/transcripts/case_0168_20260711_200333_596_Alfie_Line_7F52F43C4A04B8EE8208D199E089CC86_000003_00.txt,inputs/wav/case_0168_20260711_200333_596_Alfie_Line_7F52F43C4A04B8EE8208D199E089CC86_000003_00.wav,inputs/gold/case_0168_20260711_200333_596_Alfie_Line_7F52F43C4A04B8EE8208D199E089CC86_000003_00,1,
case_0169_20260711_200341_646_Alfie_Line_7F52F43C4A04B8EE8208D199E089CC86_000004_00,recorded,alfie,existing_corpus_v1,recreation,alfie,1307242385,,,inputs/transcripts/case_0169_20260711_200341_646_Alfie_Line_7F52F43C4A04B8EE8208D199E089CC86_000004_00.txt,inputs/wav/case_0169_20260711_200341_646_Alfie_Line_7F52F43C4A04B8EE8208D199E089CC86_000004_00.wav,inputs/gold/case_0169_20260711_200341_646_Alfie_Line_7F52F43C4A04B8EE8208D199E089CC86_000004_00,1,
case_0170_20260711_200405_647_Alfie_Line_7F52F43C4A04B8EE8208D199E089CC86_000005_00,recorded,alfie,existing_corpus_v1,recreation,lana,374897546,,,inputs/transcripts/case_0170_20260711_200405_647_Alfie_Line_7F52F43C4A04B8EE8208D199E089CC86_000005_00.txt,inputs/wav/case_0170_20260711_200405_647_Alfie_Line_7F52F43C4A04B8EE8208D199E089CC86_000005_00.wav,inputs/gold/case_0170_20260711_200405_647_Alfie_Line_7F52F43C4A04B8EE8208D199E089CC86_000005_00,1,
case_0171_20260711_201227_723_Alfie_Line_C041624E4E03A6E5A47D9A962979AAA3_000001_00,recorded,alfie,existing_corpus_v1,recreation,priestley,966645337,,,inputs/transcripts/case_0171_20260711_201227_723_Alfie_Line_C041624E4E03A6E5A47D9A962979AAA3_000001_00.txt,inputs/wav/case_0171_20260711_201227_723_Alfie_Line_C041624E4E03A6E5A47D9A962979AAA3_000001_00.wav,inputs/gold/case_0171_20260711_201227_723_Alfie_Line_C041624E4E03A6E5A47D9A962979AAA3_000001_00,1,
case_0172_20260711_201243_965_Alfie_Line_C041624E4E03A6E5A47D9A962979AAA3_000002_00,recorded,alfie,existing_corpus_v1,recreation,priestley,621661334,,,inputs/transcripts/case_0172_20260711_201243_965_Alfie_Line_C041624E4E03A6E5A47D9A962979AAA3_000002_00.txt,inputs/wav/case_0172_20260711_201243_965_Alfie_Line_C041624E4E03A6E5A47D9A962979AAA3_000002_00.wav,inputs/gold/case_0172_20260711_201243_965_Alfie_Line_C041624E4E03A6E5A47D9A962979AAA3_000002_00,1,
case_0173_20260711_202914_920_Alfie_Line_0EA1ACCB46270E0B006D48AC50411315_000000_00,recorded,alfie,existing_corpus_v1,recreation,lana,1444450134,,,inputs/transcripts/case_0173_20260711_202914_920_Alfie_Line_0EA1ACCB46270E0B006D48AC50411315_000000_00.txt,inputs/wav/case_0173_20260711_202914_920_Alfie_Line_0EA1ACCB46270E0B006D48AC50411315_000000_00.wav,inputs/gold/case_0173_20260711_202914_920_Alfie_Line_0EA1ACCB46270E0B006D48AC50411315_000000_00,1,
case_0174_20260711_202921_141_Alfie_Line_0EA1ACCB46270E0B006D48AC50411315_000001_00,recorded,alfie,existing_corpus_v1,recreation,lana,342683437,,,inputs/transcripts/case_0174_20260711_202921_141_Alfie_Line_0EA1ACCB46270E0B006D48AC50411315_000001_00.txt,inputs/wav/case_0174_20260711_202921_141_Alfie_Line_0EA1ACCB46270E0B006D48AC50411315_000001_00.wav,inputs/gold/case_0174_20260711_202921_141_Alfie_Line_0EA1ACCB46270E0B006D48AC50411315_000001_00,1,
case_0175_20260711_202931_751_Alfie_Line_0EA1ACCB46270E0B006D48AC50411315_000002_00,recorded,alfie,existing_corpus_v1,recreation,alfie,1561742437,,,inputs/transcripts/case_0175_20260711_202931_751_Alfie_Line_0EA1ACCB46270E0B006D48AC50411315_000002_00.txt,inputs/wav/case_0175_20260711_202931_751_Alfie_Line_0EA1ACCB46270E0B006D48AC50411315_000002_00.wav,inputs/gold/case_0175_20260711_202931_751_Alfie_Line_0EA1ACCB46270E0B006D48AC50411315_000002_00,1,
case_0176_20260711_202943_447_Alfie_Line_0EA1ACCB46270E0B006D48AC50411315_000003_00,recorded,alfie,existing_corpus_v1,recreation,lana,628269021,,,inputs/transcripts/case_0176_20260711_202943_447_Alfie_Line_0EA1ACCB46270E0B006D48AC50411315_000003_00.txt,inputs/wav/case_0176_20260711_202943_447_Alfie_Line_0EA1ACCB46270E0B006D48AC50411315_000003_00.wav,inputs/gold/case_0176_20260711_202943_447_Alfie_Line_0EA1ACCB46270E0B006D48AC50411315_000003_00,1,
case_0177_20260711_202953_296_Alfie_Line_0EA1ACCB46270E0B006D48AC50411315_000004_00,recorded,alfie,existing_corpus_v1,recreation,priestley2,928410623,,,inputs/transcripts/case_0177_20260711_202953_296_Alfie_Line_0EA1ACCB46270E0B006D48AC50411315_000004_00.txt,inputs/wav/case_0177_20260711_202953_296_Alfie_Line_0EA1ACCB46270E0B006D48AC50411315_000004_00.wav,inputs/gold/case_0177_20260711_202953_296_Alfie_Line_0EA1ACCB46270E0B006D48AC50411315_000004_00,1,
case_0178_20260711_203001_077_Alfie_Line_0EA1ACCB46270E0B006D48AC50411315_000005_00,recorded,alfie,existing_corpus_v1,recreation,alfie,523550839,,,inputs/transcripts/case_0178_20260711_203001_077_Alfie_Line_0EA1ACCB46270E0B006D48AC50411315_000005_00.txt,inputs/wav/case_0178_20260711_203001_077_Alfie_Line_0EA1ACCB46270E0B006D48AC50411315_000005_00.wav,inputs/gold/case_0178_20260711_203001_077_Alfie_Line_0EA1ACCB46270E0B006D48AC50411315_000005_00,1,
case_0179_20260711_203013_368_Alfie_Line_0EA1ACCB46270E0B006D48AC50411315_000006_00,recorded,alfie,existing_corpus_v1,recreation,priestley,1442268960,,,inputs/transcripts/case_0179_20260711_203013_368_Alfie_Line_0EA1ACCB46270E0B006D48AC50411315_000006_00.txt,inputs/wav/case_0179_20260711_203013_368_Alfie_Line_0EA1ACCB46270E0B006D48AC50411315_000006_00.wav,inputs/gold/case_0179_20260711_203013_368_Alfie_Line_0EA1ACCB46270E0B006D48AC50411315_000006_00,1,
case_0180_20260711_203024_093_Alfie_Line_0EA1ACCB46270E0B006D48AC50411315_000007_00,recorded,alfie,existing_corpus_v1,recreation,priestley,821650900,,,inputs/transcripts/case_0180_20260711_203024_093_Alfie_Line_0EA1ACCB46270E0B006D48AC50411315_000007_00.txt,inputs/wav/case_0180_20260711_203024_093_Alfie_Line_0EA1ACCB46270E0B006D48AC50411315_000007_00.wav,inputs/gold/case_0180_20260711_203024_093_Alfie_Line_0EA1ACCB46270E0B006D48AC50411315_000007_00,1,
case_0181_20260711_203846_514_Alfie_Line_ED86958547010552D4A6B19D24AE265B_000000_00,recorded,alfie,existing_corpus_v1,recreation,priestley2,564449666,,,inputs/transcripts/case_0181_20260711_203846_514_Alfie_Line_ED86958547010552D4A6B19D24AE265B_000000_00.txt,inputs/wav/case_0181_20260711_203846_514_Alfie_Line_ED86958547010552D4A6B19D24AE265B_000000_00.wav,inputs/gold/case_0181_20260711_203846_514_Alfie_Line_ED86958547010552D4A6B19D24AE265B_000000_00,1,
case_0182_20260711_203853_010_Alfie_Line_ED86958547010552D4A6B19D24AE265B_000001_00,recorded,alfie,existing_corpus_v1,recreation,lana,175019045,,,inputs/transcripts/case_0182_20260711_203853_010_Alfie_Line_ED86958547010552D4A6B19D24AE265B_000001_00.txt,inputs/wav/case_0182_20260711_203853_010_Alfie_Line_ED86958547010552D4A6B19D24AE265B_000001_00.wav,inputs/gold/case_0182_20260711_203853_010_Alfie_Line_ED86958547010552D4A6B19D24AE265B_000001_00,1,
case_0183_20260711_203900_091_Alfie_Line_ED86958547010552D4A6B19D24AE265B_000002_00,recorded,alfie,existing_corpus_v1,recreation,priestley,241843964,,,inputs/transcripts/case_0183_20260711_203900_091_Alfie_Line_ED86958547010552D4A6B19D24AE265B_000002_00.txt,inputs/wav/case_0183_20260711_203900_091_Alfie_Line_ED86958547010552D4A6B19D24AE265B_000002_00.wav,inputs/gold/case_0183_20260711_203900_091_Alfie_Line_ED86958547010552D4A6B19D24AE265B_000002_00,1,
case_0184_20260711_203910_677_Alfie_Line_ED86958547010552D4A6B19D24AE265B_000003_00,recorded,alfie,existing_corpus_v1,recreation,lana,1736306184,,,inputs/transcripts/case_0184_20260711_203910_677_Alfie_Line_ED86958547010552D4A6B19D24AE265B_000003_00.txt,inputs/wav/case_0184_20260711_203910_677_Alfie_Line_ED86958547010552D4A6B19D24AE265B_000003_00.wav,inputs/gold/case_0184_20260711_203910_677_Alfie_Line_ED86958547010552D4A6B19D24AE265B_000003_00,1,
case_0185_20260711_203918_695_Alfie_Line_ED86958547010552D4A6B19D24AE265B_000004_00,recorded,alfie,existing_corpus_v1,recreation,alfie,1236869493,,,inputs/transcripts/case_0185_20260711_203918_695_Alfie_Line_ED86958547010552D4A6B19D24AE265B_000004_00.txt,inputs/wav/case_0185_20260711_203918_695_Alfie_Line_ED86958547010552D4A6B19D24AE265B_000004_00.wav,inputs/gold/case_0185_20260711_203918_695_Alfie_Line_ED86958547010552D4A6B19D24AE265B_000004_00,1,
case_0186_20260711_204046_328_Alfie_Line_ED86958547010552D4A6B19D24AE265B_000005_00,recorded,alfie,existing_corpus_v1,recreation,priestley,1642163006,,,inputs/transcripts/case_0186_20260711_204046_328_Alfie_Line_ED86958547010552D4A6B19D24AE265B_000005_00.txt,inputs/wav/case_0186_20260711_204046_328_Alfie_Line_ED86958547010552D4A6B19D24AE265B_000005_00.wav,inputs/gold/case_0186_20260711_204046_328_Alfie_Line_ED86958547010552D4A6B19D24AE265B_000005_00,1,
case_0187_20260711_204111_778_Alfie_Line_ED86958547010552D4A6B19D24AE265B_000006_00,recorded,alfie,existing_corpus_v1,recreation,priestley2,53515787,,,inputs/transcripts/case_0187_20260711_204111_778_Alfie_Line_ED86958547010552D4A6B19D24AE265B_000006_00.txt,inputs/wav/case_0187_20260711_204111_778_Alfie_Line_ED86958547010552D4A6B19D24AE265B_000006_00.wav,inputs/gold/case_0187_20260711_204111_778_Alfie_Line_ED86958547010552D4A6B19D24AE265B_000006_00,1,
case_0188_20260711_204143_085_Alfie_Line_ED86958547010552D4A6B19D24AE265B_000007_00,recorded,alfie,existing_corpus_v1,recreation,lana,1800014119,,,inputs/transcripts/case_0188_20260711_204143_085_Alfie_Line_ED86958547010552D4A6B19D24AE265B_000007_00.txt,inputs/wav/case_0188_20260711_204143_085_Alfie_Line_ED86958547010552D4A6B19D24AE265B_000007_00.wav,inputs/gold/case_0188_20260711_204143_085_Alfie_Line_ED86958547010552D4A6B19D24AE265B_000007_00,1,
case_0189_20260711_204157_371_Alfie_Line_ED86958547010552D4A6B19D24AE265B_000008_00,recorded,alfie,existing_corpus_v1,recreation,alfie,817481507,,,inputs/transcripts/case_0189_20260711_204157_371_Alfie_Line_ED86958547010552D4A6B19D24AE265B_000008_00.txt,inputs/wav/case_0189_20260711_204157_371_Alfie_Line_ED86958547010552D4A6B19D24AE265B_000008_00.wav,inputs/gold/case_0189_20260711_204157_371_Alfie_Line_ED86958547010552D4A6B19D24AE265B_000008_00,1,
case_0190_20260711_204204_806_Alfie_Line_ED86958547010552D4A6B19D24AE265B_000009_00,recorded,alfie,existing_corpus_v1,recreation,lana,915125630,,,inputs/transcripts/case_0190_20260711_204204_806_Alfie_Line_ED86958547010552D4A6B19D24AE265B_000009_00.txt,inputs/wav/case_0190_20260711_204204_806_Alfie_Line_ED86958547010552D4A6B19D24AE265B_000009_00.wav,inputs/gold/case_0190_20260711_204204_806_Alfie_Line_ED86958547010552D4A6B19D24AE265B_000009_00,1,
case_0191_20260711_204231_702_Alfie_Line_ED86958547010552D4A6B19D24AE265B_000010_00,recorded,alfie,existing_corpus_v1,recreation,priestley2,40558853,,,inputs/transcripts/case_0191_20260711_204231_702_Alfie_Line_ED86958547010552D4A6B19D24AE265B_000010_00.txt,inputs/wav/case_0191_20260711_204231_702_Alfie_Line_ED86958547010552D4A6B19D24AE265B_000010_00.wav,inputs/gold/case_0191_20260711_204231_702_Alfie_Line_ED86958547010552D4A6B19D24AE265B_000010_00,1,
case_0192_20260711_205510_695_Alfie_Line_47313BE0436FAD8D6D6E34BA55CF575E_000000_00,recorded,alfie,existing_corpus_v1,recreation,lana,1714733378,,,inputs/transcripts/case_0192_20260711_205510_695_Alfie_Line_47313BE0436FAD8D6D6E34BA55CF575E_000000_00.txt,inputs/wav/case_0192_20260711_205510_695_Alfie_Line_47313BE0436FAD8D6D6E34BA55CF575E_000000_00.wav,inputs/gold/case_0192_20260711_205510_695_Alfie_Line_47313BE0436FAD8D6D6E34BA55CF575E_000000_00,1,
case_0193_20260711_205517_316_Alfie_Line_47313BE0436FAD8D6D6E34BA55CF575E_000001_00,recorded,alfie,existing_corpus_v1,recreation,priestley,315520626,,,inputs/transcripts/case_0193_20260711_205517_316_Alfie_Line_47313BE0436FAD8D6D6E34BA55CF575E_000001_00.txt,inputs/wav/case_0193_20260711_205517_316_Alfie_Line_47313BE0436FAD8D6D6E34BA55CF575E_000001_00.wav,inputs/gold/case_0193_20260711_205517_316_Alfie_Line_47313BE0436FAD8D6D6E34BA55CF575E_000001_00,1,
case_0194_20260711_205525_205_Alfie_Line_47313BE0436FAD8D6D6E34BA55CF575E_000002_00,recorded,alfie,existing_corpus_v1,recreation,priestley,599786000,,,inputs/transcripts/case_0194_20260711_205525_205_Alfie_Line_47313BE0436FAD8D6D6E34BA55CF575E_000002_00.txt,inputs/wav/case_0194_20260711_205525_205_Alfie_Line_47313BE0436FAD8D6D6E34BA55CF575E_000002_00.wav,inputs/gold/case_0194_20260711_205525_205_Alfie_Line_47313BE0436FAD8D6D6E34BA55CF575E_000002_00,1,
case_0195_20260711_205532_619_Alfie_Line_47313BE0436FAD8D6D6E34BA55CF575E_000003_00,recorded,alfie,existing_corpus_v1,recreation,alfie,334362321,,,inputs/transcripts/case_0195_20260711_205532_619_Alfie_Line_47313BE0436FAD8D6D6E34BA55CF575E_000003_00.txt,inputs/wav/case_0195_20260711_205532_619_Alfie_Line_47313BE0436FAD8D6D6E34BA55CF575E_000003_00.wav,inputs/gold/case_0195_20260711_205532_619_Alfie_Line_47313BE0436FAD8D6D6E34BA55CF575E_000003_00,1,
case_0196_20260711_205542_252_Alfie_Line_47313BE0436FAD8D6D6E34BA55CF575E_000004_00,recorded,alfie,existing_corpus_v1,recreation,alfie,1501521124,,,inputs/transcripts/case_0196_20260711_205542_252_Alfie_Line_47313BE0436FAD8D6D6E34BA55CF575E_000004_00.txt,inputs/wav/case_0196_20260711_205542_252_Alfie_Line_47313BE0436FAD8D6D6E34BA55CF575E_000004_00.wav,inputs/gold/case_0196_20260711_205542_252_Alfie_Line_47313BE0436FAD8D6D6E34BA55CF575E_000004_00,1,
case_0197_20260711_205553_681_Alfie_Line_47313BE0436FAD8D6D6E34BA55CF575E_000005_00,recorded,alfie,existing_corpus_v1,recreation,priestley,378264033,,,inputs/transcripts/case_0197_20260711_205553_681_Alfie_Line_47313BE0436FAD8D6D6E34BA55CF575E_000005_00.txt,inputs/wav/case_0197_20260711_205553_681_Alfie_Line_47313BE0436FAD8D6D6E34BA55CF575E_000005_00.wav,inputs/gold/case_0197_20260711_205553_681_Alfie_Line_47313BE0436FAD8D6D6E34BA55CF575E_000005_00,1,
case_0198_20260711_205603_842_Alfie_Line_47313BE0436FAD8D6D6E34BA55CF575E_000006_00,recorded,alfie,existing_corpus_v1,recreation,priestley2,368041112,,,inputs/transcripts/case_0198_20260711_205603_842_Alfie_Line_47313BE0436FAD8D6D6E34BA55CF575E_000006_00.txt,inputs/wav/case_0198_20260711_205603_842_Alfie_Line_47313BE0436FAD8D6D6E34BA55CF575E_000006_00.wav,inputs/gold/case_0198_20260711_205603_842_Alfie_Line_47313BE0436FAD8D6D6E34BA55CF575E_000006_00,1,
case_0199_20260711_205614_023_Alfie_Line_47313BE0436FAD8D6D6E34BA55CF575E_000007_00,recorded,alfie,existing_corpus_v1,recreation,priestley2,933093883,,,inputs/transcripts/case_0199_20260711_205614_023_Alfie_Line_47313BE0436FAD8D6D6E34BA55CF575E_000007_00.txt,inputs/wav/case_0199_20260711_205614_023_Alfie_Line_47313BE0436FAD8D6D6E34BA55CF575E_000007_00.wav,inputs/gold/case_0199_20260711_205614_023_Alfie_Line_47313BE0436FAD8D6D6E34BA55CF575E_000007_00,1,
case_0200_20260711_205625_250_Alfie_Line_47313BE0436FAD8D6D6E34BA55CF575E_000008_00,recorded,alfie,existing_corpus_v1,recreation,priestley2,1409007495,,,inputs/transcripts/case_0200_20260711_205625_250_Alfie_Line_47313BE0436FAD8D6D6E34BA55CF575E_000008_00.txt,inputs/wav/case_0200_20260711_205625_250_Alfie_Line_47313BE0436FAD8D6D6E34BA55CF575E_000008_00.wav,inputs/gold/case_0200_20260711_205625_250_Alfie_Line_47313BE0436FAD8D6D6E34BA55CF575E_000008_00,1,
case_0201_20260711_205634_603_Alfie_Line_47313BE0436FAD8D6D6E34BA55CF575E_000009_00,recorded,alfie,existing_corpus_v1,recreation,alfie,1770551140,,,inputs/transcripts/case_0201_20260711_205634_603_Alfie_Line_47313BE0436FAD8D6D6E34BA55CF575E_000009_00.txt,inputs/wav/case_0201_20260711_205634_603_Alfie_Line_47313BE0436FAD8D6D6E34BA55CF575E_000009_00.wav,inputs/gold/case_0201_20260711_205634_603_Alfie_Line_47313BE0436FAD8D6D6E34BA55CF575E_000009_00,1,
case_0202_20260711_205643_816_Alfie_Line_47313BE0436FAD8D6D6E34BA55CF575E_000010_00,recorded,alfie,existing_corpus_v1,recreation,lana,103205579,,,inputs/transcripts/case_0202_20260711_205643_816_Alfie_Line_47313BE0436FAD8D6D6E34BA55CF575E_000010_00.txt,inputs/wav/case_0202_20260711_205643_816_Alfie_Line_47313BE0436FAD8D6D6E34BA55CF575E_000010_00.wav,inputs/gold/case_0202_20260711_205643_816_Alfie_Line_47313BE0436FAD8D6D6E34BA55CF575E_000010_00,1,
case_0203_20260711_205701_022_Alfie_Line_47313BE0436FAD8D6D6E34BA55CF575E_000011_00,recorded,alfie,existing_corpus_v1,recreation,alfie,1507974873,,,inputs/transcripts/case_0203_20260711_205701_022_Alfie_Line_47313BE0436FAD8D6D6E34BA55CF575E_000011_00.txt,inputs/wav/case_0203_20260711_205701_022_Alfie_Line_47313BE0436FAD8D6D6E34BA55CF575E_000011_00.wav,inputs/gold/case_0203_20260711_205701_022_Alfie_Line_47313BE0436FAD8D6D6E34BA55CF575E_000011_00,1,
case_0204_20260711_205711_170_Alfie_Line_47313BE0436FAD8D6D6E34BA55CF575E_000012_00,recorded,alfie,existing_corpus_v1,recreation,lana,1202522320,,,inputs/transcripts/case_0204_20260711_205711_170_Alfie_Line_47313BE0436FAD8D6D6E34BA55CF575E_000012_00.txt,inputs/wav/case_0204_20260711_205711_170_Alfie_Line_47313BE0436FAD8D6D6E34BA55CF575E_000012_00.wav,inputs/gold/case_0204_20260711_205711_170_Alfie_Line_47313BE0436FAD8D6D6E34BA55CF575E_000012_00,1,
case_0205_20260711_205727_094_Alfie_Line_47313BE0436FAD8D6D6E34BA55CF575E_000013_00,recorded,alfie,existing_corpus_v1,recreation,priestley,2114771809,,,inputs/transcripts/case_0205_20260711_205727_094_Alfie_Line_47313BE0436FAD8D6D6E34BA55CF575E_000013_00.txt,inputs/wav/case_0205_20260711_205727_094_Alfie_Line_47313BE0436FAD8D6D6E34BA55CF575E_000013_00.wav,inputs/gold/case_0205_20260711_205727_094_Alfie_Line_47313BE0436FAD8D6D6E34BA55CF575E_000013_00,1,
case_0206_20260711_205737_217_Alfie_Line_47313BE0436FAD8D6D6E34BA55CF575E_000014_00,recorded,alfie,existing_corpus_v1,recreation,alfie,158598587,,,inputs/transcripts/case_0206_20260711_205737_217_Alfie_Line_47313BE0436FAD8D6D6E34BA55CF575E_000014_00.txt,inputs/wav/case_0206_20260711_205737_217_Alfie_Line_47313BE0436FAD8D6D6E34BA55CF575E_000014_00.wav,inputs/gold/case_0206_20260711_205737_217_Alfie_Line_47313BE0436FAD8D6D6E34BA55CF575E_000014_00,1,
case_0207_20260711_205750_047_Alfie_Line_47313BE0436FAD8D6D6E34BA55CF575E_000015_00,recorded,alfie,existing_corpus_v1,recreation,priestley2,1268187963,,,inputs/transcripts/case_0207_20260711_205750_047_Alfie_Line_47313BE0436FAD8D6D6E34BA55CF575E_000015_00.txt,inputs/wav/case_0207_20260711_205750_047_Alfie_Line_47313BE0436FAD8D6D6E34BA55CF575E_000015_00.wav,inputs/gold/case_0207_20260711_205750_047_Alfie_Line_47313BE0436FAD8D6D6E34BA55CF575E_000015_00,1,
case_0208_20260711_205759_897_Alfie_Line_47313BE0436FAD8D6D6E34BA55CF575E_000016_00,recorded,alfie,existing_corpus_v1,recreation,lana,122570997,,,inputs/transcripts/case_0208_20260711_205759_897_Alfie_Line_47313BE0436FAD8D6D6E34BA55CF575E_000016_00.txt,inputs/wav/case_0208_20260711_205759_897_Alfie_Line_47313BE0436FAD8D6D6E34BA55CF575E_000016_00.wav,inputs/gold/case_0208_20260711_205759_897_Alfie_Line_47313BE0436FAD8D6D6E34BA55CF575E_000016_00,1,
case_0209_20260711_205809_695_Alfie_Line_47313BE0436FAD8D6D6E34BA55CF575E_000017_00,recorded,alfie,existing_corpus_v1,recreation,lana,1987549310,,,inputs/transcripts/case_0209_20260711_205809_695_Alfie_Line_47313BE0436FAD8D6D6E34BA55CF575E_000017_00.txt,inputs/wav/case_0209_20260711_205809_695_Alfie_Line_47313BE0436FAD8D6D6E34BA55CF575E_000017_00.wav,inputs/gold/case_0209_20260711_205809_695_Alfie_Line_47313BE0436FAD8D6D6E34BA55CF575E_000017_00,1,
case_0210_20260711_205817_084_Alfie_Line_47313BE0436FAD8D6D6E34BA55CF575E_000018_00,recorded,alfie,existing_corpus_v1,recreation,alfie,951317790,,,inputs/transcripts/case_0210_20260711_205817_084_Alfie_Line_47313BE0436FAD8D6D6E34BA55CF575E_000018_00.txt,inputs/wav/case_0210_20260711_205817_084_Alfie_Line_47313BE0436FAD8D6D6E34BA55CF575E_000018_00.wav,inputs/gold/case_0210_20260711_205817_084_Alfie_Line_47313BE0436FAD8D6D6E34BA55CF575E_000018_00,1,
case_0211_20260711_210741_674_Alfie_Line_8226F4BF48FA69D68FBB95BFF8217B43_000000_00,recorded,alfie,existing_corpus_v1,recreation,priestley2,328739150,,,inputs/transcripts/case_0211_20260711_210741_674_Alfie_Line_8226F4BF48FA69D68FBB95BFF8217B43_000000_00.txt,inputs/wav/case_0211_20260711_210741_674_Alfie_Line_8226F4BF48FA69D68FBB95BFF8217B43_000000_00.wav,inputs/gold/case_0211_20260711_210741_674_Alfie_Line_8226F4BF48FA69D68FBB95BFF8217B43_000000_00,1,
case_0212_20260711_210748_424_Alfie_Line_8226F4BF48FA69D68FBB95BFF8217B43_000001_00,recorded,alfie,existing_corpus_v1,recreation,priestley2,1269802356,,,inputs/transcripts/case_0212_20260711_210748_424_Alfie_Line_8226F4BF48FA69D68FBB95BFF8217B43_000001_00.txt,inputs/wav/case_0212_20260711_210748_424_Alfie_Line_8226F4BF48FA69D68FBB95BFF8217B43_000001_00.wav,inputs/gold/case_0212_20260711_210748_424_Alfie_Line_8226F4BF48FA69D68FBB95BFF8217B43_000001_00,1,
case_0213_20260711_210753_845_Alfie_Line_8226F4BF48FA69D68FBB95BFF8217B43_000002_00,recorded,alfie,existing_corpus_v1,recreation,priestley2,1215273991,,,inputs/transcripts/case_0213_20260711_210753_845_Alfie_Line_8226F4BF48FA69D68FBB95BFF8217B43_000002_00.txt,inputs/wav/case_0213_20260711_210753_845_Alfie_Line_8226F4BF48FA69D68FBB95BFF8217B43_000002_00.wav,inputs/gold/case_0213_20260711_210753_845_Alfie_Line_8226F4BF48FA69D68FBB95BFF8217B43_000002_00,1,
case_0214_20260711_210802_601_Alfie_Line_8226F4BF48FA69D68FBB95BFF8217B43_000003_00,recorded,alfie,existing_corpus_v1,recreation,priestley2,388315361,,,inputs/transcripts/case_0214_20260711_210802_601_Alfie_Line_8226F4BF48FA69D68FBB95BFF8217B43_000003_00.txt,inputs/wav/case_0214_20260711_210802_601_Alfie_Line_8226F4BF48FA69D68FBB95BFF8217B43_000003_00.wav,inputs/gold/case_0214_20260711_210802_601_Alfie_Line_8226F4BF48FA69D68FBB95BFF8217B43_000003_00,1,
case_0219_20260711_210812_324_Alfie_Line_8226F4BF48FA69D68FBB95BFF8217B43_000004_00,recorded,alfie,existing_corpus_v1,recreation,priestley2,342093094,,,inputs/transcripts/case_0219_20260711_210812_324_Alfie_Line_8226F4BF48FA69D68FBB95BFF8217B43_000004_00.txt,inputs/wav/case_0219_20260711_210812_324_Alfie_Line_8226F4BF48FA69D68FBB95BFF8217B43_000004_00.wav,inputs/gold/case_0219_20260711_210812_324_Alfie_Line_8226F4BF48FA69D68FBB95BFF8217B43_000004_00,1,
case_0220_20260711_214926_216_Alfie_Line_62F5ED564A2F138046A3E3BC028E50E1_000000_00,recorded,alfie,existing_corpus_v1,recreation,lana,363562427,,,inputs/transcripts/case_0220_20260711_214926_216_Alfie_Line_62F5ED564A2F138046A3E3BC028E50E1_000000_00.txt,inputs/wav/case_0220_20260711_214926_216_Alfie_Line_62F5ED564A2F138046A3E3BC028E50E1_000000_00.wav,inputs/gold/case_0220_20260711_214926_216_Alfie_Line_62F5ED564A2F138046A3E3BC028E50E1_000000_00,1,
case_0221_20260711_214932_419_Alfie_Line_62F5ED564A2F138046A3E3BC028E50E1_000001_00,recorded,alfie,existing_corpus_v1,recreation,alfie,403364265,,,inputs/transcripts/case_0221_20260711_214932_419_Alfie_Line_62F5ED564A2F138046A3E3BC028E50E1_000001_00.txt,inputs/wav/case_0221_20260711_214932_419_Alfie_Line_62F5ED564A2F138046A3E3BC028E50E1_000001_00.wav,inputs/gold/case_0221_20260711_214932_419_Alfie_Line_62F5ED564A2F138046A3E3BC028E50E1_000001_00,1,
case_0222_20260711_214941_394_Alfie_Line_62F5ED564A2F138046A3E3BC028E50E1_000002_00,recorded,alfie,existing_corpus_v1,recreation,priestley,431624185,,,inputs/transcripts/case_0222_20260711_214941_394_Alfie_Line_62F5ED564A2F138046A3E3BC028E50E1_000002_00.txt,inputs/wav/case_0222_20260711_214941_394_Alfie_Line_62F5ED564A2F138046A3E3BC028E50E1_000002_00.wav,inputs/gold/case_0222_20260711_214941_394_Alfie_Line_62F5ED564A2F138046A3E3BC028E50E1_000002_00,1,
case_0223_20260711_214948_575_Alfie_Line_62F5ED564A2F138046A3E3BC028E50E1_000003_00,recorded,alfie,existing_corpus_v1,recreation,priestley2,156369982,,,inputs/transcripts/case_0223_20260711_214948_575_Alfie_Line_62F5ED564A2F138046A3E3BC028E50E1_000003_00.txt,inputs/wav/case_0223_20260711_214948_575_Alfie_Line_62F5ED564A2F138046A3E3BC028E50E1_000003_00.wav,inputs/gold/case_0223_20260711_214948_575_Alfie_Line_62F5ED564A2F138046A3E3BC028E50E1_000003_00,1,
case_0224_20260711_214955_919_Alfie_Line_62F5ED564A2F138046A3E3BC028E50E1_000004_00,recorded,alfie,existing_corpus_v1,recreation,priestley2,1969302819,,,inputs/transcripts/case_0224_20260711_214955_919_Alfie_Line_62F5ED564A2F138046A3E3BC028E50E1_000004_00.txt,inputs/wav/case_0224_20260711_214955_919_Alfie_Line_62F5ED564A2F138046A3E3BC028E50E1_000004_00.wav,inputs/gold/case_0224_20260711_214955_919_Alfie_Line_62F5ED564A2F138046A3E3BC028E50E1_000004_00,1,
case_0225_20260711_215004_314_Alfie_Line_62F5ED564A2F138046A3E3BC028E50E1_000005_00,recorded,alfie,existing_corpus_v1,recreation,lana,283970603,,,inputs/transcripts/case_0225_20260711_215004_314_Alfie_Line_62F5ED564A2F138046A3E3BC028E50E1_000005_00.txt,inputs/wav/case_0225_20260711_215004_314_Alfie_Line_62F5ED564A2F138046A3E3BC028E50E1_000005_00.wav,inputs/gold/case_0225_20260711_215004_314_Alfie_Line_62F5ED564A2F138046A3E3BC028E50E1_000005_00,1,
case_0226_20260711_215014_406_Alfie_Line_62F5ED564A2F138046A3E3BC028E50E1_000006_00,recorded,alfie,existing_corpus_v1,recreation,alfie,650524175,,,inputs/transcripts/case_0226_20260711_215014_406_Alfie_Line_62F5ED564A2F138046A3E3BC028E50E1_000006_00.txt,inputs/wav/case_0226_20260711_215014_406_Alfie_Line_62F5ED564A2F138046A3E3BC028E50E1_000006_00.wav,inputs/gold/case_0226_20260711_215014_406_Alfie_Line_62F5ED564A2F138046A3E3BC028E50E1_000006_00,1,
case_0227_20260711_215025_511_Alfie_Line_62F5ED564A2F138046A3E3BC028E50E1_000007_00,recorded,alfie,existing_corpus_v1,recreation,alfie,1741253882,,,inputs/transcripts/case_0227_20260711_215025_511_Alfie_Line_62F5ED564A2F138046A3E3BC028E50E1_000007_00.txt,inputs/wav/case_0227_20260711_215025_511_Alfie_Line_62F5ED564A2F138046A3E3BC028E50E1_000007_00.wav,inputs/gold/case_0227_20260711_215025_511_Alfie_Line_62F5ED564A2F138046A3E3BC028E50E1_000007_00,1,
case_0228_20260711_215032_821_Alfie_Line_62F5ED564A2F138046A3E3BC028E50E1_000008_00,recorded,alfie,existing_corpus_v1,recreation,alfie,1176697977,,,inputs/transcripts/case_0228_20260711_215032_821_Alfie_Line_62F5ED564A2F138046A3E3BC028E50E1_000008_00.txt,inputs/wav/case_0228_20260711_215032_821_Alfie_Line_62F5ED564A2F138046A3E3BC028E50E1_000008_00.wav,inputs/gold/case_0228_20260711_215032_821_Alfie_Line_62F5ED564A2F138046A3E3BC028E50E1_000008_00,1,
case_0229_20260711_215039_315_Alfie_Line_62F5ED564A2F138046A3E3BC028E50E1_000009_00,recorded,alfie,existing_corpus_v1,recreation,priestley2,1777067969,,,inputs/transcripts/case_0229_20260711_215039_315_Alfie_Line_62F5ED564A2F138046A3E3BC028E50E1_000009_00.txt,inputs/wav/case_0229_20260711_215039_315_Alfie_Line_62F5ED564A2F138046A3E3BC028E50E1_000009_00.wav,inputs/gold/case_0229_20260711_215039_315_Alfie_Line_62F5ED564A2F138046A3E3BC028E50E1_000009_00,1,
case_0230_20260711_215049_219_Alfie_Line_62F5ED564A2F138046A3E3BC028E50E1_000010_00,recorded,alfie,existing_corpus_v1,recreation,priestley,121096396,,,inputs/transcripts/case_0230_20260711_215049_219_Alfie_Line_62F5ED564A2F138046A3E3BC028E50E1_000010_00.txt,inputs/wav/case_0230_20260711_215049_219_Alfie_Line_62F5ED564A2F138046A3E3BC028E50E1_000010_00.wav,inputs/gold/case_0230_20260711_215049_219_Alfie_Line_62F5ED564A2F138046A3E3BC028E50E1_000010_00,1,
case_0231_20260711_215058_778_Alfie_Line_62F5ED564A2F138046A3E3BC028E50E1_000011_00,recorded,alfie,existing_corpus_v1,recreation,alfie,1487795634,,,inputs/transcripts/case_0231_20260711_215058_778_Alfie_Line_62F5ED564A2F138046A3E3BC028E50E1_000011_00.txt,inputs/wav/case_0231_20260711_215058_778_Alfie_Line_62F5ED564A2F138046A3E3BC028E50E1_000011_00.wav,inputs/gold/case_0231_20260711_215058_778_Alfie_Line_62F5ED564A2F138046A3E3BC028E50E1_000011_00,1,
case_0232_20260711_215110_876_Alfie_Line_62F5ED564A2F138046A3E3BC028E50E1_000012_00,recorded,alfie,existing_corpus_v1,recreation,priestley,1247870124,,,inputs/transcripts/case_0232_20260711_215110_876_Alfie_Line_62F5ED564A2F138046A3E3BC028E50E1_000012_00.txt,inputs/wav/case_0232_20260711_215110_876_Alfie_Line_62F5ED564A2F138046A3E3BC028E50E1_000012_00.wav,inputs/gold/case_0232_20260711_215110_876_Alfie_Line_62F5ED564A2F138046A3E3BC028E50E1_000012_00,1,
case_0233_20260711_215122_779_Alfie_Line_62F5ED564A2F138046A3E3BC028E50E1_000013_00,recorded,alfie,existing_corpus_v1,recreation,priestley2,1538544066,,,inputs/transcripts/case_0233_20260711_215122_779_Alfie_Line_62F5ED564A2F138046A3E3BC028E50E1_000013_00.txt,inputs/wav/case_0233_20260711_215122_779_Alfie_Line_62F5ED564A2F138046A3E3BC028E50E1_000013_00.wav,inputs/gold/case_0233_20260711_215122_779_Alfie_Line_62F5ED564A2F138046A3E3BC028E50E1_000013_00,1,
case_0234_20260711_215130_637_Alfie_Line_62F5ED564A2F138046A3E3BC028E50E1_000014_00,recorded,alfie,existing_corpus_v1,recreation,alfie,70724102,,,inputs/transcripts/case_0234_20260711_215130_637_Alfie_Line_62F5ED564A2F138046A3E3BC028E50E1_000014_00.txt,inputs/wav/case_0234_20260711_215130_637_Alfie_Line_62F5ED564A2F138046A3E3BC028E50E1_000014_00.wav,inputs/gold/case_0234_20260711_215130_637_Alfie_Line_62F5ED564A2F138046A3E3BC028E50E1_000014_00,1,
case_0235_20260712_054824_321_Alfie_Line_350D845F4A93D7EA962950925C6CA41C_000000_00,recorded,alfie,existing_corpus_v1,recreation,alfie,1027153611,,,inputs/transcripts/case_0235_20260712_054824_321_Alfie_Line_350D845F4A93D7EA962950925C6CA41C_000000_00.txt,inputs/wav/case_0235_20260712_054824_321_Alfie_Line_350D845F4A93D7EA962950925C6CA41C_000000_00.wav,inputs/gold/case_0235_20260712_054824_321_Alfie_Line_350D845F4A93D7EA962950925C6CA41C_000000_00,1,
case_0236_20260712_054830_376_Alfie_Line_350D845F4A93D7EA962950925C6CA41C_000001_00,recorded,alfie,existing_corpus_v1,recreation,alfie,1899473771,,,inputs/transcripts/case_0236_20260712_054830_376_Alfie_Line_350D845F4A93D7EA962950925C6CA41C_000001_00.txt,inputs/wav/case_0236_20260712_054830_376_Alfie_Line_350D845F4A93D7EA962950925C6CA41C_000001_00.wav,inputs/gold/case_0236_20260712_054830_376_Alfie_Line_350D845F4A93D7EA962950925C6CA41C_000001_00,1,
case_0237_20260712_054840_366_Alfie_Line_350D845F4A93D7EA962950925C6CA41C_000002_00,recorded,alfie,existing_corpus_v1,recreation,lana,1657638845,,,inputs/transcripts/case_0237_20260712_054840_366_Alfie_Line_350D845F4A93D7EA962950925C6CA41C_000002_00.txt,inputs/wav/case_0237_20260712_054840_366_Alfie_Line_350D845F4A93D7EA962950925C6CA41C_000002_00.wav,inputs/gold/case_0237_20260712_054840_366_Alfie_Line_350D845F4A93D7EA962950925C6CA41C_000002_00,1,
case_0238_20260712_054848_535_Alfie_Line_350D845F4A93D7EA962950925C6CA41C_000003_00,recorded,alfie,existing_corpus_v1,recreation,priestley,1255295544,,,inputs/transcripts/case_0238_20260712_054848_535_Alfie_Line_350D845F4A93D7EA962950925C6CA41C_000003_00.txt,inputs/wav/case_0238_20260712_054848_535_Alfie_Line_350D845F4A93D7EA962950925C6CA41C_000003_00.wav,inputs/gold/case_0238_20260712_054848_535_Alfie_Line_350D845F4A93D7EA962950925C6CA41C_000003_00,1,
case_0239_20260712_054856_539_Alfie_Line_350D845F4A93D7EA962950925C6CA41C_000004_00,recorded,alfie,existing_corpus_v1,recreation,priestley2,485827073,,,inputs/transcripts/case_0239_20260712_054856_539_Alfie_Line_350D845F4A93D7EA962950925C6CA41C_000004_00.txt,inputs/wav/case_0239_20260712_054856_539_Alfie_Line_350D845F4A93D7EA962950925C6CA41C_000004_00.wav,inputs/gold/case_0239_20260712_054856_539_Alfie_Line_350D845F4A93D7EA962950925C6CA41C_000004_00,1,
case_0240_20260712_054903_698_Alfie_Line_350D845F4A93D7EA962950925C6CA41C_000005_00,recorded,alfie,existing_corpus_v1,recreation,alfie,1336973170,,,inputs/transcripts/case_0240_20260712_054903_698_Alfie_Line_350D845F4A93D7EA962950925C6CA41C_000005_00.txt,inputs/wav/case_0240_20260712_054903_698_Alfie_Line_350D845F4A93D7EA962950925C6CA41C_000005_00.wav,inputs/gold/case_0240_20260712_054903_698_Alfie_Line_350D845F4A93D7EA962950925C6CA41C_000005_00,1,
case_0241_20260712_054914_706_Alfie_Line_350D845F4A93D7EA962950925C6CA41C_000006_00,recorded,alfie,existing_corpus_v1,recreation,priestley2,77075163,,,inputs/transcripts/case_0241_20260712_054914_706_Alfie_Line_350D845F4A93D7EA962950925C6CA41C_000006_00.txt,inputs/wav/case_0241_20260712_054914_706_Alfie_Line_350D845F4A93D7EA962950925C6CA41C_000006_00.wav,inputs/gold/case_0241_20260712_054914_706_Alfie_Line_350D845F4A93D7EA962950925C6CA41C_000006_00,1,
case_0242_20260712_054923_633_Alfie_Line_350D845F4A93D7EA962950925C6CA41C_000007_00,recorded,alfie,existing_corpus_v1,recreation,lana,136348286,,,inputs/transcripts/case_0242_20260712_054923_633_Alfie_Line_350D845F4A93D7EA962950925C6CA41C_000007_00.txt,inputs/wav/case_0242_20260712_054923_633_Alfie_Line_350D845F4A93D7EA962950925C6CA41C_000007_00.wav,inputs/gold/case_0242_20260712_054923_633_Alfie_Line_350D845F4A93D7EA962950925C6CA41C_000007_00,1,
case_0243_20260712_060909_067_Alfie_Line_C5376AD94FAC73C2D2AF9E8794ABAEF7_000000_00,recorded,alfie,existing_corpus_v1,recreation,priestley,1561116319,,,inputs/transcripts/case_0243_20260712_060909_067_Alfie_Line_C5376AD94FAC73C2D2AF9E8794ABAEF7_000000_00.txt,inputs/wav/case_0243_20260712_060909_067_Alfie_Line_C5376AD94FAC73C2D2AF9E8794ABAEF7_000000_00.wav,inputs/gold/case_0243_20260712_060909_067_Alfie_Line_C5376AD94FAC73C2D2AF9E8794ABAEF7_000000_00,1,
case_0244_20260712_060916_188_Alfie_Line_C5376AD94FAC73C2D2AF9E8794ABAEF7_000001_00,recorded,alfie,existing_corpus_v1,recreation,alfie,116134628,,,inputs/transcripts/case_0244_20260712_060916_188_Alfie_Line_C5376AD94FAC73C2D2AF9E8794ABAEF7_000001_00.txt,inputs/wav/case_0244_20260712_060916_188_Alfie_Line_C5376AD94FAC73C2D2AF9E8794ABAEF7_000001_00.wav,inputs/gold/case_0244_20260712_060916_188_Alfie_Line_C5376AD94FAC73C2D2AF9E8794ABAEF7_000001_00,1,
case_0245_20260712_060925_927_Alfie_Line_C5376AD94FAC73C2D2AF9E8794ABAEF7_000002_00,recorded,alfie,existing_corpus_v1,recreation,alfie,518277812,,,inputs/transcripts/case_0245_20260712_060925_927_Alfie_Line_C5376AD94FAC73C2D2AF9E8794ABAEF7_000002_00.txt,inputs/wav/case_0245_20260712_060925_927_Alfie_Line_C5376AD94FAC73C2D2AF9E8794ABAEF7_000002_00.wav,inputs/gold/case_0245_20260712_060925_927_Alfie_Line_C5376AD94FAC73C2D2AF9E8794ABAEF7_000002_00,1,
case_0246_20260712_060938_376_Alfie_Line_C5376AD94FAC73C2D2AF9E8794ABAEF7_000003_00,recorded,alfie,existing_corpus_v1,recreation,alfie,244165866,,,inputs/transcripts/case_0246_20260712_060938_376_Alfie_Line_C5376AD94FAC73C2D2AF9E8794ABAEF7_000003_00.txt,inputs/wav/case_0246_20260712_060938_376_Alfie_Line_C5376AD94FAC73C2D2AF9E8794ABAEF7_000003_00.wav,inputs/gold/case_0246_20260712_060938_376_Alfie_Line_C5376AD94FAC73C2D2AF9E8794ABAEF7_000003_00,1,
case_0247_20260712_060946_373_Alfie_Line_C5376AD94FAC73C2D2AF9E8794ABAEF7_000004_00,recorded,alfie,existing_corpus_v1,recreation,priestley2,1885979531,,,inputs/transcripts/case_0247_20260712_060946_373_Alfie_Line_C5376AD94FAC73C2D2AF9E8794ABAEF7_000004_00.txt,inputs/wav/case_0247_20260712_060946_373_Alfie_Line_C5376AD94FAC73C2D2AF9E8794ABAEF7_000004_00.wav,inputs/gold/case_0247_20260712_060946_373_Alfie_Line_C5376AD94FAC73C2D2AF9E8794ABAEF7_000004_00,1,
case_0248_20260712_060957_978_Alfie_Line_C5376AD94FAC73C2D2AF9E8794ABAEF7_000005_00,recorded,alfie,existing_corpus_v1,recreation,lana,624848054,,,inputs/transcripts/case_0248_20260712_060957_978_Alfie_Line_C5376AD94FAC73C2D2AF9E8794ABAEF7_000005_00.txt,inputs/wav/case_0248_20260712_060957_978_Alfie_Line_C5376AD94FAC73C2D2AF9E8794ABAEF7_000005_00.wav,inputs/gold/case_0248_20260712_060957_978_Alfie_Line_C5376AD94FAC73C2D2AF9E8794ABAEF7_000005_00,1,
case_0249_20260712_061010_792_Alfie_Line_C5376AD94FAC73C2D2AF9E8794ABAEF7_000006_00,recorded,alfie,existing_corpus_v1,recreation,priestley,840627729,,,inputs/transcripts/case_0249_20260712_061010_792_Alfie_Line_C5376AD94FAC73C2D2AF9E8794ABAEF7_000006_00.txt,inputs/wav/case_0249_20260712_061010_792_Alfie_Line_C5376AD94FAC73C2D2AF9E8794ABAEF7_000006_00.wav,inputs/gold/case_0249_20260712_061010_792_Alfie_Line_C5376AD94FAC73C2D2AF9E8794ABAEF7_000006_00,1,
case_0250_20260712_061019_472_Alfie_Line_C5376AD94FAC73C2D2AF9E8794ABAEF7_000007_00,recorded,alfie,existing_corpus_v1,recreation,priestley,259652915,,,inputs/transcripts/case_0250_20260712_061019_472_Alfie_Line_C5376AD94FAC73C2D2AF9E8794ABAEF7_000007_00.txt,inputs/wav/case_0250_20260712_061019_472_Alfie_Line_C5376AD94FAC73C2D2AF9E8794ABAEF7_000007_00.wav,inputs/gold/case_0250_20260712_061019_472_Alfie_Line_C5376AD94FAC73C2D2AF9E8794ABAEF7_000007_00,1,
case_0251_20260712_061031_639_Alfie_Line_C5376AD94FAC73C2D2AF9E8794ABAEF7_000008_00,recorded,alfie,existing_corpus_v1,recreation,priestley,1798580290,,,inputs/transcripts/case_0251_20260712_061031_639_Alfie_Line_C5376AD94FAC73C2D2AF9E8794ABAEF7_000008_00.txt,inputs/wav/case_0251_20260712_061031_639_Alfie_Line_C5376AD94FAC73C2D2AF9E8794ABAEF7_000008_00.wav,inputs/gold/case_0251_20260712_061031_639_Alfie_Line_C5376AD94FAC73C2D2AF9E8794ABAEF7_000008_00,1,
case_0252_20260712_070103_996_Alfie_Line_B15225234ABA655328D6AD85EDC09235_000000_00,recorded,alfie,existing_corpus_v1,recreation,priestley2,379290677,,,inputs/transcripts/case_0252_20260712_070103_996_Alfie_Line_B15225234ABA655328D6AD85EDC09235_000000_00.txt,inputs/wav/case_0252_20260712_070103_996_Alfie_Line_B15225234ABA655328D6AD85EDC09235_000000_00.wav,inputs/gold/case_0252_20260712_070103_996_Alfie_Line_B15225234ABA655328D6AD85EDC09235_000000_00,1,
case_0253_20260712_070111_593_Alfie_Line_B15225234ABA655328D6AD85EDC09235_000001_00,recorded,alfie,existing_corpus_v1,recreation,priestley2,789813113,,,inputs/transcripts/case_0253_20260712_070111_593_Alfie_Line_B15225234ABA655328D6AD85EDC09235_000001_00.txt,inputs/wav/case_0253_20260712_070111_593_Alfie_Line_B15225234ABA655328D6AD85EDC09235_000001_00.wav,inputs/gold/case_0253_20260712_070111_593_Alfie_Line_B15225234ABA655328D6AD85EDC09235_000001_00,1,
case_0254_20260712_070120_708_Alfie_Line_B15225234ABA655328D6AD85EDC09235_000002_00,recorded,alfie,existing_corpus_v1,recreation,alfie,1029410770,,,inputs/transcripts/case_0254_20260712_070120_708_Alfie_Line_B15225234ABA655328D6AD85EDC09235_000002_00.txt,inputs/wav/case_0254_20260712_070120_708_Alfie_Line_B15225234ABA655328D6AD85EDC09235_000002_00.wav,inputs/gold/case_0254_20260712_070120_708_Alfie_Line_B15225234ABA655328D6AD85EDC09235_000002_00,1,
case_0255_20260712_070128_923_Alfie_Line_B15225234ABA655328D6AD85EDC09235_000003_00,recorded,alfie,existing_corpus_v1,recreation,priestley2,734723975,,,inputs/transcripts/case_0255_20260712_070128_923_Alfie_Line_B15225234ABA655328D6AD85EDC09235_000003_00.txt,inputs/wav/case_0255_20260712_070128_923_Alfie_Line_B15225234ABA655328D6AD85EDC09235_000003_00.wav,inputs/gold/case_0255_20260712_070128_923_Alfie_Line_B15225234ABA655328D6AD85EDC09235_000003_00,1,
case_0256_20260712_070139_097_Alfie_Line_B15225234ABA655328D6AD85EDC09235_000004_00,recorded,alfie,existing_corpus_v1,recreation,priestley,1928919344,,,inputs/transcripts/case_0256_20260712_070139_097_Alfie_Line_B15225234ABA655328D6AD85EDC09235_000004_00.txt,inputs/wav/case_0256_20260712_070139_097_Alfie_Line_B15225234ABA655328D6AD85EDC09235_000004_00.wav,inputs/gold/case_0256_20260712_070139_097_Alfie_Line_B15225234ABA655328D6AD85EDC09235_000004_00,1,
case_0257_20260712_070148_898_Alfie_Line_B15225234ABA655328D6AD85EDC09235_000005_00,recorded,alfie,existing_corpus_v1,recreation,lana,655016261,,,inputs/transcripts/case_0257_20260712_070148_898_Alfie_Line_B15225234ABA655328D6AD85EDC09235_000005_00.txt,inputs/wav/case_0257_20260712_070148_898_Alfie_Line_B15225234ABA655328D6AD85EDC09235_000005_00.wav,inputs/gold/case_0257_20260712_070148_898_Alfie_Line_B15225234ABA655328D6AD85EDC09235_000005_00,1,
case_0258_20260712_070208_413_Alfie_Line_B15225234ABA655328D6AD85EDC09235_000006_00,recorded,alfie,existing_corpus_v1,recreation,lana,451884598,,,inputs/transcripts/case_0258_20260712_070208_413_Alfie_Line_B15225234ABA655328D6AD85EDC09235_000006_00.txt,inputs/wav/case_0258_20260712_070208_413_Alfie_Line_B15225234ABA655328D6AD85EDC09235_000006_00.wav,inputs/gold/case_0258_20260712_070208_413_Alfie_Line_B15225234ABA655328D6AD85EDC09235_000006_00,1,
case_0259_20260712_070224_054_Alfie_Line_B15225234ABA655328D6AD85EDC09235_000007_00,recorded,alfie,existing_corpus_v1,recreation,priestley,654998815,,,inputs/transcripts/case_0259_20260712_070224_054_Alfie_Line_B15225234ABA655328D6AD85EDC09235_000007_00.txt,inputs/wav/case_0259_20260712_070224_054_Alfie_Line_B15225234ABA655328D6AD85EDC09235_000007_00.wav,inputs/gold/case_0259_20260712_070224_054_Alfie_Line_B15225234ABA655328D6AD85EDC09235_000007_00,1,
case_0260_20260712_070237_129_Alfie_Line_B15225234ABA655328D6AD85EDC09235_000008_00,recorded,alfie,existing_corpus_v1,recreation,alfie,977842857,,,inputs/transcripts/case_0260_20260712_070237_129_Alfie_Line_B15225234ABA655328D6AD85EDC09235_000008_00.txt,inputs/wav/case_0260_20260712_070237_129_Alfie_Line_B15225234ABA655328D6AD85EDC09235_000008_00.wav,inputs/gold/case_0260_20260712_070237_129_Alfie_Line_B15225234ABA655328D6AD85EDC09235_000008_00,1,
case_0261_20260712_070253_143_Alfie_Line_B15225234ABA655328D6AD85EDC09235_000009_00,recorded,alfie,existing_corpus_v1,recreation,lana,1889706366,,,inputs/transcripts/case_0261_20260712_070253_143_Alfie_Line_B15225234ABA655328D6AD85EDC09235_000009_00.txt,inputs/wav/case_0261_20260712_070253_143_Alfie_Line_B15225234ABA655328D6AD85EDC09235_000009_00.wav,inputs/gold/case_0261_20260712_070253_143_Alfie_Line_B15225234ABA655328D6AD85EDC09235_000009_00,1,
case_0262_20260712_070301_450_Alfie_Line_B15225234ABA655328D6AD85EDC09235_000010_00,recorded,alfie,existing_corpus_v1,recreation,priestley,1663207311,,,inputs/transcripts/case_0262_20260712_070301_450_Alfie_Line_B15225234ABA655328D6AD85EDC09235_000010_00.txt,inputs/wav/case_0262_20260712_070301_450_Alfie_Line_B15225234ABA655328D6AD85EDC09235_000010_00.wav,inputs/gold/case_0262_20260712_070301_450_Alfie_Line_B15225234ABA655328D6AD85EDC09235_000010_00,1,
case_0263_20260712_070308_214_Alfie_Line_B15225234ABA655328D6AD85EDC09235_000011_00,recorded,alfie,existing_corpus_v1,recreation,priestley2,1776872476,,,inputs/transcripts/case_0263_20260712_070308_214_Alfie_Line_B15225234ABA655328D6AD85EDC09235_000011_00.txt,inputs/wav/case_0263_20260712_070308_214_Alfie_Line_B15225234ABA655328D6AD85EDC09235_000011_00.wav,inputs/gold/case_0263_20260712_070308_214_Alfie_Line_B15225234ABA655328D6AD85EDC09235_000011_00,1,
case_0264_20260712_162929_613_Alfie_Line_F998A86D406B46A7465D8D985ADC752C_000000_00,recorded,alfie,existing_corpus_v1,recreation,priestley2,759085675,,,inputs/transcripts/case_0264_20260712_162929_613_Alfie_Line_F998A86D406B46A7465D8D985ADC752C_000000_00.txt,inputs/wav/case_0264_20260712_162929_613_Alfie_Line_F998A86D406B46A7465D8D985ADC752C_000000_00.wav,inputs/gold/case_0264_20260712_162929_613_Alfie_Line_F998A86D406B46A7465D8D985ADC752C_000000_00,1,
case_0265_20260712_162935_785_Alfie_Line_F998A86D406B46A7465D8D985ADC752C_000001_00,recorded,alfie,existing_corpus_v1,recreation,priestley,187734834,,,inputs/transcripts/case_0265_20260712_162935_785_Alfie_Line_F998A86D406B46A7465D8D985ADC752C_000001_00.txt,inputs/wav/case_0265_20260712_162935_785_Alfie_Line_F998A86D406B46A7465D8D985ADC752C_000001_00.wav,inputs/gold/case_0265_20260712_162935_785_Alfie_Line_F998A86D406B46A7465D8D985ADC752C_000001_00,1,
case_0266_20260712_162943_613_Alfie_Line_F998A86D406B46A7465D8D985ADC752C_000002_00,recorded,alfie,existing_corpus_v1,recreation,priestley,1965123298,,,inputs/transcripts/case_0266_20260712_162943_613_Alfie_Line_F998A86D406B46A7465D8D985ADC752C_000002_00.txt,inputs/wav/case_0266_20260712_162943_613_Alfie_Line_F998A86D406B46A7465D8D985ADC752C_000002_00.wav,inputs/gold/case_0266_20260712_162943_613_Alfie_Line_F998A86D406B46A7465D8D985ADC752C_000002_00,1,
case_0267_20260712_163038_816_Alfie_Line_F998A86D406B46A7465D8D985ADC752C_000003_00,recorded,alfie,existing_corpus_v1,recreation,alfie,223804558,,,inputs/transcripts/case_0267_20260712_163038_816_Alfie_Line_F998A86D406B46A7465D8D985ADC752C_000003_00.txt,inputs/wav/case_0267_20260712_163038_816_Alfie_Line_F998A86D406B46A7465D8D985ADC752C_000003_00.wav,inputs/gold/case_0267_20260712_163038_816_Alfie_Line_F998A86D406B46A7465D8D985ADC752C_000003_00,1,
case_0268_20260712_163116_170_Alfie_Line_F998A86D406B46A7465D8D985ADC752C_000004_00,recorded,alfie,existing_corpus_v1,recreation,lana,1236788779,,,inputs/transcripts/case_0268_20260712_163116_170_Alfie_Line_F998A86D406B46A7465D8D985ADC752C_000004_00.txt,inputs/wav/case_0268_20260712_163116_170_Alfie_Line_F998A86D406B46A7465D8D985ADC752C_000004_00.wav,inputs/gold/case_0268_20260712_163116_170_Alfie_Line_F998A86D406B46A7465D8D985ADC752C_000004_00,1,
case_0269_20260712_163127_321_Alfie_Line_F998A86D406B46A7465D8D985ADC752C_000005_00,recorded,alfie,existing_corpus_v1,recreation,priestley2,87705693,,,inputs/transcripts/case_0269_20260712_163127_321_Alfie_Line_F998A86D406B46A7465D8D985ADC752C_000005_00.txt,inputs/wav/case_0269_20260712_163127_321_Alfie_Line_F998A86D406B46A7465D8D985ADC752C_000005_00.wav,inputs/gold/case_0269_20260712_163127_321_Alfie_Line_F998A86D406B46A7465D8D985ADC752C_000005_00,1,
case_0270_20260712_163138_146_Alfie_Line_F998A86D406B46A7465D8D985ADC752C_000006_00,recorded,alfie,existing_corpus_v1,recreation,alfie,1662222208,,,inputs/transcripts/case_0270_20260712_163138_146_Alfie_Line_F998A86D406B46A7465D8D985ADC752C_000006_00.txt,inputs/wav/case_0270_20260712_163138_146_Alfie_Line_F998A86D406B46A7465D8D985ADC752C_000006_00.wav,inputs/gold/case_0270_20260712_163138_146_Alfie_Line_F998A86D406B46A7465D8D985ADC752C_000006_00,1,
case_0271_20260712_163205_014_Alfie_Line_F998A86D406B46A7465D8D985ADC752C_000007_00,recorded,alfie,existing_corpus_v1,recreation,priestley,1309209436,,,inputs/transcripts/case_0271_20260712_163205_014_Alfie_Line_F998A86D406B46A7465D8D985ADC752C_000007_00.txt,inputs/wav/case_0271_20260712_163205_014_Alfie_Line_F998A86D406B46A7465D8D985ADC752C_000007_00.wav,inputs/gold/case_0271_20260712_163205_014_Alfie_Line_F998A86D406B46A7465D8D985ADC752C_000007_00,1,
case_0272_20260712_163217_014_Alfie_Line_F998A86D406B46A7465D8D985ADC752C_000008_00,recorded,alfie,existing_corpus_v1,recreation,priestley,1097661131,,,inputs/transcripts/case_0272_20260712_163217_014_Alfie_Line_F998A86D406B46A7465D8D985ADC752C_000008_00.txt,inputs/wav/case_0272_20260712_163217_014_Alfie_Line_F998A86D406B46A7465D8D985ADC752C_000008_00.wav,inputs/gold/case_0272_20260712_163217_014_Alfie_Line_F998A86D406B46A7465D8D985ADC752C_000008_00,1,
case_0273_20260712_163227_762_Alfie_Line_F998A86D406B46A7465D8D985ADC752C_000009_00,recorded,alfie,existing_corpus_v1,recreation,priestley,1548761868,,,inputs/transcripts/case_0273_20260712_163227_762_Alfie_Line_F998A86D406B46A7465D8D985ADC752C_000009_00.txt,inputs/wav/case_0273_20260712_163227_762_Alfie_Line_F998A86D406B46A7465D8D985ADC752C_000009_00.wav,inputs/gold/case_0273_20260712_163227_762_Alfie_Line_F998A86D406B46A7465D8D985ADC752C_000009_00,1,
case_0274_20260712_163256_386_Alfie_Line_F998A86D406B46A7465D8D985ADC752C_000010_00,recorded,alfie,existing_corpus_v1,recreation,priestley2,1695003482,,,inputs/transcripts/case_0274_20260712_163256_386_Alfie_Line_F998A86D406B46A7465D8D985ADC752C_000010_00.txt,inputs/wav/case_0274_20260712_163256_386_Alfie_Line_F998A86D406B46A7465D8D985ADC752C_000010_00.wav,inputs/gold/case_0274_20260712_163256_386_Alfie_Line_F998A86D406B46A7465D8D985ADC752C_000010_00,1,
case_0275_20260712_171504_124_Alfie_Line_29F9E25C436875A043517F820043570B_000000_00,recorded,alfie,existing_corpus_v1,recreation,priestley,2064496934,,,inputs/transcripts/case_0275_20260712_171504_124_Alfie_Line_29F9E25C436875A043517F820043570B_000000_00.txt,inputs/wav/case_0275_20260712_171504_124_Alfie_Line_29F9E25C436875A043517F820043570B_000000_00.wav,inputs/gold/case_0275_20260712_171504_124_Alfie_Line_29F9E25C436875A043517F820043570B_000000_00,1,
case_0276_20260712_171510_873_Alfie_Line_29F9E25C436875A043517F820043570B_000001_00,recorded,alfie,existing_corpus_v1,recreation,alfie,288722898,,,inputs/transcripts/case_0276_20260712_171510_873_Alfie_Line_29F9E25C436875A043517F820043570B_000001_00.txt,inputs/wav/case_0276_20260712_171510_873_Alfie_Line_29F9E25C436875A043517F820043570B_000001_00.wav,inputs/gold/case_0276_20260712_171510_873_Alfie_Line_29F9E25C436875A043517F820043570B_000001_00,1,
case_0277_20260712_171522_011_Alfie_Line_29F9E25C436875A043517F820043570B_000002_00,recorded,alfie,existing_corpus_v1,recreation,priestley2,2127495740,,,inputs/transcripts/case_0277_20260712_171522_011_Alfie_Line_29F9E25C436875A043517F820043570B_000002_00.txt,inputs/wav/case_0277_20260712_171522_011_Alfie_Line_29F9E25C436875A043517F820043570B_000002_00.wav,inputs/gold/case_0277_20260712_171522_011_Alfie_Line_29F9E25C436875A043517F820043570B_000002_00,1,
case_0278_20260712_171612_703_Alfie_Line_29F9E25C436875A043517F820043570B_000003_00,recorded,alfie,existing_corpus_v1,recreation,alfie,1060387851,,,inputs/transcripts/case_0278_20260712_171612_703_Alfie_Line_29F9E25C436875A043517F820043570B_000003_00.txt,inputs/wav/case_0278_20260712_171612_703_Alfie_Line_29F9E25C436875A043517F820043570B_000003_00.wav,inputs/gold/case_0278_20260712_171612_703_Alfie_Line_29F9E25C436875A043517F820043570B_000003_00,1,
case_0279_20260712_171638_135_Alfie_Line_29F9E25C436875A043517F820043570B_000004_00,recorded,alfie,existing_corpus_v1,recreation,priestley,246528610,,,inputs/transcripts/case_0279_20260712_171638_135_Alfie_Line_29F9E25C436875A043517F820043570B_000004_00.txt,inputs/wav/case_0279_20260712_171638_135_Alfie_Line_29F9E25C436875A043517F820043570B_000004_00.wav,inputs/gold/case_0279_20260712_171638_135_Alfie_Line_29F9E25C436875A043517F820043570B_000004_00,1,
case_0280_20260712_171646_727_Alfie_Line_29F9E25C436875A043517F820043570B_000005_00,recorded,alfie,existing_corpus_v1,recreation,priestley,1869112786,,,inputs/transcripts/case_0280_20260712_171646_727_Alfie_Line_29F9E25C436875A043517F820043570B_000005_00.txt,inputs/wav/case_0280_20260712_171646_727_Alfie_Line_29F9E25C436875A043517F820043570B_000005_00.wav,inputs/gold/case_0280_20260712_171646_727_Alfie_Line_29F9E25C436875A043517F820043570B_000005_00,1,
case_0281_20260712_171655_445_Alfie_Line_29F9E25C436875A043517F820043570B_000006_00,recorded,alfie,existing_corpus_v1,recreation,priestley,1307224750,,,inputs/transcripts/case_0281_20260712_171655_445_Alfie_Line_29F9E25C436875A043517F820043570B_000006_00.txt,inputs/wav/case_0281_20260712_171655_445_Alfie_Line_29F9E25C436875A043517F820043570B_000006_00.wav,inputs/gold/case_0281_20260712_171655_445_Alfie_Line_29F9E25C436875A043517F820043570B_000006_00,1,
case_0282_20260712_171703_310_Alfie_Line_29F9E25C436875A043517F820043570B_000007_00,recorded,alfie,existing_corpus_v1,recreation,lana,1094675576,,,inputs/transcripts/case_0282_20260712_171703_310_Alfie_Line_29F9E25C436875A043517F820043570B_000007_00.txt,inputs/wav/case_0282_20260712_171703_310_Alfie_Line_29F9E25C436875A043517F820043570B_000007_00.wav,inputs/gold/case_0282_20260712_171703_310_Alfie_Line_29F9E25C436875A043517F820043570B_000007_00,1,
case_0283_20260712_171710_664_Alfie_Line_29F9E25C436875A043517F820043570B_000008_00,recorded,alfie,existing_corpus_v1,recreation,lana,48689378,,,inputs/transcripts/case_0283_20260712_171710_664_Alfie_Line_29F9E25C436875A043517F820043570B_000008_00.txt,inputs/wav/case_0283_20260712_171710_664_Alfie_Line_29F9E25C436875A043517F820043570B_000008_00.wav,inputs/gold/case_0283_20260712_171710_664_Alfie_Line_29F9E25C436875A043517F820043570B_000008_00,1,
case_0284_20260712_171716_214_Alfie_Line_29F9E25C436875A043517F820043570B_000009_00,recorded,alfie,existing_corpus_v1,recreation,priestley,388264230,,,inputs/transcripts/case_0284_20260712_171716_214_Alfie_Line_29F9E25C436875A043517F820043570B_000009_00.txt,inputs/wav/case_0284_20260712_171716_214_Alfie_Line_29F9E25C436875A043517F820043570B_000009_00.wav,inputs/gold/case_0284_20260712_171716_214_Alfie_Line_29F9E25C436875A043517F820043570B_000009_00,1,
case_0285_20260712_171743_152_Alfie_Line_29F9E25C436875A043517F820043570B_000010_00,recorded,alfie,existing_corpus_v1,recreation,priestley,736552918,,,inputs/transcripts/case_0285_20260712_171743_152_Alfie_Line_29F9E25C436875A043517F820043570B_000010_00.txt,inputs/wav/case_0285_20260712_171743_152_Alfie_Line_29F9E25C436875A043517F820043570B_000010_00.wav,inputs/gold/case_0285_20260712_171743_152_Alfie_Line_29F9E25C436875A043517F820043570B_000010_00,1,
case_0286_20260712_171751_378_Alfie_Line_29F9E25C436875A043517F820043570B_000011_00,recorded,alfie,existing_corpus_v1,recreation,priestley2,4041980,,,inputs/transcripts/case_0286_20260712_171751_378_Alfie_Line_29F9E25C436875A043517F820043570B_000011_00.txt,inputs/wav/case_0286_20260712_171751_378_Alfie_Line_29F9E25C436875A043517F820043570B_000011_00.wav,inputs/gold/case_0286_20260712_171751_378_Alfie_Line_29F9E25C436875A043517F820043570B_000011_00,1,
case_0287_20260712_171818_892_Alfie_Line_29F9E25C436875A043517F820043570B_000012_00,recorded,alfie,existing_corpus_v1,recreation,lana,467563144,,,inputs/transcripts/case_0287_20260712_171818_892_Alfie_Line_29F9E25C436875A043517F820043570B_000012_00.txt,inputs/wav/case_0287_20260712_171818_892_Alfie_Line_29F9E25C436875A043517F820043570B_000012_00.wav,inputs/gold/case_0287_20260712_171818_892_Alfie_Line_29F9E25C436875A043517F820043570B_000012_00,1,
case_0288_20260712_171826_212_Alfie_Line_29F9E25C436875A043517F820043570B_000013_00,recorded,alfie,existing_corpus_v1,recreation,priestley2,715245902,,,inputs/transcripts/case_0288_20260712_171826_212_Alfie_Line_29F9E25C436875A043517F820043570B_000013_00.txt,inputs/wav/case_0288_20260712_171826_212_Alfie_Line_29F9E25C436875A043517F820043570B_000013_00.wav,inputs/gold/case_0288_20260712_171826_212_Alfie_Line_29F9E25C436875A043517F820043570B_000013_00,1,
case_0289_20260712_171835_540_Alfie_Line_29F9E25C436875A043517F820043570B_000014_00,recorded,alfie,existing_corpus_v1,recreation,lana,1443264531,,,inputs/transcripts/case_0289_20260712_171835_540_Alfie_Line_29F9E25C436875A043517F820043570B_000014_00.txt,inputs/wav/case_0289_20260712_171835_540_Alfie_Line_29F9E25C436875A043517F820043570B_000014_00.wav,inputs/gold/case_0289_20260712_171835_540_Alfie_Line_29F9E25C436875A043517F820043570B_000014_00,1,
case_0290_20260712_174956_421_Alfie_Line_B36560424BE92E88D6079388E4D2B661_000000_00,recorded,alfie,existing_corpus_v1,recreation,lana,1431942309,,,inputs/transcripts/case_0290_20260712_174956_421_Alfie_Line_B36560424BE92E88D6079388E4D2B661_000000_00.txt,inputs/wav/case_0290_20260712_174956_421_Alfie_Line_B36560424BE92E88D6079388E4D2B661_000000_00.wav,inputs/gold/case_0290_20260712_174956_421_Alfie_Line_B36560424BE92E88D6079388E4D2B661_000000_00,1,
case_0291_20260712_214416_193_Alfie_Line_6C5F7377423C1E4C5090BD833BB55393_000000_00,recorded,alfie,existing_corpus_v1,recreation,priestley2,1051362585,,,inputs/transcripts/case_0291_20260712_214416_193_Alfie_Line_6C5F7377423C1E4C5090BD833BB55393_000000_00.txt,inputs/wav/case_0291_20260712_214416_193_Alfie_Line_6C5F7377423C1E4C5090BD833BB55393_000000_00.wav,inputs/gold/case_0291_20260712_214416_193_Alfie_Line_6C5F7377423C1E4C5090BD833BB55393_000000_00,1,
case_0292_20260712_214422_351_Alfie_Line_6C5F7377423C1E4C5090BD833BB55393_000001_00,recorded,alfie,existing_corpus_v1,recreation,alfie,968447068,,,inputs/transcripts/case_0292_20260712_214422_351_Alfie_Line_6C5F7377423C1E4C5090BD833BB55393_000001_00.txt,inputs/wav/case_0292_20260712_214422_351_Alfie_Line_6C5F7377423C1E4C5090BD833BB55393_000001_00.wav,inputs/gold/case_0292_20260712_214422_351_Alfie_Line_6C5F7377423C1E4C5090BD833BB55393_000001_00,1,
case_0293_20260712_214431_775_Alfie_Line_6C5F7377423C1E4C5090BD833BB55393_000002_00,recorded,alfie,existing_corpus_v1,recreation,alfie,597937954,,,inputs/transcripts/case_0293_20260712_214431_775_Alfie_Line_6C5F7377423C1E4C5090BD833BB55393_000002_00.txt,inputs/wav/case_0293_20260712_214431_775_Alfie_Line_6C5F7377423C1E4C5090BD833BB55393_000002_00.wav,inputs/gold/case_0293_20260712_214431_775_Alfie_Line_6C5F7377423C1E4C5090BD833BB55393_000002_00,1,
case_0294_20260712_214444_849_Alfie_Line_6C5F7377423C1E4C5090BD833BB55393_000003_00,recorded,alfie,existing_corpus_v1,recreation,lana,1512299317,,,inputs/transcripts/case_0294_20260712_214444_849_Alfie_Line_6C5F7377423C1E4C5090BD833BB55393_000003_00.txt,inputs/wav/case_0294_20260712_214444_849_Alfie_Line_6C5F7377423C1E4C5090BD833BB55393_000003_00.wav,inputs/gold/case_0294_20260712_214444_849_Alfie_Line_6C5F7377423C1E4C5090BD833BB55393_000003_00,1,
case_0295_20260712_214453_500_Alfie_Line_6C5F7377423C1E4C5090BD833BB55393_000004_00,recorded,alfie,existing_corpus_v1,recreation,priestley2,300649241,,,inputs/transcripts/case_0295_20260712_214453_500_Alfie_Line_6C5F7377423C1E4C5090BD833BB55393_000004_00.txt,inputs/wav/case_0295_20260712_214453_500_Alfie_Line_6C5F7377423C1E4C5090BD833BB55393_000004_00.wav,inputs/gold/case_0295_20260712_214453_500_Alfie_Line_6C5F7377423C1E4C5090BD833BB55393_000004_00,1,
case_0296_20260712_214512_355_Alfie_Line_6C5F7377423C1E4C5090BD833BB55393_000005_00,recorded,alfie,existing_corpus_v1,recreation,lana,832113835,,,inputs/transcripts/case_0296_20260712_214512_355_Alfie_Line_6C5F7377423C1E4C5090BD833BB55393_000005_00.txt,inputs/wav/case_0296_20260712_214512_355_Alfie_Line_6C5F7377423C1E4C5090BD833BB55393_000005_00.wav,inputs/gold/case_0296_20260712_214512_355_Alfie_Line_6C5F7377423C1E4C5090BD833BB55393_000005_00,1,
case_0297_20260712_214523_258_Alfie_Line_6C5F7377423C1E4C5090BD833BB55393_000006_00,recorded,alfie,existing_corpus_v1,recreation,lana,1391004032,,,inputs/transcripts/case_0297_20260712_214523_258_Alfie_Line_6C5F7377423C1E4C5090BD833BB55393_000006_00.txt,inputs/wav/case_0297_20260712_214523_258_Alfie_Line_6C5F7377423C1E4C5090BD833BB55393_000006_00.wav,inputs/gold/case_0297_20260712_214523_258_Alfie_Line_6C5F7377423C1E4C5090BD833BB55393_000006_00,1,
case_0298_20260712_221517_774_Alfie_Line_D5C91DD94BEFCA523D58A8A85F6C21C4_000000_00,recorded,alfie,existing_corpus_v1,recreation,priestley,214850779,,,inputs/transcripts/case_0298_20260712_221517_774_Alfie_Line_D5C91DD94BEFCA523D58A8A85F6C21C4_000000_00.txt,inputs/wav/case_0298_20260712_221517_774_Alfie_Line_D5C91DD94BEFCA523D58A8A85F6C21C4_000000_00.wav,inputs/gold/case_0298_20260712_221517_774_Alfie_Line_D5C91DD94BEFCA523D58A8A85F6C21C4_000000_00,1,
case_0299_20260712_221523_780_Alfie_Line_D5C91DD94BEFCA523D58A8A85F6C21C4_000001_00,recorded,alfie,existing_corpus_v1,recreation,alfie,1726364804,,,inputs/transcripts/case_0299_20260712_221523_780_Alfie_Line_D5C91DD94BEFCA523D58A8A85F6C21C4_000001_00.txt,inputs/wav/case_0299_20260712_221523_780_Alfie_Line_D5C91DD94BEFCA523D58A8A85F6C21C4_000001_00.wav,inputs/gold/case_0299_20260712_221523_780_Alfie_Line_D5C91DD94BEFCA523D58A8A85F6C21C4_000001_00,1,
case_0300_20260712_221529_496_Alfie_Line_D5C91DD94BEFCA523D58A8A85F6C21C4_000002_00,recorded,alfie,existing_corpus_v1,recreation,lana,519418249,,,inputs/transcripts/case_0300_20260712_221529_496_Alfie_Line_D5C91DD94BEFCA523D58A8A85F6C21C4_000002_00.txt,inputs/wav/case_0300_20260712_221529_496_Alfie_Line_D5C91DD94BEFCA523D58A8A85F6C21C4_000002_00.wav,inputs/gold/case_0300_20260712_221529_496_Alfie_Line_D5C91DD94BEFCA523D58A8A85F6C21C4_000002_00,1,
case_0301_20260712_221540_388_Alfie_Line_D5C91DD94BEFCA523D58A8A85F6C21C4_000003_00,recorded,alfie,existing_corpus_v1,recreation,alfie,732644467,,,inputs/transcripts/case_0301_20260712_221540_388_Alfie_Line_D5C91DD94BEFCA523D58A8A85F6C21C4_000003_00.txt,inputs/wav/case_0301_20260712_221540_388_Alfie_Line_D5C91DD94BEFCA523D58A8A85F6C21C4_000003_00.wav,inputs/gold/case_0301_20260712_221540_388_Alfie_Line_D5C91DD94BEFCA523D58A8A85F6C21C4_000003_00,1,
case_0302_20260712_221550_202_Alfie_Line_D5C91DD94BEFCA523D58A8A85F6C21C4_000004_00,recorded,alfie,existing_corpus_v1,recreation,lana,211334792,,,inputs/transcripts/case_0302_20260712_221550_202_Alfie_Line_D5C91DD94BEFCA523D58A8A85F6C21C4_000004_00.txt,inputs/wav/case_0302_20260712_221550_202_Alfie_Line_D5C91DD94BEFCA523D58A8A85F6C21C4_000004_00.wav,inputs/gold/case_0302_20260712_221550_202_Alfie_Line_D5C91DD94BEFCA523D58A8A85F6C21C4_000004_00,1,
case_0303_20260712_221600_986_Alfie_Line_D5C91DD94BEFCA523D58A8A85F6C21C4_000005_00,recorded,alfie,existing_corpus_v1,recreation,alfie,2061322228,,,inputs/transcripts/case_0303_20260712_221600_986_Alfie_Line_D5C91DD94BEFCA523D58A8A85F6C21C4_000005_00.txt,inputs/wav/case_0303_20260712_221600_986_Alfie_Line_D5C91DD94BEFCA523D58A8A85F6C21C4_000005_00.wav,inputs/gold/case_0303_20260712_221600_986_Alfie_Line_D5C91DD94BEFCA523D58A8A85F6C21C4_000005_00,1,
case_0304_20260712_221623_380_Alfie_Line_D5C91DD94BEFCA523D58A8A85F6C21C4_000006_00,recorded,alfie,existing_corpus_v1,recreation,priestley,1925254646,,,inputs/transcripts/case_0304_20260712_221623_380_Alfie_Line_D5C91DD94BEFCA523D58A8A85F6C21C4_000006_00.txt,inputs/wav/case_0304_20260712_221623_380_Alfie_Line_D5C91DD94BEFCA523D58A8A85F6C21C4_000006_00.wav,inputs/gold/case_0304_20260712_221623_380_Alfie_Line_D5C91DD94BEFCA523D58A8A85F6C21C4_000006_00,1,
case_0305_20260712_221634_476_Alfie_Line_D5C91DD94BEFCA523D58A8A85F6C21C4_000007_00,recorded,alfie,existing_corpus_v1,recreation,lana,504747792,,,inputs/transcripts/case_0305_20260712_221634_476_Alfie_Line_D5C91DD94BEFCA523D58A8A85F6C21C4_000007_00.txt,inputs/wav/case_0305_20260712_221634_476_Alfie_Line_D5C91DD94BEFCA523D58A8A85F6C21C4_000007_00.wav,inputs/gold/case_0305_20260712_221634_476_Alfie_Line_D5C91DD94BEFCA523D58A8A85F6C21C4_000007_00,1,
case_0306_20260713_122839_024_Alfie_Line_80998E274D47AA4FA8BFF699CDAC1816_000000_00,recorded,alfie,existing_corpus_v1,recreation,alfie,256282887,,,inputs/transcripts/case_0306_20260713_122839_024_Alfie_Line_80998E274D47AA4FA8BFF699CDAC1816_000000_00.txt,inputs/wav/case_0306_20260713_122839_024_Alfie_Line_80998E274D47AA4FA8BFF699CDAC1816_000000_00.wav,inputs/gold/case_0306_20260713_122839_024_Alfie_Line_80998E274D47AA4FA8BFF699CDAC1816_000000_00,1,
case_0307_20260713_142103_908_Alfie_Line_C83FA3F4462C96658F16EE81928BD66B_000000_00,recorded,alfie,existing_corpus_v1,recreation,priestley,526085736,,,inputs/transcripts/case_0307_20260713_142103_908_Alfie_Line_C83FA3F4462C96658F16EE81928BD66B_000000_00.txt,inputs/wav/case_0307_20260713_142103_908_Alfie_Line_C83FA3F4462C96658F16EE81928BD66B_000000_00.wav,inputs/gold/case_0307_20260713_142103_908_Alfie_Line_C83FA3F4462C96658F16EE81928BD66B_000000_00,1,
case_0308_20260713_142111_546_Alfie_Line_C83FA3F4462C96658F16EE81928BD66B_000001_00,recorded,alfie,existing_corpus_v1,recreation,priestley,959440291,,,inputs/transcripts/case_0308_20260713_142111_546_Alfie_Line_C83FA3F4462C96658F16EE81928BD66B_000001_00.txt,inputs/wav/case_0308_20260713_142111_546_Alfie_Line_C83FA3F4462C96658F16EE81928BD66B_000001_00.wav,inputs/gold/case_0308_20260713_142111_546_Alfie_Line_C83FA3F4462C96658F16EE81928BD66B_000001_00,1,
case_0309_20260713_142120_252_Alfie_Line_C83FA3F4462C96658F16EE81928BD66B_000002_00,recorded,alfie,existing_corpus_v1,recreation,alfie,960613414,,,inputs/transcripts/case_0309_20260713_142120_252_Alfie_Line_C83FA3F4462C96658F16EE81928BD66B_000002_00.txt,inputs/wav/case_0309_20260713_142120_252_Alfie_Line_C83FA3F4462C96658F16EE81928BD66B_000002_00.wav,inputs/gold/case_0309_20260713_142120_252_Alfie_Line_C83FA3F4462C96658F16EE81928BD66B_000002_00,1,
case_0310_20260713_142132_831_Alfie_Line_C83FA3F4462C96658F16EE81928BD66B_000003_00,recorded,alfie,existing_corpus_v1,recreation,priestley,1335449918,,,inputs/transcripts/case_0310_20260713_142132_831_Alfie_Line_C83FA3F4462C96658F16EE81928BD66B_000003_00.txt,inputs/wav/case_0310_20260713_142132_831_Alfie_Line_C83FA3F4462C96658F16EE81928BD66B_000003_00.wav,inputs/gold/case_0310_20260713_142132_831_Alfie_Line_C83FA3F4462C96658F16EE81928BD66B_000003_00,1,
case_0311_20260713_142141_084_Alfie_Line_C83FA3F4462C96658F16EE81928BD66B_000004_00,recorded,alfie,existing_corpus_v1,recreation,priestley2,1787790050,,,inputs/transcripts/case_0311_20260713_142141_084_Alfie_Line_C83FA3F4462C96658F16EE81928BD66B_000004_00.txt,inputs/wav/case_0311_20260713_142141_084_Alfie_Line_C83FA3F4462C96658F16EE81928BD66B_000004_00.wav,inputs/gold/case_0311_20260713_142141_084_Alfie_Line_C83FA3F4462C96658F16EE81928BD66B_000004_00,1,
case_0312_20260713_142152_397_Alfie_Line_C83FA3F4462C96658F16EE81928BD66B_000005_00,recorded,alfie,existing_corpus_v1,recreation,alfie,458213611,,,inputs/transcripts/case_0312_20260713_142152_397_Alfie_Line_C83FA3F4462C96658F16EE81928BD66B_000005_00.txt,inputs/wav/case_0312_20260713_142152_397_Alfie_Line_C83FA3F4462C96658F16EE81928BD66B_000005_00.wav,inputs/gold/case_0312_20260713_142152_397_Alfie_Line_C83FA3F4462C96658F16EE81928BD66B_000005_00,1,
case_0313_20260713_142203_658_Alfie_Line_C83FA3F4462C96658F16EE81928BD66B_000006_00,recorded,alfie,existing_corpus_v1,recreation,alfie,595684147,,,inputs/transcripts/case_0313_20260713_142203_658_Alfie_Line_C83FA3F4462C96658F16EE81928BD66B_000006_00.txt,inputs/wav/case_0313_20260713_142203_658_Alfie_Line_C83FA3F4462C96658F16EE81928BD66B_000006_00.wav,inputs/gold/case_0313_20260713_142203_658_Alfie_Line_C83FA3F4462C96658F16EE81928BD66B_000006_00,1,
case_0314_20260713_142217_647_Alfie_Line_C83FA3F4462C96658F16EE81928BD66B_000007_00,recorded,alfie,existing_corpus_v1,recreation,alfie,1376459110,,,inputs/transcripts/case_0314_20260713_142217_647_Alfie_Line_C83FA3F4462C96658F16EE81928BD66B_000007_00.txt,inputs/wav/case_0314_20260713_142217_647_Alfie_Line_C83FA3F4462C96658F16EE81928BD66B_000007_00.wav,inputs/gold/case_0314_20260713_142217_647_Alfie_Line_C83FA3F4462C96658F16EE81928BD66B_000007_00,1,
case_0315_20260713_142226_924_Alfie_Line_C83FA3F4462C96658F16EE81928BD66B_000008_00,recorded,alfie,existing_corpus_v1,recreation,priestley,920907165,,,inputs/transcripts/case_0315_20260713_142226_924_Alfie_Line_C83FA3F4462C96658F16EE81928BD66B_000008_00.txt,inputs/wav/case_0315_20260713_142226_924_Alfie_Line_C83FA3F4462C96658F16EE81928BD66B_000008_00.wav,inputs/gold/case_0315_20260713_142226_924_Alfie_Line_C83FA3F4462C96658F16EE81928BD66B_000008_00,1,
case_0316_20260713_142234_938_Alfie_Line_C83FA3F4462C96658F16EE81928BD66B_000009_00,recorded,alfie,existing_corpus_v1,recreation,alfie,466367765,,,inputs/transcripts/case_0316_20260713_142234_938_Alfie_Line_C83FA3F4462C96658F16EE81928BD66B_000009_00.txt,inputs/wav/case_0316_20260713_142234_938_Alfie_Line_C83FA3F4462C96658F16EE81928BD66B_000009_00.wav,inputs/gold/case_0316_20260713_142234_938_Alfie_Line_C83FA3F4462C96658F16EE81928BD66B_000009_00,1,
case_0317_20260713_142247_721_Alfie_Line_C83FA3F4462C96658F16EE81928BD66B_000010_00,recorded,alfie,existing_corpus_v1,recreation,alfie,1780578995,,,inputs/transcripts/case_0317_20260713_142247_721_Alfie_Line_C83FA3F4462C96658F16EE81928BD66B_000010_00.txt,inputs/wav/case_0317_20260713_142247_721_Alfie_Line_C83FA3F4462C96658F16EE81928BD66B_000010_00.wav,inputs/gold/case_0317_20260713_142247_721_Alfie_Line_C83FA3F4462C96658F16EE81928BD66B_000010_00,1,
case_0318_20260713_142337_253_Alfie_Line_C83FA3F4462C96658F16EE81928BD66B_000011_00,recorded,alfie,existing_corpus_v1,recreation,lana,949677169,,,inputs/transcripts/case_0318_20260713_142337_253_Alfie_Line_C83FA3F4462C96658F16EE81928BD66B_000011_00.txt,inputs/wav/case_0318_20260713_142337_253_Alfie_Line_C83FA3F4462C96658F16EE81928BD66B_000011_00.wav,inputs/gold/case_0318_20260713_142337_253_Alfie_Line_C83FA3F4462C96658F16EE81928BD66B_000011_00,1,
case_0319_20260713_142358_218_Alfie_Line_C83FA3F4462C96658F16EE81928BD66B_000012_00,recorded,alfie,existing_corpus_v1,recreation,lana,1563171714,,,inputs/transcripts/case_0319_20260713_142358_218_Alfie_Line_C83FA3F4462C96658F16EE81928BD66B_000012_00.txt,inputs/wav/case_0319_20260713_142358_218_Alfie_Line_C83FA3F4462C96658F16EE81928BD66B_000012_00.wav,inputs/gold/case_0319_20260713_142358_218_Alfie_Line_C83FA3F4462C96658F16EE81928BD66B_000012_00,1,
case_0320_20260714_072744_028_Alfie_Line_B3F7A11045F485E9D389F2A3EE658E3C_000000_00,recorded,alfie,existing_corpus_v1,recreation,lana,861026258,,,inputs/transcripts/case_0320_20260714_072744_028_Alfie_Line_B3F7A11045F485E9D389F2A3EE658E3C_000000_00.txt,inputs/wav/case_0320_20260714_072744_028_Alfie_Line_B3F7A11045F485E9D389F2A3EE658E3C_000000_00.wav,inputs/gold/case_0320_20260714_072744_028_Alfie_Line_B3F7A11045F485E9D389F2A3EE658E3C_000000_00,1,
case_0321_20260714_072750_924_Alfie_Line_B3F7A11045F485E9D389F2A3EE658E3C_000001_00,recorded,alfie,existing_corpus_v1,recreation,alfie,331997988,,,inputs/transcripts/case_0321_20260714_072750_924_Alfie_Line_B3F7A11045F485E9D389F2A3EE658E3C_000001_00.txt,inputs/wav/case_0321_20260714_072750_924_Alfie_Line_B3F7A11045F485E9D389F2A3EE658E3C_000001_00.wav,inputs/gold/case_0321_20260714_072750_924_Alfie_Line_B3F7A11045F485E9D389F2A3EE658E3C_000001_00,1,
case_0322_20260714_072758_587_Alfie_Line_B3F7A11045F485E9D389F2A3EE658E3C_000002_00,recorded,alfie,existing_corpus_v1,recreation,lana,1946677966,,,inputs/transcripts/case_0322_20260714_072758_587_Alfie_Line_B3F7A11045F485E9D389F2A3EE658E3C_000002_00.txt,inputs/wav/case_0322_20260714_072758_587_Alfie_Line_B3F7A11045F485E9D389F2A3EE658E3C_000002_00.wav,inputs/gold/case_0322_20260714_072758_587_Alfie_Line_B3F7A11045F485E9D389F2A3EE658E3C_000002_00,1,
case_0323_20260714_072807_986_Alfie_Line_B3F7A11045F485E9D389F2A3EE658E3C_000003_00,recorded,alfie,existing_corpus_v1,recreation,lana,1520168257,,,inputs/transcripts/case_0323_20260714_072807_986_Alfie_Line_B3F7A11045F485E9D389F2A3EE658E3C_000003_00.txt,inputs/wav/case_0323_20260714_072807_986_Alfie_Line_B3F7A11045F485E9D389F2A3EE658E3C_000003_00.wav,inputs/gold/case_0323_20260714_072807_986_Alfie_Line_B3F7A11045F485E9D389F2A3EE658E3C_000003_00,1,
case_0324_20260714_072818_566_Alfie_Line_B3F7A11045F485E9D389F2A3EE658E3C_000004_00,recorded,alfie,existing_corpus_v1,recreation,priestley2,628539977,,,inputs/transcripts/case_0324_20260714_072818_566_Alfie_Line_B3F7A11045F485E9D389F2A3EE658E3C_000004_00.txt,inputs/wav/case_0324_20260714_072818_566_Alfie_Line_B3F7A11045F485E9D389F2A3EE658E3C_000004_00.wav,inputs/gold/case_0324_20260714_072818_566_Alfie_Line_B3F7A11045F485E9D389F2A3EE658E3C_000004_00,1,
case_0325_20260714_072825_852_Alfie_Line_B3F7A11045F485E9D389F2A3EE658E3C_000005_00,recorded,alfie,existing_corpus_v1,recreation,priestley,1790596840,,,inputs/transcripts/case_0325_20260714_072825_852_Alfie_Line_B3F7A11045F485E9D389F2A3EE658E3C_000005_00.txt,inputs/wav/case_0325_20260714_072825_852_Alfie_Line_B3F7A11045F485E9D389F2A3EE658E3C_000005_00.wav,inputs/gold/case_0325_20260714_072825_852_Alfie_Line_B3F7A11045F485E9D389F2A3EE658E3C_000005_00,1,
case_0326_20260714_080355_850_Alfie_Line_931CF48A47B165B15B93BD9436034595_000000_00,recorded,alfie,existing_corpus_v1,recreation,priestley2,594198907,,,inputs/transcripts/case_0326_20260714_080355_850_Alfie_Line_931CF48A47B165B15B93BD9436034595_000000_00.txt,inputs/wav/case_0326_20260714_080355_850_Alfie_Line_931CF48A47B165B15B93BD9436034595_000000_00.wav,inputs/gold/case_0326_20260714_080355_850_Alfie_Line_931CF48A47B165B15B93BD9436034595_000000_00,1,
case_0327_20260714_080401_793_Alfie_Line_931CF48A47B165B15B93BD9436034595_000001_00,recorded,alfie,existing_corpus_v1,recreation,alfie,407258283,,,inputs/transcripts/case_0327_20260714_080401_793_Alfie_Line_931CF48A47B165B15B93BD9436034595_000001_00.txt,inputs/wav/case_0327_20260714_080401_793_Alfie_Line_931CF48A47B165B15B93BD9436034595_000001_00.wav,inputs/gold/case_0327_20260714_080401_793_Alfie_Line_931CF48A47B165B15B93BD9436034595_000001_00,1,
case_0328_20260714_080409_764_Alfie_Line_931CF48A47B165B15B93BD9436034595_000002_00,recorded,alfie,existing_corpus_v1,recreation,alfie,1130642527,,,inputs/transcripts/case_0328_20260714_080409_764_Alfie_Line_931CF48A47B165B15B93BD9436034595_000002_00.txt,inputs/wav/case_0328_20260714_080409_764_Alfie_Line_931CF48A47B165B15B93BD9436034595_000002_00.wav,inputs/gold/case_0328_20260714_080409_764_Alfie_Line_931CF48A47B165B15B93BD9436034595_000002_00,1,
case_0329_20260714_080419_461_Alfie_Line_931CF48A47B165B15B93BD9436034595_000003_00,recorded,alfie,existing_corpus_v1,recreation,priestley,2042140441,,,inputs/transcripts/case_0329_20260714_080419_461_Alfie_Line_931CF48A47B165B15B93BD9436034595_000003_00.txt,inputs/wav/case_0329_20260714_080419_461_Alfie_Line_931CF48A47B165B15B93BD9436034595_000003_00.wav,inputs/gold/case_0329_20260714_080419_461_Alfie_Line_931CF48A47B165B15B93BD9436034595_000003_00,1,
case_0330_20260714_091247_475_Alfie_Line_D90175F14D3589200F17FD9BB90A6675_000000_00,recorded,alfie,existing_corpus_v1,recreation,alfie,820451743,,,inputs/transcripts/case_0330_20260714_091247_475_Alfie_Line_D90175F14D3589200F17FD9BB90A6675_000000_00.txt,inputs/wav/case_0330_20260714_091247_475_Alfie_Line_D90175F14D3589200F17FD9BB90A6675_000000_00.wav,inputs/gold/case_0330_20260714_091247_475_Alfie_Line_D90175F14D3589200F17FD9BB90A6675_000000_00,1,
case_0331_20260714_091255_246_Alfie_Line_D90175F14D3589200F17FD9BB90A6675_000001_00,recorded,alfie,existing_corpus_v1,recreation,lana,620966264,,,inputs/transcripts/case_0331_20260714_091255_246_Alfie_Line_D90175F14D3589200F17FD9BB90A6675_000001_00.txt,inputs/wav/case_0331_20260714_091255_246_Alfie_Line_D90175F14D3589200F17FD9BB90A6675_000001_00.wav,inputs/gold/case_0331_20260714_091255_246_Alfie_Line_D90175F14D3589200F17FD9BB90A6675_000001_00,1,
case_0332_20260714_091302_693_Alfie_Line_D90175F14D3589200F17FD9BB90A6675_000002_00,recorded,alfie,existing_corpus_v1,recreation,alfie,1537785222,,,inputs/transcripts/case_0332_20260714_091302_693_Alfie_Line_D90175F14D3589200F17FD9BB90A6675_000002_00.txt,inputs/wav/case_0332_20260714_091302_693_Alfie_Line_D90175F14D3589200F17FD9BB90A6675_000002_00.wav,inputs/gold/case_0332_20260714_091302_693_Alfie_Line_D90175F14D3589200F17FD9BB90A6675_000002_00,1,
case_0333_20260714_091315_526_Alfie_Line_D90175F14D3589200F17FD9BB90A6675_000003_00,recorded,alfie,existing_corpus_v1,recreation,priestley,1158463678,,,inputs/transcripts/case_0333_20260714_091315_526_Alfie_Line_D90175F14D3589200F17FD9BB90A6675_000003_00.txt,inputs/wav/case_0333_20260714_091315_526_Alfie_Line_D90175F14D3589200F17FD9BB90A6675_000003_00.wav,inputs/gold/case_0333_20260714_091315_526_Alfie_Line_D90175F14D3589200F17FD9BB90A6675_000003_00,1,
case_0334_20260714_091324_302_Alfie_Line_D90175F14D3589200F17FD9BB90A6675_000004_00,recorded,alfie,existing_corpus_v1,recreation,priestley2,442832416,,,inputs/transcripts/case_0334_20260714_091324_302_Alfie_Line_D90175F14D3589200F17FD9BB90A6675_000004_00.txt,inputs/wav/case_0334_20260714_091324_302_Alfie_Line_D90175F14D3589200F17FD9BB90A6675_000004_00.wav,inputs/gold/case_0334_20260714_091324_302_Alfie_Line_D90175F14D3589200F17FD9BB90A6675_000004_00,1,
case_0335_20260714_091333_898_Alfie_Line_D90175F14D3589200F17FD9BB90A6675_000005_00,recorded,alfie,existing_corpus_v1,recreation,alfie,676689996,,,inputs/transcripts/case_0335_20260714_091333_898_Alfie_Line_D90175F14D3589200F17FD9BB90A6675_000005_00.txt,inputs/wav/case_0335_20260714_091333_898_Alfie_Line_D90175F14D3589200F17FD9BB90A6675_000005_00.wav,inputs/gold/case_0335_20260714_091333_898_Alfie_Line_D90175F14D3589200F17FD9BB90A6675_000005_00,1,
case_0336_20260714_091342_339_Alfie_Line_D90175F14D3589200F17FD9BB90A6675_000006_00,recorded,alfie,existing_corpus_v1,recreation,alfie,347149159,,,inputs/transcripts/case_0336_20260714_091342_339_Alfie_Line_D90175F14D3589200F17FD9BB90A6675_000006_00.txt,inputs/wav/case_0336_20260714_091342_339_Alfie_Line_D90175F14D3589200F17FD9BB90A6675_000006_00.wav,inputs/gold/case_0336_20260714_091342_339_Alfie_Line_D90175F14D3589200F17FD9BB90A6675_000006_00,1,
case_0337_20260714_095318_511_Alfie_Line_305DA42442B9478F49A6CFA1E8299229_000000_00,recorded,alfie,existing_corpus_v1,recreation,priestley,1451314117,,,inputs/transcripts/case_0337_20260714_095318_511_Alfie_Line_305DA42442B9478F49A6CFA1E8299229_000000_00.txt,inputs/wav/case_0337_20260714_095318_511_Alfie_Line_305DA42442B9478F49A6CFA1E8299229_000000_00.wav,inputs/gold/case_0337_20260714_095318_511_Alfie_Line_305DA42442B9478F49A6CFA1E8299229_000000_00,1,
case_0338_20260714_104152_294_Alfie_Line_8AC0680C493F0216896A248C6843E044_000000_00,recorded,alfie,existing_corpus_v1,recreation,alfie,913756703,,,inputs/transcripts/case_0338_20260714_104152_294_Alfie_Line_8AC0680C493F0216896A248C6843E044_000000_00.txt,inputs/wav/case_0338_20260714_104152_294_Alfie_Line_8AC0680C493F0216896A248C6843E044_000000_00.wav,inputs/gold/case_0338_20260714_104152_294_Alfie_Line_8AC0680C493F0216896A248C6843E044_000000_00,1,
case_0339_20260714_104158_548_Alfie_Line_8AC0680C493F0216896A248C6843E044_000001_00,recorded,alfie,existing_corpus_v1,recreation,lana,2008577081,,,inputs/transcripts/case_0339_20260714_104158_548_Alfie_Line_8AC0680C493F0216896A248C6843E044_000001_00.txt,inputs/wav/case_0339_20260714_104158_548_Alfie_Line_8AC0680C493F0216896A248C6843E044_000001_00.wav,inputs/gold/case_0339_20260714_104158_548_Alfie_Line_8AC0680C493F0216896A248C6843E044_000001_00,1,
case_0340_20260714_104206_934_Alfie_Line_8AC0680C493F0216896A248C6843E044_000002_00,recorded,alfie,existing_corpus_v1,recreation,priestley2,33000344,,,inputs/transcripts/case_0340_20260714_104206_934_Alfie_Line_8AC0680C493F0216896A248C6843E044_000002_00.txt,inputs/wav/case_0340_20260714_104206_934_Alfie_Line_8AC0680C493F0216896A248C6843E044_000002_00.wav,inputs/gold/case_0340_20260714_104206_934_Alfie_Line_8AC0680C493F0216896A248C6843E044_000002_00,1,
case_0341_20260714_104215_357_Alfie_Line_8AC0680C493F0216896A248C6843E044_000003_00,recorded,alfie,existing_corpus_v1,recreation,lana,573202669,,,inputs/transcripts/case_0341_20260714_104215_357_Alfie_Line_8AC0680C493F0216896A248C6843E044_000003_00.txt,inputs/wav/case_0341_20260714_104215_357_Alfie_Line_8AC0680C493F0216896A248C6843E044_000003_00.wav,inputs/gold/case_0341_20260714_104215_357_Alfie_Line_8AC0680C493F0216896A248C6843E044_000003_00,1,
case_0342_20260714_104225_264_Alfie_Line_8AC0680C493F0216896A248C6843E044_000004_00,recorded,alfie,existing_corpus_v1,recreation,priestley2,1855251967,,,inputs/transcripts/case_0342_20260714_104225_264_Alfie_Line_8AC0680C493F0216896A248C6843E044_000004_00.txt,inputs/wav/case_0342_20260714_104225_264_Alfie_Line_8AC0680C493F0216896A248C6843E044_000004_00.wav,inputs/gold/case_0342_20260714_104225_264_Alfie_Line_8AC0680C493F0216896A248C6843E044_000004_00,1,
case_0343_20260714_104234_922_Alfie_Line_8AC0680C493F0216896A248C6843E044_000005_00,recorded,alfie,existing_corpus_v1,recreation,alfie,1941652611,,,inputs/transcripts/case_0343_20260714_104234_922_Alfie_Line_8AC0680C493F0216896A248C6843E044_000005_00.txt,inputs/wav/case_0343_20260714_104234_922_Alfie_Line_8AC0680C493F0216896A248C6843E044_000005_00.wav,inputs/gold/case_0343_20260714_104234_922_Alfie_Line_8AC0680C493F0216896A248C6843E044_000005_00,1,
case_0344_20260714_104248_855_Alfie_Line_8AC0680C493F0216896A248C6843E044_000006_00,recorded,alfie,existing_corpus_v1,recreation,lana,1129771173,,,inputs/transcripts/case_0344_20260714_104248_855_Alfie_Line_8AC0680C493F0216896A248C6843E044_000006_00.txt,inputs/wav/case_0344_20260714_104248_855_Alfie_Line_8AC0680C493F0216896A248C6843E044_000006_00.wav,inputs/gold/case_0344_20260714_104248_855_Alfie_Line_8AC0680C493F0216896A248C6843E044_000006_00,1,
case_0345_20260714_110624_754_Alfie_Line_403D8DFA434042DC007DCC88F9C31C82_000000_00,recorded,alfie,existing_corpus_v1,recreation,priestley2,1384892836,,,inputs/transcripts/case_0345_20260714_110624_754_Alfie_Line_403D8DFA434042DC007DCC88F9C31C82_000000_00.txt,inputs/wav/case_0345_20260714_110624_754_Alfie_Line_403D8DFA434042DC007DCC88F9C31C82_000000_00.wav,inputs/gold/case_0345_20260714_110624_754_Alfie_Line_403D8DFA434042DC007DCC88F9C31C82_000000_00,1,
case_0346_20260714_110632_236_Alfie_Line_403D8DFA434042DC007DCC88F9C31C82_000001_00,recorded,alfie,existing_corpus_v1,recreation,lana,1085730190,,,inputs/transcripts/case_0346_20260714_110632_236_Alfie_Line_403D8DFA434042DC007DCC88F9C31C82_000001_00.txt,inputs/wav/case_0346_20260714_110632_236_Alfie_Line_403D8DFA434042DC007DCC88F9C31C82_000001_00.wav,inputs/gold/case_0346_20260714_110632_236_Alfie_Line_403D8DFA434042DC007DCC88F9C31C82_000001_00,1,
case_0347_20260714_110640_313_Alfie_Line_403D8DFA434042DC007DCC88F9C31C82_000002_00,recorded,alfie,existing_corpus_v1,recreation,priestley,1548892974,,,inputs/transcripts/case_0347_20260714_110640_313_Alfie_Line_403D8DFA434042DC007DCC88F9C31C82_000002_00.txt,inputs/wav/case_0347_20260714_110640_313_Alfie_Line_403D8DFA434042DC007DCC88F9C31C82_000002_00.wav,inputs/gold/case_0347_20260714_110640_313_Alfie_Line_403D8DFA434042DC007DCC88F9C31C82_000002_00,1,
case_0348_20260714_110655_073_Alfie_Line_403D8DFA434042DC007DCC88F9C31C82_000003_00,recorded,alfie,existing_corpus_v1,recreation,alfie,1054263339,,,inputs/transcripts/case_0348_20260714_110655_073_Alfie_Line_403D8DFA434042DC007DCC88F9C31C82_000003_00.txt,inputs/wav/case_0348_20260714_110655_073_Alfie_Line_403D8DFA434042DC007DCC88F9C31C82_000003_00.wav,inputs/gold/case_0348_20260714_110655_073_Alfie_Line_403D8DFA434042DC007DCC88F9C31C82_000003_00,1,
case_0349_20260714_114133_038_Alfie_Line_D00DCFD94142C470500D9B821BAD18FB_000000_00,recorded,alfie,existing_corpus_v1,recreation,priestley2,1161016440,,,inputs/transcripts/case_0349_20260714_114133_038_Alfie_Line_D00DCFD94142C470500D9B821BAD18FB_000000_00.txt,inputs/wav/case_0349_20260714_114133_038_Alfie_Line_D00DCFD94142C470500D9B821BAD18FB_000000_00.wav,inputs/gold/case_0349_20260714_114133_038_Alfie_Line_D00DCFD94142C470500D9B821BAD18FB_000000_00,1,
case_0350_20260714_114139_401_Alfie_Line_D00DCFD94142C470500D9B821BAD18FB_000001_00,recorded,alfie,existing_corpus_v1,recreation,alfie,1355960633,,,inputs/transcripts/case_0350_20260714_114139_401_Alfie_Line_D00DCFD94142C470500D9B821BAD18FB_000001_00.txt,inputs/wav/case_0350_20260714_114139_401_Alfie_Line_D00DCFD94142C470500D9B821BAD18FB_000001_00.wav,inputs/gold/case_0350_20260714_114139_401_Alfie_Line_D00DCFD94142C470500D9B821BAD18FB_000001_00,1,
case_0351_20260714_114149_364_Alfie_Line_D00DCFD94142C470500D9B821BAD18FB_000002_00,recorded,alfie,existing_corpus_v1,recreation,alfie,978296953,,,inputs/transcripts/case_0351_20260714_114149_364_Alfie_Line_D00DCFD94142C470500D9B821BAD18FB_000002_00.txt,inputs/wav/case_0351_20260714_114149_364_Alfie_Line_D00DCFD94142C470500D9B821BAD18FB_000002_00.wav,inputs/gold/case_0351_20260714_114149_364_Alfie_Line_D00DCFD94142C470500D9B821BAD18FB_000002_00,1,
case_0352_20260714_114204_817_Alfie_Line_D00DCFD94142C470500D9B821BAD18FB_000003_00,recorded,alfie,existing_corpus_v1,recreation,alfie,925113892,,,inputs/transcripts/case_0352_20260714_114204_817_Alfie_Line_D00DCFD94142C470500D9B821BAD18FB_000003_00.txt,inputs/wav/case_0352_20260714_114204_817_Alfie_Line_D00DCFD94142C470500D9B821BAD18FB_000003_00.wav,inputs/gold/case_0352_20260714_114204_817_Alfie_Line_D00DCFD94142C470500D9B821BAD18FB_000003_00,1,
case_0353_20260718_080826_820_Alfie_Line_31BC10FA43E1ECA25C10D48BAA8F4FA0_000000_00,recorded,alfie,existing_corpus_v1,recreation,priestley2,1561273644,,,inputs/transcripts/case_0353_20260718_080826_820_Alfie_Line_31BC10FA43E1ECA25C10D48BAA8F4FA0_000000_00.txt,inputs/wav/case_0353_20260718_080826_820_Alfie_Line_31BC10FA43E1ECA25C10D48BAA8F4FA0_000000_00.wav,inputs/gold/case_0353_20260718_080826_820_Alfie_Line_31BC10FA43E1ECA25C10D48BAA8F4FA0_000000_00,1,
case_0354_20260718_080833_010_Alfie_Line_31BC10FA43E1ECA25C10D48BAA8F4FA0_000001_00,recorded,alfie,existing_corpus_v1,recreation,lana,546349724,,,inputs/transcripts/case_0354_20260718_080833_010_Alfie_Line_31BC10FA43E1ECA25C10D48BAA8F4FA0_000001_00.txt,inputs/wav/case_0354_20260718_080833_010_Alfie_Line_31BC10FA43E1ECA25C10D48BAA8F4FA0_000001_00.wav,inputs/gold/case_0354_20260718_080833_010_Alfie_Line_31BC10FA43E1ECA25C10D48BAA8F4FA0_000001_00,1,
case_0355_20260718_080841_210_Alfie_Line_31BC10FA43E1ECA25C10D48BAA8F4FA0_000002_00,recorded,alfie,existing_corpus_v1,recreation,lana,427219029,,,inputs/transcripts/case_0355_20260718_080841_210_Alfie_Line_31BC10FA43E1ECA25C10D48BAA8F4FA0_000002_00.txt,inputs/wav/case_0355_20260718_080841_210_Alfie_Line_31BC10FA43E1ECA25C10D48BAA8F4FA0_000002_00.wav,inputs/gold/case_0355_20260718_080841_210_Alfie_Line_31BC10FA43E1ECA25C10D48BAA8F4FA0_000002_00,1,
case_0356_20260718_080853_168_Alfie_Line_31BC10FA43E1ECA25C10D48BAA8F4FA0_000003_00,recorded,alfie,existing_corpus_v1,recreation,priestley,752956975,,,inputs/transcripts/case_0356_20260718_080853_168_Alfie_Line_31BC10FA43E1ECA25C10D48BAA8F4FA0_000003_00.txt,inputs/wav/case_0356_20260718_080853_168_Alfie_Line_31BC10FA43E1ECA25C10D48BAA8F4FA0_000003_00.wav,inputs/gold/case_0356_20260718_080853_168_Alfie_Line_31BC10FA43E1ECA25C10D48BAA8F4FA0_000003_00,1,
case_0357_20260718_080915_943_Alfie_Line_31BC10FA43E1ECA25C10D48BAA8F4FA0_000004_00,recorded,alfie,existing_corpus_v1,recreation,priestley2,856027788,,,inputs/transcripts/case_0357_20260718_080915_943_Alfie_Line_31BC10FA43E1ECA25C10D48BAA8F4FA0_000004_00.txt,inputs/wav/case_0357_20260718_080915_943_Alfie_Line_31BC10FA43E1ECA25C10D48BAA8F4FA0_000004_00.wav,inputs/gold/case_0357_20260718_080915_943_Alfie_Line_31BC10FA43E1ECA25C10D48BAA8F4FA0_000004_00,1,
case_0358_20260718_080928_146_Alfie_Line_31BC10FA43E1ECA25C10D48BAA8F4FA0_000005_00,recorded,alfie,existing_corpus_v1,recreation,alfie,1639777325,,,inputs/transcripts/case_0358_20260718_080928_146_Alfie_Line_31BC10FA43E1ECA25C10D48BAA8F4FA0_000005_00.txt,inputs/wav/case_0358_20260718_080928_146_Alfie_Line_31BC10FA43E1ECA25C10D48BAA8F4FA0_000005_00.wav,inputs/gold/case_0358_20260718_080928_146_Alfie_Line_31BC10FA43E1ECA25C10D48BAA8F4FA0_000005_00,1,
case_0359_20260728_130445_954_Lana_Line_EE162C924BE4BF3DAAE21BB58ED36E60_000000_00,recorded,lana,existing_corpus_v1,recreation,priestley2,2111018813,,,inputs/transcripts/case_0359_20260728_130445_954_Lana_Line_EE162C924BE4BF3DAAE21BB58ED36E60_000000_00.txt,inputs/wav/case_0359_20260728_130445_954_Lana_Line_EE162C924BE4BF3DAAE21BB58ED36E60_000000_00.wav,inputs/gold/case_0359_20260728_130445_954_Lana_Line_EE162C924BE4BF3DAAE21BB58ED36E60_000000_00,1,C:\Users\matthewpriestley_kil\Documents\Unreal Projects\OffgridAIDemo\Saved\Logs\OffgridAI\LipsyncDebug\20260728_130445_954_Lana_Line_EE162C924BE4BF3DAAE21BB58ED36E60_000000_00
case_0360_20260728_130453_116_Lana_Line_EE162C924BE4BF3DAAE21BB58ED36E60_000001_00,recorded,lana,existing_corpus_v1,recreation,alfie,1085021289,,,inputs/transcripts/case_0360_20260728_130453_116_Lana_Line_EE162C924BE4BF3DAAE21BB58ED36E60_000001_00.txt,inputs/wav/case_0360_20260728_130453_116_Lana_Line_EE162C924BE4BF3DAAE21BB58ED36E60_000001_00.wav,inputs/gold/case_0360_20260728_130453_116_Lana_Line_EE162C924BE4BF3DAAE21BB58ED36E60_000001_00,1,C:\Users\matthewpriestley_kil\Documents\Unreal Projects\OffgridAIDemo\Saved\Logs\OffgridAI\LipsyncDebug\20260728_130453_116_Lana_Line_EE162C924BE4BF3DAAE21BB58ED36E60_000001_00
case_0361_20260728_130502_576_Lana_Line_EE162C924BE4BF3DAAE21BB58ED36E60_000002_00,recorded,lana,existing_corpus_v1,recreation,priestley,1533423750,,,inputs/transcripts/case_0361_20260728_130502_576_Lana_Line_EE162C924BE4BF3DAAE21BB58ED36E60_000002_00.txt,inputs/wav/case_0361_20260728_130502_576_Lana_Line_EE162C924BE4BF3DAAE21BB58ED36E60_000002_00.wav,inputs/gold/case_0361_20260728_130502_576_Lana_Line_EE162C924BE4BF3DAAE21BB58ED36E60_000002_00,1,C:\Users\matthewpriestley_kil\Documents\Unreal Projects\OffgridAIDemo\Saved\Logs\OffgridAI\LipsyncDebug\20260728_130502_576_Lana_Line_EE162C924BE4BF3DAAE21BB58ED36E60_000002_00
case_0362_20260728_130509_550_Lana_Line_EE162C924BE4BF3DAAE21BB58ED36E60_000003_00,recorded,lana,existing_corpus_v1,recreation,priestley2,147329420,,,inputs/transcripts/case_0362_20260728_130509_550_Lana_Line_EE162C924BE4BF3DAAE21BB58ED36E60_000003_00.txt,inputs/wav/case_0362_20260728_130509_550_Lana_Line_EE162C924BE4BF3DAAE21BB58ED36E60_000003_00.wav,inputs/gold/case_0362_20260728_130509_550_Lana_Line_EE162C924BE4BF3DAAE21BB58ED36E60_000003_00,1,C:\Users\matthewpriestley_kil\Documents\Unreal Projects\OffgridAIDemo\Saved\Logs\OffgridAI\LipsyncDebug\20260728_130509_550_Lana_Line_EE162C924BE4BF3DAAE21BB58ED36E60_000003_00
case_0363_20260728_130524_741_Lana_Line_EE162C924BE4BF3DAAE21BB58ED36E60_000004_00,recorded,lana,existing_corpus_v1,recreation,priestley2,1923972191,,,inputs/transcripts/case_0363_20260728_130524_741_Lana_Line_EE162C924BE4BF3DAAE21BB58ED36E60_000004_00.txt,inputs/wav/case_0363_20260728_130524_741_Lana_Line_EE162C924BE4BF3DAAE21BB58ED36E60_000004_00.wav,inputs/gold/case_0363_20260728_130524_741_Lana_Line_EE162C924BE4BF3DAAE21BB58ED36E60_000004_00,1,C:\Users\matthewpriestley_kil\Documents\Unreal Projects\OffgridAIDemo\Saved\Logs\OffgridAI\LipsyncDebug\20260728_130524_741_Lana_Line_EE162C924BE4BF3DAAE21BB58ED36E60_000004_00
case_0364_20260728_130741_267_Lana_Line_1A00EE4C4F34ED3BA6E680A407545264_000000_00,recorded,lana,existing_corpus_v1,recreation,priestley,798582606,,,inputs/transcripts/case_0364_20260728_130741_267_Lana_Line_1A00EE4C4F34ED3BA6E680A407545264_000000_00.txt,inputs/wav/case_0364_20260728_130741_267_Lana_Line_1A00EE4C4F34ED3BA6E680A407545264_000000_00.wav,inputs/gold/case_0364_20260728_130741_267_Lana_Line_1A00EE4C4F34ED3BA6E680A407545264_000000_00,1,C:\Users\matthewpriestley_kil\Documents\Unreal Projects\OffgridAIDemo\Saved\Logs\OffgridAI\LipsyncDebug\20260728_130741_267_Lana_Line_1A00EE4C4F34ED3BA6E680A407545264_000000_00
case_0365_20260728_130749_584_Lana_Line_1A00EE4C4F34ED3BA6E680A407545264_000001_00,recorded,lana,existing_corpus_v1,recreation,lana,1010607135,,,inputs/transcripts/case_0365_20260728_130749_584_Lana_Line_1A00EE4C4F34ED3BA6E680A407545264_000001_00.txt,inputs/wav/case_0365_20260728_130749_584_Lana_Line_1A00EE4C4F34ED3BA6E680A407545264_000001_00.wav,inputs/gold/case_0365_20260728_130749_584_Lana_Line_1A00EE4C4F34ED3BA6E680A407545264_000001_00,1,C:\Users\matthewpriestley_kil\Documents\Unreal Projects\OffgridAIDemo\Saved\Logs\OffgridAI\LipsyncDebug\20260728_130749_584_Lana_Line_1A00EE4C4F34ED3BA6E680A407545264_000001_00
case_0366_20260728_130756_401_Lana_Line_1A00EE4C4F34ED3BA6E680A407545264_000002_00,recorded,lana,existing_corpus_v1,recreation,priestley2,54258433,,,inputs/transcripts/case_0366_20260728_130756_401_Lana_Line_1A00EE4C4F34ED3BA6E680A407545264_000002_00.txt,inputs/wav/case_0366_20260728_130756_401_Lana_Line_1A00EE4C4F34ED3BA6E680A407545264_000002_00.wav,inputs/gold/case_0366_20260728_130756_401_Lana_Line_1A00EE4C4F34ED3BA6E680A407545264_000002_00,1,C:\Users\matthewpriestley_kil\Documents\Unreal Projects\OffgridAIDemo\Saved\Logs\OffgridAI\LipsyncDebug\20260728_130756_401_Lana_Line_1A00EE4C4F34ED3BA6E680A407545264_000002_00
case_0367_20260728_130804_961_Lana_Line_1A00EE4C4F34ED3BA6E680A407545264_000003_00,recorded,lana,existing_corpus_v1,recreation,priestley,1423359991,,,inputs/transcripts/case_0367_20260728_130804_961_Lana_Line_1A00EE4C4F34ED3BA6E680A407545264_000003_00.txt,inputs/wav/case_0367_20260728_130804_961_Lana_Line_1A00EE4C4F34ED3BA6E680A407545264_000003_00.wav,inputs/gold/case_0367_20260728_130804_961_Lana_Line_1A00EE4C4F34ED3BA6E680A407545264_000003_00,1,C:\Users\matthewpriestley_kil\Documents\Unreal Projects\OffgridAIDemo\Saved\Logs\OffgridAI\LipsyncDebug\20260728_130804_961_Lana_Line_1A00EE4C4F34ED3BA6E680A407545264_000003_00
case_0368_20260728_130931_264_Lana_Line_FD8421514C6EBF1CEAB3BDB724DF59E7_000000_00,recorded,lana,existing_corpus_v1,recreation,lana,181948854,,,inputs/transcripts/case_0368_20260728_130931_264_Lana_Line_FD8421514C6EBF1CEAB3BDB724DF59E7_000000_00.txt,inputs/wav/case_0368_20260728_130931_264_Lana_Line_FD8421514C6EBF1CEAB3BDB724DF59E7_000000_00.wav,inputs/gold/case_0368_20260728_130931_264_Lana_Line_FD8421514C6EBF1CEAB3BDB724DF59E7_000000_00,1,C:\Users\matthewpriestley_kil\Documents\Unreal Projects\OffgridAIDemo\Saved\Logs\OffgridAI\LipsyncDebug\20260728_130931_264_Lana_Line_FD8421514C6EBF1CEAB3BDB724DF59E7_000000_00
case_0369_20260728_130938_409_Lana_Line_FD8421514C6EBF1CEAB3BDB724DF59E7_000001_00,recorded,lana,existing_corpus_v1,recreation,priestley,1612292352,,,inputs/transcripts/case_0369_20260728_130938_409_Lana_Line_FD8421514C6EBF1CEAB3BDB724DF59E7_000001_00.txt,inputs/wav/case_0369_20260728_130938_409_Lana_Line_FD8421514C6EBF1CEAB3BDB724DF59E7_000001_00.wav,inputs/gold/case_0369_20260728_130938_409_Lana_Line_FD8421514C6EBF1CEAB3BDB724DF59E7_000001_00,1,C:\Users\matthewpriestley_kil\Documents\Unreal Projects\OffgridAIDemo\Saved\Logs\OffgridAI\LipsyncDebug\20260728_130938_409_Lana_Line_FD8421514C6EBF1CEAB3BDB724DF59E7_000001_00
case_0370_20260728_130945_468_Lana_Line_FD8421514C6EBF1CEAB3BDB724DF59E7_000002_00,recorded,lana,existing_corpus_v1,recreation,lana,1058250743,,,inputs/transcripts/case_0370_20260728_130945_468_Lana_Line_FD8421514C6EBF1CEAB3BDB724DF59E7_000002_00.txt,inputs/wav/case_0370_20260728_130945_468_Lana_Line_FD8421514C6EBF1CEAB3BDB724DF59E7_000002_00.wav,inputs/gold/case_0370_20260728_130945_468_Lana_Line_FD8421514C6EBF1CEAB3BDB724DF59E7_000002_00,1,C:\Users\matthewpriestley_kil\Documents\Unreal Projects\OffgridAIDemo\Saved\Logs\OffgridAI\LipsyncDebug\20260728_130945_468_Lana_Line_FD8421514C6EBF1CEAB3BDB724DF59E7_000002_00
case_0371_20260728_130953_769_Lana_Line_FD8421514C6EBF1CEAB3BDB724DF59E7_000003_00,recorded,lana,existing_corpus_v1,recreation,priestley2,1467410918,,,inputs/transcripts/case_0371_20260728_130953_769_Lana_Line_FD8421514C6EBF1CEAB3BDB724DF59E7_000003_00.txt,inputs/wav/case_0371_20260728_130953_769_Lana_Line_FD8421514C6EBF1CEAB3BDB724DF59E7_000003_00.wav,inputs/gold/case_0371_20260728_130953_769_Lana_Line_FD8421514C6EBF1CEAB3BDB724DF59E7_000003_00,1,C:\Users\matthewpriestley_kil\Documents\Unreal Projects\OffgridAIDemo\Saved\Logs\OffgridAI\LipsyncDebug\20260728_130953_769_Lana_Line_FD8421514C6EBF1CEAB3BDB724DF59E7_000003_00
case_0372_20260728_131004_288_Lana_Line_FD8421514C6EBF1CEAB3BDB724DF59E7_000004_00,recorded,lana,existing_corpus_v1,recreation,lana,864862566,,,inputs/transcripts/case_0372_20260728_131004_288_Lana_Line_FD8421514C6EBF1CEAB3BDB724DF59E7_000004_00.txt,inputs/wav/case_0372_20260728_131004_288_Lana_Line_FD8421514C6EBF1CEAB3BDB724DF59E7_000004_00.wav,inputs/gold/case_0372_20260728_131004_288_Lana_Line_FD8421514C6EBF1CEAB3BDB724DF59E7_000004_00,1,C:\Users\matthewpriestley_kil\Documents\Unreal Projects\OffgridAIDemo\Saved\Logs\OffgridAI\LipsyncDebug\20260728_131004_288_Lana_Line_FD8421514C6EBF1CEAB3BDB724DF59E7_000004_00
case_0373_20260728_131018_742_Lana_Line_FD8421514C6EBF1CEAB3BDB724DF59E7_000005_00,recorded,lana,existing_corpus_v1,recreation,alfie,182248340,,,inputs/transcripts/case_0373_20260728_131018_742_Lana_Line_FD8421514C6EBF1CEAB3BDB724DF59E7_000005_00.txt,inputs/wav/case_0373_20260728_131018_742_Lana_Line_FD8421514C6EBF1CEAB3BDB724DF59E7_000005_00.wav,inputs/gold/case_0373_20260728_131018_742_Lana_Line_FD8421514C6EBF1CEAB3BDB724DF59E7_000005_00,1,C:\Users\matthewpriestley_kil\Documents\Unreal Projects\OffgridAIDemo\Saved\Logs\OffgridAI\LipsyncDebug\20260728_131018_742_Lana_Line_FD8421514C6EBF1CEAB3BDB724DF59E7_000005_00
case_0374_20260728_131037_699_Lana_Line_FD8421514C6EBF1CEAB3BDB724DF59E7_000006_00,recorded,lana,existing_corpus_v1,recreation,priestley2,2096275160,,,inputs/transcripts/case_0374_20260728_131037_699_Lana_Line_FD8421514C6EBF1CEAB3BDB724DF59E7_000006_00.txt,inputs/wav/case_0374_20260728_131037_699_Lana_Line_FD8421514C6EBF1CEAB3BDB724DF59E7_000006_00.wav,inputs/gold/case_0374_20260728_131037_699_Lana_Line_FD8421514C6EBF1CEAB3BDB724DF59E7_000006_00,1,C:\Users\matthewpriestley_kil\Documents\Unreal Projects\OffgridAIDemo\Saved\Logs\OffgridAI\LipsyncDebug\20260728_131037_699_Lana_Line_FD8421514C6EBF1CEAB3BDB724DF59E7_000006_00
case_0375_20260728_131255_709_Lana_Line_62D32856408DAD29B8071CA61F778EB9_000000_00,recorded,lana,existing_corpus_v1,recreation,priestley2,1807804858,,,inputs/transcripts/case_0375_20260728_131255_709_Lana_Line_62D32856408DAD29B8071CA61F778EB9_000000_00.txt,inputs/wav/case_0375_20260728_131255_709_Lana_Line_62D32856408DAD29B8071CA61F778EB9_000000_00.wav,inputs/gold/case_0375_20260728_131255_709_Lana_Line_62D32856408DAD29B8071CA61F778EB9_000000_00,1,C:\Users\matthewpriestley_kil\Documents\Unreal Projects\OffgridAIDemo\Saved\Logs\OffgridAI\LipsyncDebug\20260728_131255_709_Lana_Line_62D32856408DAD29B8071CA61F778EB9_000000_00
case_0376_20260728_131303_405_Lana_Line_62D32856408DAD29B8071CA61F778EB9_000001_00,recorded,lana,existing_corpus_v1,recreation,priestley,690334338,,,inputs/transcripts/case_0376_20260728_131303_405_Lana_Line_62D32856408DAD29B8071CA61F778EB9_000001_00.txt,inputs/wav/case_0376_20260728_131303_405_Lana_Line_62D32856408DAD29B8071CA61F778EB9_000001_00.wav,inputs/gold/case_0376_20260728_131303_405_Lana_Line_62D32856408DAD29B8071CA61F778EB9_000001_00,1,C:\Users\matthewpriestley_kil\Documents\Unreal Projects\OffgridAIDemo\Saved\Logs\OffgridAI\LipsyncDebug\20260728_131303_405_Lana_Line_62D32856408DAD29B8071CA61F778EB9_000001_00
case_0377_20260728_131313_830_Lana_Line_62D32856408DAD29B8071CA61F778EB9_000002_00,recorded,lana,existing_corpus_v1,recreation,priestley2,573580962,,,inputs/transcripts/case_0377_20260728_131313_830_Lana_Line_62D32856408DAD29B8071CA61F778EB9_000002_00.txt,inputs/wav/case_0377_20260728_131313_830_Lana_Line_62D32856408DAD29B8071CA61F778EB9_000002_00.wav,inputs/gold/case_0377_20260728_131313_830_Lana_Line_62D32856408DAD29B8071CA61F778EB9_000002_00,1,C:\Users\matthewpriestley_kil\Documents\Unreal Projects\OffgridAIDemo\Saved\Logs\OffgridAI\LipsyncDebug\20260728_131313_830_Lana_Line_62D32856408DAD29B8071CA61F778EB9_000002_00
case_0378_20260728_131325_324_Lana_Line_62D32856408DAD29B8071CA61F778EB9_000003_00,recorded,lana,existing_corpus_v1,recreation,alfie,1639279841,,,inputs/transcripts/case_0378_20260728_131325_324_Lana_Line_62D32856408DAD29B8071CA61F778EB9_000003_00.txt,inputs/wav/case_0378_20260728_131325_324_Lana_Line_62D32856408DAD29B8071CA61F778EB9_000003_00.wav,inputs/gold/case_0378_20260728_131325_324_Lana_Line_62D32856408DAD29B8071CA61F778EB9_000003_00,1,C:\Users\matthewpriestley_kil\Documents\Unreal Projects\OffgridAIDemo\Saved\Logs\OffgridAI\LipsyncDebug\20260728_131325_324_Lana_Line_62D32856408DAD29B8071CA61F778EB9_000003_00
case_0379_20260728_131920_417_Lana_Line_55361BDA4BB39F50CC6005B19C96BA0E_000000_00,recorded,lana,existing_corpus_v1,recreation,lana,1778315862,,,inputs/transcripts/case_0379_20260728_131920_417_Lana_Line_55361BDA4BB39F50CC6005B19C96BA0E_000000_00.txt,inputs/wav/case_0379_20260728_131920_417_Lana_Line_55361BDA4BB39F50CC6005B19C96BA0E_000000_00.wav,inputs/gold/case_0379_20260728_131920_417_Lana_Line_55361BDA4BB39F50CC6005B19C96BA0E_000000_00,1,C:\Users\matthewpriestley_kil\Documents\Unreal Projects\OffgridAIDemo\Saved\Logs\OffgridAI\LipsyncDebug\20260728_131920_417_Lana_Line_55361BDA4BB39F50CC6005B19C96BA0E_000000_00
case_0380_20260728_140620_819_Lana_Line_69A3BCB64D94FEDBEEFD4688B2F3A961_000000_00,recorded,lana,existing_corpus_v1,recreation,priestley,2138667380,,,inputs/transcripts/case_0380_20260728_140620_819_Lana_Line_69A3BCB64D94FEDBEEFD4688B2F3A961_000000_00.txt,inputs/wav/case_0380_20260728_140620_819_Lana_Line_69A3BCB64D94FEDBEEFD4688B2F3A961_000000_00.wav,inputs/gold/case_0380_20260728_140620_819_Lana_Line_69A3BCB64D94FEDBEEFD4688B2F3A961_000000_00,1,C:\Users\matthewpriestley_kil\Documents\Unreal Projects\OffgridAIDemo\Saved\Logs\OffgridAI\LipsyncDebug\20260728_140620_819_Lana_Line_69A3BCB64D94FEDBEEFD4688B2F3A961_000000_00
case_0381_20260728_140628_716_Lana_Line_69A3BCB64D94FEDBEEFD4688B2F3A961_000001_00,recorded,lana,existing_corpus_v1,recreation,lana,1086573950,,,inputs/transcripts/case_0381_20260728_140628_716_Lana_Line_69A3BCB64D94FEDBEEFD4688B2F3A961_000001_00.txt,inputs/wav/case_0381_20260728_140628_716_Lana_Line_69A3BCB64D94FEDBEEFD4688B2F3A961_000001_00.wav,inputs/gold/case_0381_20260728_140628_716_Lana_Line_69A3BCB64D94FEDBEEFD4688B2F3A961_000001_00,1,C:\Users\matthewpriestley_kil\Documents\Unreal Projects\OffgridAIDemo\Saved\Logs\OffgridAI\LipsyncDebug\20260728_140628_716_Lana_Line_69A3BCB64D94FEDBEEFD4688B2F3A961_000001_00
case_0382_20260728_140638_340_Lana_Line_69A3BCB64D94FEDBEEFD4688B2F3A961_000002_00,recorded,lana,existing_corpus_v1,recreation,priestley,67049155,,,inputs/transcripts/case_0382_20260728_140638_340_Lana_Line_69A3BCB64D94FEDBEEFD4688B2F3A961_000002_00.txt,inputs/wav/case_0382_20260728_140638_340_Lana_Line_69A3BCB64D94FEDBEEFD4688B2F3A961_000002_00.wav,inputs/gold/case_0382_20260728_140638_340_Lana_Line_69A3BCB64D94FEDBEEFD4688B2F3A961_000002_00,1,C:\Users\matthewpriestley_kil\Documents\Unreal Projects\OffgridAIDemo\Saved\Logs\OffgridAI\LipsyncDebug\20260728_140638_340_Lana_Line_69A3BCB64D94FEDBEEFD4688B2F3A961_000002_00
case_0383_20260728_140644_663_Lana_Line_69A3BCB64D94FEDBEEFD4688B2F3A961_000003_00,recorded,lana,existing_corpus_v1,recreation,alfie,1033337238,,,inputs/transcripts/case_0383_20260728_140644_663_Lana_Line_69A3BCB64D94FEDBEEFD4688B2F3A961_000003_00.txt,inputs/wav/case_0383_20260728_140644_663_Lana_Line_69A3BCB64D94FEDBEEFD4688B2F3A961_000003_00.wav,inputs/gold/case_0383_20260728_140644_663_Lana_Line_69A3BCB64D94FEDBEEFD4688B2F3A961_000003_00,1,C:\Users\matthewpriestley_kil\Documents\Unreal Projects\OffgridAIDemo\Saved\Logs\OffgridAI\LipsyncDebug\20260728_140644_663_Lana_Line_69A3BCB64D94FEDBEEFD4688B2F3A961_000003_00
case_0384_20260728_140654_898_Lana_Line_69A3BCB64D94FEDBEEFD4688B2F3A961_000004_00,recorded,lana,existing_corpus_v1,recreation,alfie,1697300169,,,inputs/transcripts/case_0384_20260728_140654_898_Lana_Line_69A3BCB64D94FEDBEEFD4688B2F3A961_000004_00.txt,inputs/wav/case_0384_20260728_140654_898_Lana_Line_69A3BCB64D94FEDBEEFD4688B2F3A961_000004_00.wav,inputs/gold/case_0384_20260728_140654_898_Lana_Line_69A3BCB64D94FEDBEEFD4688B2F3A961_000004_00,1,C:\Users\matthewpriestley_kil\Documents\Unreal Projects\OffgridAIDemo\Saved\Logs\OffgridAI\LipsyncDebug\20260728_140654_898_Lana_Line_69A3BCB64D94FEDBEEFD4688B2F3A961_000004_00
case_0385_20260728_201013_126_Lana_Line_8157A891419591A0F7C668AB69B21819_000000_00,recorded,lana,existing_corpus_v1,recreation,priestley2,1928983456,,,inputs/transcripts/case_0385_20260728_201013_126_Lana_Line_8157A891419591A0F7C668AB69B21819_000000_00.txt,inputs/wav/case_0385_20260728_201013_126_Lana_Line_8157A891419591A0F7C668AB69B21819_000000_00.wav,inputs/gold/case_0385_20260728_201013_126_Lana_Line_8157A891419591A0F7C668AB69B21819_000000_00,1,C:\Users\matthewpriestley_kil\Documents\Unreal Projects\OffgridAIDemo\Saved\Logs\OffgridAI\LipsyncDebug\20260728_201013_126_Lana_Line_8157A891419591A0F7C668AB69B21819_000000_00
case_0386_20260728_201019_909_Lana_Line_8157A891419591A0F7C668AB69B21819_000001_00,recorded,lana,existing_corpus_v1,recreation,alfie,1603110223,,,inputs/transcripts/case_0386_20260728_201019_909_Lana_Line_8157A891419591A0F7C668AB69B21819_000001_00.txt,inputs/wav/case_0386_20260728_201019_909_Lana_Line_8157A891419591A0F7C668AB69B21819_000001_00.wav,inputs/gold/case_0386_20260728_201019_909_Lana_Line_8157A891419591A0F7C668AB69B21819_000001_00,1,C:\Users\matthewpriestley_kil\Documents\Unreal Projects\OffgridAIDemo\Saved\Logs\OffgridAI\LipsyncDebug\20260728_201019_909_Lana_Line_8157A891419591A0F7C668AB69B21819_000001_00
case_0387_20260728_201031_853_Lana_Line_8157A891419591A0F7C668AB69B21819_000002_00,recorded,lana,existing_corpus_v1,recreation,priestley2,688039236,,,inputs/transcripts/case_0387_20260728_201031_853_Lana_Line_8157A891419591A0F7C668AB69B21819_000002_00.txt,inputs/wav/case_0387_20260728_201031_853_Lana_Line_8157A891419591A0F7C668AB69B21819_000002_00.wav,inputs/gold/case_0387_20260728_201031_853_Lana_Line_8157A891419591A0F7C668AB69B21819_000002_00,1,C:\Users\matthewpriestley_kil\Documents\Unreal Projects\OffgridAIDemo\Saved\Logs\OffgridAI\LipsyncDebug\20260728_201031_853_Lana_Line_8157A891419591A0F7C668AB69B21819_000002_00
case_0388_20260728_201041_151_Lana_Line_8157A891419591A0F7C668AB69B21819_000003_00,recorded,lana,existing_corpus_v1,recreation,priestley,1753018987,,,inputs/transcripts/case_0388_20260728_201041_151_Lana_Line_8157A891419591A0F7C668AB69B21819_000003_00.txt,inputs/wav/case_0388_20260728_201041_151_Lana_Line_8157A891419591A0F7C668AB69B21819_000003_00.wav,inputs/gold/case_0388_20260728_201041_151_Lana_Line_8157A891419591A0F7C668AB69B21819_000003_00,1,C:\Users\matthewpriestley_kil\Documents\Unreal Projects\OffgridAIDemo\Saved\Logs\OffgridAI\LipsyncDebug\20260728_201041_151_Lana_Line_8157A891419591A0F7C668AB69B21819_000003_00
case_0389_20260728_201047_038_Lana_Line_8157A891419591A0F7C668AB69B21819_000004_00,recorded,lana,existing_corpus_v1,recreation,lana,24791987,,,inputs/transcripts/case_0389_20260728_201047_038_Lana_Line_8157A891419591A0F7C668AB69B21819_000004_00.txt,inputs/wav/case_0389_20260728_201047_038_Lana_Line_8157A891419591A0F7C668AB69B21819_000004_00.wav,inputs/gold/case_0389_20260728_201047_038_Lana_Line_8157A891419591A0F7C668AB69B21819_000004_00,1,C:\Users\matthewpriestley_kil\Documents\Unreal Projects\OffgridAIDemo\Saved\Logs\OffgridAI\LipsyncDebug\20260728_201047_038_Lana_Line_8157A891419591A0F7C668AB69B21819_000004_00
case_0390_20260728_201110_327_Lana_Line_8157A891419591A0F7C668AB69B21819_000005_00,recorded,lana,existing_corpus_v1,recreation,lana,1499472996,,,inputs/transcripts/case_0390_20260728_201110_327_Lana_Line_8157A891419591A0F7C668AB69B21819_000005_00.txt,inputs/wav/case_0390_20260728_201110_327_Lana_Line_8157A891419591A0F7C668AB69B21819_000005_00.wav,inputs/gold/case_0390_20260728_201110_327_Lana_Line_8157A891419591A0F7C668AB69B21819_000005_00,1,C:\Users\matthewpriestley_kil\Documents\Unreal Projects\OffgridAIDemo\Saved\Logs\OffgridAI\LipsyncDebug\20260728_201110_327_Lana_Line_8157A891419591A0F7C668AB69B21819_000005_00
case_0391_20260729_051851_986_Lana_Line_D2CAA7454CFE37E8C318F9B0A5D38B28_000000_00,recorded,lana,existing_corpus_v1,recreation,lana,187928486,,,inputs/transcripts/case_0391_20260729_051851_986_Lana_Line_D2CAA7454CFE37E8C318F9B0A5D38B28_000000_00.txt,inputs/wav/case_0391_20260729_051851_986_Lana_Line_D2CAA7454CFE37E8C318F9B0A5D38B28_000000_00.wav,inputs/gold/case_0391_20260729_051851_986_Lana_Line_D2CAA7454CFE37E8C318F9B0A5D38B28_000000_00,1,C:\git\qwen3-tts-cpp-streaming\.tmp_liplab_20260729_logs\20260729_051851_986_Lana_Line_D2CAA7454CFE37E8C318F9B0A5D38B28_000000_00
case_0392_20260729_051858_718_Lana_Line_D2CAA7454CFE37E8C318F9B0A5D38B28_000001_00,recorded,lana,existing_corpus_v1,recreation,priestley,251012505,,,inputs/transcripts/case_0392_20260729_051858_718_Lana_Line_D2CAA7454CFE37E8C318F9B0A5D38B28_000001_00.txt,inputs/wav/case_0392_20260729_051858_718_Lana_Line_D2CAA7454CFE37E8C318F9B0A5D38B28_000001_00.wav,inputs/gold/case_0392_20260729_051858_718_Lana_Line_D2CAA7454CFE37E8C318F9B0A5D38B28_000001_00,1,C:\git\qwen3-tts-cpp-streaming\.tmp_liplab_20260729_logs\20260729_051858_718_Lana_Line_D2CAA7454CFE37E8C318F9B0A5D38B28_000001_00
case_0393_20260729_051906_926_Lana_Line_D2CAA7454CFE37E8C318F9B0A5D38B28_000002_00,recorded,lana,existing_corpus_v1,recreation,priestley,1401274947,,,inputs/transcripts/case_0393_20260729_051906_926_Lana_Line_D2CAA7454CFE37E8C318F9B0A5D38B28_000002_00.txt,inputs/wav/case_0393_20260729_051906_926_Lana_Line_D2CAA7454CFE37E8C318F9B0A5D38B28_000002_00.wav,inputs/gold/case_0393_20260729_051906_926_Lana_Line_D2CAA7454CFE37E8C318F9B0A5D38B28_000002_00,1,C:\git\qwen3-tts-cpp-streaming\.tmp_liplab_20260729_logs\20260729_051906_926_Lana_Line_D2CAA7454CFE37E8C318F9B0A5D38B28_000002_00
case_0394_20260729_051916_059_Lana_Line_D2CAA7454CFE37E8C318F9B0A5D38B28_000003_00,recorded,lana,existing_corpus_v1,recreation,alfie,1242599698,,,inputs/transcripts/case_0394_20260729_051916_059_Lana_Line_D2CAA7454CFE37E8C318F9B0A5D38B28_000003_00.txt,inputs/wav/case_0394_20260729_051916_059_Lana_Line_D2CAA7454CFE37E8C318F9B0A5D38B28_000003_00.wav,inputs/gold/case_0394_20260729_051916_059_Lana_Line_D2CAA7454CFE37E8C318F9B0A5D38B28_000003_00,1,C:\git\qwen3-tts-cpp-streaming\.tmp_liplab_20260729_logs\20260729_051916_059_Lana_Line_D2CAA7454CFE37E8C318F9B0A5D38B28_000003_00
case_0395_20260729_051928_570_Lana_Line_D2CAA7454CFE37E8C318F9B0A5D38B28_000004_00,recorded,lana,existing_corpus_v1,recreation,lana,812071051,,,inputs/transcripts/case_0395_20260729_051928_570_Lana_Line_D2CAA7454CFE37E8C318F9B0A5D38B28_000004_00.txt,inputs/wav/case_0395_20260729_051928_570_Lana_Line_D2CAA7454CFE37E8C318F9B0A5D38B28_000004_00.wav,inputs/gold/case_0395_20260729_051928_570_Lana_Line_D2CAA7454CFE37E8C318F9B0A5D38B28_000004_00,1,C:\git\qwen3-tts-cpp-streaming\.tmp_liplab_20260729_logs\20260729_051928_570_Lana_Line_D2CAA7454CFE37E8C318F9B0A5D38B28_000004_00
case_0396_20260729_051937_433_Lana_Line_D2CAA7454CFE37E8C318F9B0A5D38B28_000005_00,recorded,lana,existing_corpus_v1,recreation,priestley,1621265764,,,inputs/transcripts/case_0396_20260729_051937_433_Lana_Line_D2CAA7454CFE37E8C318F9B0A5D38B28_000005_00.txt,inputs/wav/case_0396_20260729_051937_433_Lana_Line_D2CAA7454CFE37E8C318F9B0A5D38B28_000005_00.wav,inputs/gold/case_0396_20260729_051937_433_Lana_Line_D2CAA7454CFE37E8C318F9B0A5D38B28_000005_00,1,C:\git\qwen3-tts-cpp-streaming\.tmp_liplab_20260729_logs\20260729_051937_433_Lana_Line_D2CAA7454CFE37E8C318F9B0A5D38B28_000005_00
case_0397_20260729_052336_776_Lana_Line_D6196110467B43CC0B510B8BDB70CE16_000000_00,recorded,lana,existing_corpus_v1,recreation,priestley2,1812543320,,,inputs/transcripts/case_0397_20260729_052336_776_Lana_Line_D6196110467B43CC0B510B8BDB70CE16_000000_00.txt,inputs/wav/case_0397_20260729_052336_776_Lana_Line_D6196110467B43CC0B510B8BDB70CE16_000000_00.wav,inputs/gold/case_0397_20260729_052336_776_Lana_Line_D6196110467B43CC0B510B8BDB70CE16_000000_00,1,C:\git\qwen3-tts-cpp-streaming\.tmp_liplab_20260729_logs\20260729_052336_776_Lana_Line_D6196110467B43CC0B510B8BDB70CE16_000000_00
case_0398_20260729_052449_305_Lana_Line_F09B4B804F858D04620EA6B589E55CA5_000000_00,recorded,lana,existing_corpus_v1,recreation,priestley2,1937180555,,,inputs/transcripts/case_0398_20260729_052449_305_Lana_Line_F09B4B804F858D04620EA6B589E55CA5_000000_00.txt,inputs/wav/case_0398_20260729_052449_305_Lana_Line_F09B4B804F858D04620EA6B589E55CA5_000000_00.wav,inputs/gold/case_0398_20260729_052449_305_Lana_Line_F09B4B804F858D04620EA6B589E55CA5_000000_00,1,C:\git\qwen3-tts-cpp-streaming\.tmp_liplab_20260729_logs\20260729_052449_305_Lana_Line_F09B4B804F858D04620EA6B589E55CA5_000000_00
case_0399_20260729_052554_174_Lana_Line_07FB7B8B4277D6FA2D66339DDFD4BE25_000000_00,recorded,lana,existing_corpus_v1,recreation,priestley,738435349,,,inputs/transcripts/case_0399_20260729_052554_174_Lana_Line_07FB7B8B4277D6FA2D66339DDFD4BE25_000000_00.txt,inputs/wav/case_0399_20260729_052554_174_Lana_Line_07FB7B8B4277D6FA2D66339DDFD4BE25_000000_00.wav,inputs/gold/case_0399_20260729_052554_174_Lana_Line_07FB7B8B4277D6FA2D66339DDFD4BE25_000000_00,1,C:\git\qwen3-tts-cpp-streaming\.tmp_liplab_20260729_logs\20260729_052554_174_Lana_Line_07FB7B8B4277D6FA2D66339DDFD4BE25_000000_00
case_0400_20260729_052600_915_Lana_Line_07FB7B8B4277D6FA2D66339DDFD4BE25_000001_00,recorded,lana,existing_corpus_v1,recreation,lana,1406796871,,,inputs/transcripts/case_0400_20260729_052600_915_Lana_Line_07FB7B8B4277D6FA2D66339DDFD4BE25_000001_00.txt,inputs/wav/case_0400_20260729_052600_915_Lana_Line_07FB7B8B4277D6FA2D66339DDFD4BE25_000001_00.wav,inputs/gold/case_0400_20260729_052600_915_Lana_Line_07FB7B8B4277D6FA2D66339DDFD4BE25_000001_00,1,C:\git\qwen3-tts-cpp-streaming\.tmp_liplab_20260729_logs\20260729_052600_915_Lana_Line_07FB7B8B4277D6FA2D66339DDFD4BE25_000001_00
case_0401_20260729_052607_114_Lana_Line_07FB7B8B4277D6FA2D66339DDFD4BE25_000002_00,recorded,lana,existing_corpus_v1,recreation,priestley2,935411489,,,inputs/transcripts/case_0401_20260729_052607_114_Lana_Line_07FB7B8B4277D6FA2D66339DDFD4BE25_000002_00.txt,inputs/wav/case_0401_20260729_052607_114_Lana_Line_07FB7B8B4277D6FA2D66339DDFD4BE25_000002_00.wav,inputs/gold/case_0401_20260729_052607_114_Lana_Line_07FB7B8B4277D6FA2D66339DDFD4BE25_000002_00,1,C:\git\qwen3-tts-cpp-streaming\.tmp_liplab_20260729_logs\20260729_052607_114_Lana_Line_07FB7B8B4277D6FA2D66339DDFD4BE25_000002_00
case_0402_20260729_052617_554_Lana_Line_07FB7B8B4277D6FA2D66339DDFD4BE25_000003_00,recorded,lana,existing_corpus_v1,recreation,lana,1578300338,,,inputs/transcripts/case_0402_20260729_052617_554_Lana_Line_07FB7B8B4277D6FA2D66339DDFD4BE25_000003_00.txt,inputs/wav/case_0402_20260729_052617_554_Lana_Line_07FB7B8B4277D6FA2D66339DDFD4BE25_000003_00.wav,inputs/gold/case_0402_20260729_052617_554_Lana_Line_07FB7B8B4277D6FA2D66339DDFD4BE25_000003_00,1,C:\git\qwen3-tts-cpp-streaming\.tmp_liplab_20260729_logs\20260729_052617_554_Lana_Line_07FB7B8B4277D6FA2D66339DDFD4BE25_000003_00
case_0403_20260729_052627_479_Lana_Line_07FB7B8B4277D6FA2D66339DDFD4BE25_000004_00,recorded,lana,existing_corpus_v1,recreation,lana,1010816045,,,inputs/transcripts/case_0403_20260729_052627_479_Lana_Line_07FB7B8B4277D6FA2D66339DDFD4BE25_000004_00.txt,inputs/wav/case_0403_20260729_052627_479_Lana_Line_07FB7B8B4277D6FA2D66339DDFD4BE25_000004_00.wav,inputs/gold/case_0403_20260729_052627_479_Lana_Line_07FB7B8B4277D6FA2D66339DDFD4BE25_000004_00,1,C:\git\qwen3-tts-cpp-streaming\.tmp_liplab_20260729_logs\20260729_052627_479_Lana_Line_07FB7B8B4277D6FA2D66339DDFD4BE25_000004_00
case_0404_20260729_052728_484_Lana_Line_1E375992458DEA93434057BF4063C71A_000000_00,recorded,lana,existing_corpus_v1,recreation,lana,432817639,,,inputs/transcripts/case_0404_20260729_052728_484_Lana_Line_1E375992458DEA93434057BF4063C71A_000000_00.txt,inputs/wav/case_0404_20260729_052728_484_Lana_Line_1E375992458DEA93434057BF4063C71A_000000_00.wav,inputs/gold/case_0404_20260729_052728_484_Lana_Line_1E375992458DEA93434057BF4063C71A_000000_00,1,C:\git\qwen3-tts-cpp-streaming\.tmp_liplab_20260729_logs\20260729_052728_484_Lana_Line_1E375992458DEA93434057BF4063C71A_000000_00
case_0405_20260729_052738_615_Lana_Line_1E375992458DEA93434057BF4063C71A_000001_00,recorded,lana,existing_corpus_v1,recreation,lana,1471549945,,,inputs/transcripts/case_0405_20260729_052738_615_Lana_Line_1E375992458DEA93434057BF4063C71A_000001_00.txt,inputs/wav/case_0405_20260729_052738_615_Lana_Line_1E375992458DEA93434057BF4063C71A_000001_00.wav,inputs/gold/case_0405_20260729_052738_615_Lana_Line_1E375992458DEA93434057BF4063C71A_000001_00,1,C:\git\qwen3-tts-cpp-streaming\.tmp_liplab_20260729_logs\20260729_052738_615_Lana_Line_1E375992458DEA93434057BF4063C71A_000001_00
case_0406_20260729_052744_797_Lana_Line_1E375992458DEA93434057BF4063C71A_000002_00,recorded,lana,existing_corpus_v1,recreation,priestley2,1759727578,,,inputs/transcripts/case_0406_20260729_052744_797_Lana_Line_1E375992458DEA93434057BF4063C71A_000002_00.txt,inputs/wav/case_0406_20260729_052744_797_Lana_Line_1E375992458DEA93434057BF4063C71A_000002_00.wav,inputs/gold/case_0406_20260729_052744_797_Lana_Line_1E375992458DEA93434057BF4063C71A_000002_00,1,C:\git\qwen3-tts-cpp-streaming\.tmp_liplab_20260729_logs\20260729_052744_797_Lana_Line_1E375992458DEA93434057BF4063C71A_000002_00
case_0407_20260729_052750_564_Lana_Line_1E375992458DEA93434057BF4063C71A_000003_00,recorded,lana,existing_corpus_v1,recreation,priestley,1925165757,,,inputs/transcripts/case_0407_20260729_052750_564_Lana_Line_1E375992458DEA93434057BF4063C71A_000003_00.txt,inputs/wav/case_0407_20260729_052750_564_Lana_Line_1E375992458DEA93434057BF4063C71A_000003_00.wav,inputs/gold/case_0407_20260729_052750_564_Lana_Line_1E375992458DEA93434057BF4063C71A_000003_00,1,C:\git\qwen3-tts-cpp-streaming\.tmp_liplab_20260729_logs\20260729_052750_564_Lana_Line_1E375992458DEA93434057BF4063C71A_000003_00
case_0408_20260729_052756_592_Lana_Line_1E375992458DEA93434057BF4063C71A_000004_00,recorded,lana,existing_corpus_v1,recreation,priestley2,1882941102,,,inputs/transcripts/case_0408_20260729_052756_592_Lana_Line_1E375992458DEA93434057BF4063C71A_000004_00.txt,inputs/wav/case_0408_20260729_052756_592_Lana_Line_1E375992458DEA93434057BF4063C71A_000004_00.wav,inputs/gold/case_0408_20260729_052756_592_Lana_Line_1E375992458DEA93434057BF4063C71A_000004_00,1,C:\git\qwen3-tts-cpp-streaming\.tmp_liplab_20260729_logs\20260729_052756_592_Lana_Line_1E375992458DEA93434057BF4063C71A_000004_00
case_0409_20260729_052816_839_Lana_Line_01C2455E469628225844FDB0AA45FB77_000000_00,recorded,lana,existing_corpus_v1,recreation,priestley,514955649,,,inputs/transcripts/case_0409_20260729_052816_839_Lana_Line_01C2455E469628225844FDB0AA45FB77_000000_00.txt,inputs/wav/case_0409_20260729_052816_839_Lana_Line_01C2455E469628225844FDB0AA45FB77_000000_00.wav,inputs/gold/case_0409_20260729_052816_839_Lana_Line_01C2455E469628225844FDB0AA45FB77_000000_00,1,C:\git\qwen3-tts-cpp-streaming\.tmp_liplab_20260729_logs\20260729_052816_839_Lana_Line_01C2455E469628225844FDB0AA45FB77_000000_00
case_0410_20260729_052823_791_Lana_Line_01C2455E469628225844FDB0AA45FB77_000001_00,recorded,lana,existing_corpus_v1,recreation,priestley,1083680868,,,inputs/transcripts/case_0410_20260729_052823_791_Lana_Line_01C2455E469628225844FDB0AA45FB77_000001_00.txt,inputs/wav/case_0410_20260729_052823_791_Lana_Line_01C2455E469628225844FDB0AA45FB77_000001_00.wav,inputs/gold/case_0410_20260729_052823_791_Lana_Line_01C2455E469628225844FDB0AA45FB77_000001_00,1,C:\git\qwen3-tts-cpp-streaming\.tmp_liplab_20260729_logs\20260729_052823_791_Lana_Line_01C2455E469628225844FDB0AA45FB77_000001_00
case_0411_20260729_052831_708_Lana_Line_01C2455E469628225844FDB0AA45FB77_000002_00,recorded,lana,existing_corpus_v1,recreation,priestley2,341740802,,,inputs/transcripts/case_0411_20260729_052831_708_Lana_Line_01C2455E469628225844FDB0AA45FB77_000002_00.txt,inputs/wav/case_0411_20260729_052831_708_Lana_Line_01C2455E469628225844FDB0AA45FB77_000002_00.wav,inputs/gold/case_0411_20260729_052831_708_Lana_Line_01C2455E469628225844FDB0AA45FB77_000002_00,1,C:\git\qwen3-tts-cpp-streaming\.tmp_liplab_20260729_logs\20260729_052831_708_Lana_Line_01C2455E469628225844FDB0AA45FB77_000002_00
case_0412_20260729_052917_593_Lana_Line_BD42F94147860D72C1E19A9617B70318_000000_00,recorded,lana,existing_corpus_v1,recreation,alfie,749102908,,,inputs/transcripts/case_0412_20260729_052917_593_Lana_Line_BD42F94147860D72C1E19A9617B70318_000000_00.txt,inputs/wav/case_0412_20260729_052917_593_Lana_Line_BD42F94147860D72C1E19A9617B70318_000000_00.wav,inputs/gold/case_0412_20260729_052917_593_Lana_Line_BD42F94147860D72C1E19A9617B70318_000000_00,1,C:\git\qwen3-tts-cpp-streaming\.tmp_liplab_20260729_logs\20260729_052917_593_Lana_Line_BD42F94147860D72C1E19A9617B70318_000000_00
case_0413_20260729_070506_497_Lana_Line_442C87F746AC3CCE4492BA92195A3655_000000_00,recorded,lana,existing_corpus_v1,recreation,priestley,437020275,,,inputs/transcripts/case_0413_20260729_070506_497_Lana_Line_442C87F746AC3CCE4492BA92195A3655_000000_00.txt,inputs/wav/case_0413_20260729_070506_497_Lana_Line_442C87F746AC3CCE4492BA92195A3655_000000_00.wav,inputs/gold/case_0413_20260729_070506_497_Lana_Line_442C87F746AC3CCE4492BA92195A3655_000000_00,1,C:\Users\matthewpriestley_kil\Documents\Unreal Projects\OffgridAIDemo\Saved\Logs\OffgridAI\LipsyncDebug\20260729_070506_497_Lana_Line_442C87F746AC3CCE4492BA92195A3655_000000_00
case_0414_20260729_070516_271_Lana_Line_442C87F746AC3CCE4492BA92195A3655_000001_00,recorded,lana,existing_corpus_v1,recreation,lana,1948533302,,,inputs/transcripts/case_0414_20260729_070516_271_Lana_Line_442C87F746AC3CCE4492BA92195A3655_000001_00.txt,inputs/wav/case_0414_20260729_070516_271_Lana_Line_442C87F746AC3CCE4492BA92195A3655_000001_00.wav,inputs/gold/case_0414_20260729_070516_271_Lana_Line_442C87F746AC3CCE4492BA92195A3655_000001_00,1,C:\Users\matthewpriestley_kil\Documents\Unreal Projects\OffgridAIDemo\Saved\Logs\OffgridAI\LipsyncDebug\20260729_070516_271_Lana_Line_442C87F746AC3CCE4492BA92195A3655_000001_00
case_0415_20260729_070525_121_Lana_Line_442C87F746AC3CCE4492BA92195A3655_000002_00,recorded,lana,existing_corpus_v1,recreation,priestley2,1465819459,,,inputs/transcripts/case_0415_20260729_070525_121_Lana_Line_442C87F746AC3CCE4492BA92195A3655_000002_00.txt,inputs/wav/case_0415_20260729_070525_121_Lana_Line_442C87F746AC3CCE4492BA92195A3655_000002_00.wav,inputs/gold/case_0415_20260729_070525_121_Lana_Line_442C87F746AC3CCE4492BA92195A3655_000002_00,1,C:\Users\matthewpriestley_kil\Documents\Unreal Projects\OffgridAIDemo\Saved\Logs\OffgridAI\LipsyncDebug\20260729_070525_121_Lana_Line_442C87F746AC3CCE4492BA92195A3655_000002_00
case_0416_20260729_070536_153_Lana_Line_442C87F746AC3CCE4492BA92195A3655_000003_00,recorded,lana,existing_corpus_v1,recreation,priestley2,1273806644,,,inputs/transcripts/case_0416_20260729_070536_153_Lana_Line_442C87F746AC3CCE4492BA92195A3655_000003_00.txt,inputs/wav/case_0416_20260729_070536_153_Lana_Line_442C87F746AC3CCE4492BA92195A3655_000003_00.wav,inputs/gold/case_0416_20260729_070536_153_Lana_Line_442C87F746AC3CCE4492BA92195A3655_000003_00,1,C:\Users\matthewpriestley_kil\Documents\Unreal Projects\OffgridAIDemo\Saved\Logs\OffgridAI\LipsyncDebug\20260729_070536_153_Lana_Line_442C87F746AC3CCE4492BA92195A3655_000003_00
case_0417_20260729_071243_541_Lana_Line_9E30BEEF4713E11C3F154FA6D16ABFEB_000000_00,recorded,lana,existing_corpus_v1,recreation,alfie,1754900783,,,inputs/transcripts/case_0417_20260729_071243_541_Lana_Line_9E30BEEF4713E11C3F154FA6D16ABFEB_000000_00.txt,inputs/wav/case_0417_20260729_071243_541_Lana_Line_9E30BEEF4713E11C3F154FA6D16ABFEB_000000_00.wav,inputs/gold/case_0417_20260729_071243_541_Lana_Line_9E30BEEF4713E11C3F154FA6D16ABFEB_000000_00,1,C:\Users\matthewpriestley_kil\Documents\Unreal Projects\OffgridAIDemo\Saved\Logs\OffgridAI\LipsyncDebug\20260729_071243_541_Lana_Line_9E30BEEF4713E11C3F154FA6D16ABFEB_000000_00
case_0418_20260729_071253_791_Lana_Line_9E30BEEF4713E11C3F154FA6D16ABFEB_000001_00,recorded,lana,existing_corpus_v1,recreation,alfie,832596477,,,inputs/transcripts/case_0418_20260729_071253_791_Lana_Line_9E30BEEF4713E11C3F154FA6D16ABFEB_000001_00.txt,inputs/wav/case_0418_20260729_071253_791_Lana_Line_9E30BEEF4713E11C3F154FA6D16ABFEB_000001_00.wav,inputs/gold/case_0418_20260729_071253_791_Lana_Line_9E30BEEF4713E11C3F154FA6D16ABFEB_000001_00,1,C:\Users\matthewpriestley_kil\Documents\Unreal Projects\OffgridAIDemo\Saved\Logs\OffgridAI\LipsyncDebug\20260729_071253_791_Lana_Line_9E30BEEF4713E11C3F154FA6D16ABFEB_000001_00
case_0419_20260729_071310_635_Lana_Line_D4A92D7740146E7ACA62E9AF04B6EAB3_000000_00,recorded,lana,existing_corpus_v1,recreation,lana,1220346366,,,inputs/transcripts/case_0419_20260729_071310_635_Lana_Line_D4A92D7740146E7ACA62E9AF04B6EAB3_000000_00.txt,inputs/wav/case_0419_20260729_071310_635_Lana_Line_D4A92D7740146E7ACA62E9AF04B6EAB3_000000_00.wav,inputs/gold/case_0419_20260729_071310_635_Lana_Line_D4A92D7740146E7ACA62E9AF04B6EAB3_000000_00,1,C:\Users\matthewpriestley_kil\Documents\Unreal Projects\OffgridAIDemo\Saved\Logs\OffgridAI\LipsyncDebug\20260729_071310_635_Lana_Line_D4A92D7740146E7ACA62E9AF04B6EAB3_000000_00
case_0420_20260729_071327_800_Lana_Line_D4A92D7740146E7ACA62E9AF04B6EAB3_000001_00,recorded,lana,existing_corpus_v1,recreation,alfie,823529560,,,inputs/transcripts/case_0420_20260729_071327_800_Lana_Line_D4A92D7740146E7ACA62E9AF04B6EAB3_000001_00.txt,inputs/wav/case_0420_20260729_071327_800_Lana_Line_D4A92D7740146E7ACA62E9AF04B6EAB3_000001_00.wav,inputs/gold/case_0420_20260729_071327_800_Lana_Line_D4A92D7740146E7ACA62E9AF04B6EAB3_000001_00,1,C:\Users\matthewpriestley_kil\Documents\Unreal Projects\OffgridAIDemo\Saved\Logs\OffgridAI\LipsyncDebug\20260729_071327_800_Lana_Line_D4A92D7740146E7ACA62E9AF04B6EAB3_000001_00
case_0421_20260729_071539_790_Lana_Line_D6F9E2454144DBCC71F48FA461834B7C_000000_00,recorded,lana,existing_corpus_v1,recreation,priestley2,201619093,,,inputs/transcripts/case_0421_20260729_071539_790_Lana_Line_D6F9E2454144DBCC71F48FA461834B7C_000000_00.txt,inputs/wav/case_0421_20260729_071539_790_Lana_Line_D6F9E2454144DBCC71F48FA461834B7C_000000_00.wav,inputs/gold/case_0421_20260729_071539_790_Lana_Line_D6F9E2454144DBCC71F48FA461834B7C_000000_00,1,C:\Users\matthewpriestley_kil\Documents\Unreal Projects\OffgridAIDemo\Saved\Logs\OffgridAI\LipsyncDebug\20260729_071539_790_Lana_Line_D6F9E2454144DBCC71F48FA461834B7C_000000_00
case_0422_20260729_071553_134_Lana_Line_D6F9E2454144DBCC71F48FA461834B7C_000001_00,recorded,lana,existing_corpus_v1,recreation,lana,1660845554,,,inputs/transcripts/case_0422_20260729_071553_134_Lana_Line_D6F9E2454144DBCC71F48FA461834B7C_000001_00.txt,inputs/wav/case_0422_20260729_071553_134_Lana_Line_D6F9E2454144DBCC71F48FA461834B7C_000001_00.wav,inputs/gold/case_0422_20260729_071553_134_Lana_Line_D6F9E2454144DBCC71F48FA461834B7C_000001_00,1,C:\Users\matthewpriestley_kil\Documents\Unreal Projects\OffgridAIDemo\Saved\Logs\OffgridAI\LipsyncDebug\20260729_071553_134_Lana_Line_D6F9E2454144DBCC71F48FA461834B7C_000001_00
case_0423_20260729_071600_579_Lana_Line_D6F9E2454144DBCC71F48FA461834B7C_000002_00,recorded,lana,existing_corpus_v1,recreation,lana,1017900669,,,inputs/transcripts/case_0423_20260729_071600_579_Lana_Line_D6F9E2454144DBCC71F48FA461834B7C_000002_00.txt,inputs/wav/case_0423_20260729_071600_579_Lana_Line_D6F9E2454144DBCC71F48FA461834B7C_000002_00.wav,inputs/gold/case_0423_20260729_071600_579_Lana_Line_D6F9E2454144DBCC71F48FA461834B7C_000002_00,1,C:\Users\matthewpriestley_kil\Documents\Unreal Projects\OffgridAIDemo\Saved\Logs\OffgridAI\LipsyncDebug\20260729_071600_579_Lana_Line_D6F9E2454144DBCC71F48FA461834B7C_000002_00
case_0424_20260729_071626_619_Lana_Line_D6F9E2454144DBCC71F48FA461834B7C_000003_00,recorded,lana,existing_corpus_v1,recreation,priestley2,952576944,,,inputs/transcripts/case_0424_20260729_071626_619_Lana_Line_D6F9E2454144DBCC71F48FA461834B7C_000003_00.txt,inputs/wav/case_0424_20260729_071626_619_Lana_Line_D6F9E2454144DBCC71F48FA461834B7C_000003_00.wav,inputs/gold/case_0424_20260729_071626_619_Lana_Line_D6F9E2454144DBCC71F48FA461834B7C_000003_00,1,C:\Users\matthewpriestley_kil\Documents\Unreal Projects\OffgridAIDemo\Saved\Logs\OffgridAI\LipsyncDebug\20260729_071626_619_Lana_Line_D6F9E2454144DBCC71F48FA461834B7C_000003_00
case_0425_20260729_071721_632_Lana_Line_557B4DA747C358E42392039EB0A47C1D_000000_00,recorded,lana,existing_corpus_v1,recreation,alfie,1362601659,,,inputs/transcripts/case_0425_20260729_071721_632_Lana_Line_557B4DA747C358E42392039EB0A47C1D_000000_00.txt,inputs/wav/case_0425_20260729_071721_632_Lana_Line_557B4DA747C358E42392039EB0A47C1D_000000_00.wav,inputs/gold/case_0425_20260729_071721_632_Lana_Line_557B4DA747C358E42392039EB0A47C1D_000000_00,1,C:\Users\matthewpriestley_kil\Documents\Unreal Projects\OffgridAIDemo\Saved\Logs\OffgridAI\LipsyncDebug\20260729_071721_632_Lana_Line_557B4DA747C358E42392039EB0A47C1D_000000_00
case_0426_20260729_071731_468_Lana_Line_557B4DA747C358E42392039EB0A47C1D_000001_00,recorded,lana,existing_corpus_v1,recreation,priestley,1374917831,,,inputs/transcripts/case_0426_20260729_071731_468_Lana_Line_557B4DA747C358E42392039EB0A47C1D_000001_00.txt,inputs/wav/case_0426_20260729_071731_468_Lana_Line_557B4DA747C358E42392039EB0A47C1D_000001_00.wav,inputs/gold/case_0426_20260729_071731_468_Lana_Line_557B4DA747C358E42392039EB0A47C1D_000001_00,1,C:\Users\matthewpriestley_kil\Documents\Unreal Projects\OffgridAIDemo\Saved\Logs\OffgridAI\LipsyncDebug\20260729_071731_468_Lana_Line_557B4DA747C358E42392039EB0A47C1D_000001_00
case_0427_20260729_071750_936_Lana_Line_911906D340D444C108A7A0A76ECA1AF1_000000_00,recorded,lana,existing_corpus_v1,recreation,lana,745834112,,,inputs/transcripts/case_0427_20260729_071750_936_Lana_Line_911906D340D444C108A7A0A76ECA1AF1_000000_00.txt,inputs/wav/case_0427_20260729_071750_936_Lana_Line_911906D340D444C108A7A0A76ECA1AF1_000000_00.wav,inputs/gold/case_0427_20260729_071750_936_Lana_Line_911906D340D444C108A7A0A76ECA1AF1_000000_00,1,C:\Users\matthewpriestley_kil\Documents\Unreal Projects\OffgridAIDemo\Saved\Logs\OffgridAI\LipsyncDebug\20260729_071750_936_Lana_Line_911906D340D444C108A7A0A76ECA1AF1_000000_00
case_0428_20260729_071758_728_Lana_Line_911906D340D444C108A7A0A76ECA1AF1_000001_00,recorded,lana,existing_corpus_v1,recreation,priestley2,206416789,,,inputs/transcripts/case_0428_20260729_071758_728_Lana_Line_911906D340D444C108A7A0A76ECA1AF1_000001_00.txt,inputs/wav/case_0428_20260729_071758_728_Lana_Line_911906D340D444C108A7A0A76ECA1AF1_000001_00.wav,inputs/gold/case_0428_20260729_071758_728_Lana_Line_911906D340D444C108A7A0A76ECA1AF1_000001_00,1,C:\Users\matthewpriestley_kil\Documents\Unreal Projects\OffgridAIDemo\Saved\Logs\OffgridAI\LipsyncDebug\20260729_071758_728_Lana_Line_911906D340D444C108A7A0A76ECA1AF1_000001_00
case_0429_20260729_071805_953_Lana_Line_911906D340D444C108A7A0A76ECA1AF1_000002_00,recorded,lana,existing_corpus_v1,recreation,priestley,906377126,,,inputs/transcripts/case_0429_20260729_071805_953_Lana_Line_911906D340D444C108A7A0A76ECA1AF1_000002_00.txt,inputs/wav/case_0429_20260729_071805_953_Lana_Line_911906D340D444C108A7A0A76ECA1AF1_000002_00.wav,inputs/gold/case_0429_20260729_071805_953_Lana_Line_911906D340D444C108A7A0A76ECA1AF1_000002_00,1,C:\Users\matthewpriestley_kil\Documents\Unreal Projects\OffgridAIDemo\Saved\Logs\OffgridAI\LipsyncDebug\20260729_071805_953_Lana_Line_911906D340D444C108A7A0A76ECA1AF1_000002_00
case_0430_20260729_071816_635_Lana_Line_911906D340D444C108A7A0A76ECA1AF1_000003_00,recorded,lana,existing_corpus_v1,recreation,priestley,506701939,,,inputs/transcripts/case_0430_20260729_071816_635_Lana_Line_911906D340D444C108A7A0A76ECA1AF1_000003_00.txt,inputs/wav/case_0430_20260729_071816_635_Lana_Line_911906D340D444C108A7A0A76ECA1AF1_000003_00.wav,inputs/gold/case_0430_20260729_071816_635_Lana_Line_911906D340D444C108A7A0A76ECA1AF1_000003_00,1,C:\Users\matthewpriestley_kil\Documents\Unreal Projects\OffgridAIDemo\Saved\Logs\OffgridAI\LipsyncDebug\20260729_071816_635_Lana_Line_911906D340D444C108A7A0A76ECA1AF1_000003_00
factory_v1_clause_001__alfie_1_7b,data_factory,alfie_1_7b,neural_scheduler_corpus_v1,source,alfie_1_7b,806044542,clause_001,multiple_clauses,inputs/transcripts/factory_v1_clause_001__alfie_1_7b.txt,inputs/wav/factory_v1_clause_001__alfie_1_7b.wav,inputs/gold/factory_v1_clause_001__alfie_1_7b,1,
factory_v1_clause_001__lana_1_7b,data_factory,lana_1_7b,neural_scheduler_corpus_v1,source,lana_1_7b,2008959335,clause_001,multiple_clauses,inputs/transcripts/factory_v1_clause_001__lana_1_7b.txt,inputs/wav/factory_v1_clause_001__lana_1_7b.wav,inputs/gold/factory_v1_clause_001__lana_1_7b,1,
factory_v1_clause_001__priestley2_1_7b,data_factory,priestley2_1_7b,neural_scheduler_corpus_v1,source,priestley2_1_7b,2024849232,clause_001,multiple_clauses,inputs/transcripts/factory_v1_clause_001__priestley2_1_7b.txt,inputs/wav/factory_v1_clause_001__priestley2_1_7b.wav,inputs/gold/factory_v1_clause_001__priestley2_1_7b,1,
factory_v1_clause_001__priestley_1_7b,data_factory,priestley_1_7b,neural_scheduler_corpus_v1,source,priestley_1_7b,97118043,clause_001,multiple_clauses,inputs/transcripts/factory_v1_clause_001__priestley_1_7b.txt,inputs/wav/factory_v1_clause_001__priestley_1_7b.wav,inputs/gold/factory_v1_clause_001__priestley_1_7b,1,
factory_v1_clause_002__alfie_1_7b,data_factory,alfie_1_7b,neural_scheduler_corpus_v1,source,alfie_1_7b,1577615867,clause_002,multiple_clauses,inputs/transcripts/factory_v1_clause_002__alfie_1_7b.txt,inputs/wav/factory_v1_clause_002__alfie_1_7b.wav,inputs/gold/factory_v1_clause_002__alfie_1_7b,1,
factory_v1_clause_002__lana_1_7b,data_factory,lana_1_7b,neural_scheduler_corpus_v1,source,lana_1_7b,1492821838,clause_002,multiple_clauses,inputs/transcripts/factory_v1_clause_002__lana_1_7b.txt,inputs/wav/factory_v1_clause_002__lana_1_7b.wav,inputs/gold/factory_v1_clause_002__lana_1_7b,1,
factory_v1_clause_002__priestley2_1_7b,data_factory,priestley2_1_7b,neural_scheduler_corpus_v1,source,priestley2_1_7b,1171710948,clause_002,multiple_clauses,inputs/transcripts/factory_v1_clause_002__priestley2_1_7b.txt,inputs/wav/factory_v1_clause_002__priestley2_1_7b.wav,inputs/gold/factory_v1_clause_002__priestley2_1_7b,1,
factory_v1_clause_002__priestley_1_7b,data_factory,priestley_1_7b,neural_scheduler_corpus_v1,source,priestley_1_7b,237546945,clause_002,multiple_clauses,inputs/transcripts/factory_v1_clause_002__priestley_1_7b.txt,inputs/wav/factory_v1_clause_002__priestley_1_7b.wav,inputs/gold/factory_v1_clause_002__priestley_1_7b,1,
factory_v1_clause_003__alfie_1_7b,data_factory,alfie_1_7b,neural_scheduler_corpus_v1,source,alfie_1_7b,1341175566,clause_003,multiple_clauses,inputs/transcripts/factory_v1_clause_003__alfie_1_7b.txt,inputs/wav/factory_v1_clause_003__alfie_1_7b.wav,inputs/gold/factory_v1_clause_003__alfie_1_7b,1,
factory_v1_clause_003__lana_1_7b,data_factory,lana_1_7b,neural_scheduler_corpus_v1,source,lana_1_7b,1447727343,clause_003,multiple_clauses,inputs/transcripts/factory_v1_clause_003__lana_1_7b.txt,inputs/wav/factory_v1_clause_003__lana_1_7b.wav,inputs/gold/factory_v1_clause_003__lana_1_7b,1,
factory_v1_clause_003__priestley2_1_7b,data_factory,priestley2_1_7b,neural_scheduler_corpus_v1,source,priestley2_1_7b,2115727023,clause_003,multiple_clauses,inputs/transcripts/factory_v1_clause_003__priestley2_1_7b.txt,inputs/wav/factory_v1_clause_003__priestley2_1_7b.wav,inputs/gold/factory_v1_clause_003__priestley2_1_7b,1,
factory_v1_clause_003__priestley_1_7b,data_factory,priestley_1_7b,neural_scheduler_corpus_v1,source,priestley_1_7b,2002383474,clause_003,multiple_clauses,inputs/transcripts/factory_v1_clause_003__priestley_1_7b.txt,inputs/wav/factory_v1_clause_003__priestley_1_7b.wav,inputs/gold/factory_v1_clause_003__priestley_1_7b,1,
factory_v1_clause_004__alfie_1_7b,data_factory,alfie_1_7b,neural_scheduler_corpus_v1,source,alfie_1_7b,1586410626,clause_004,multiple_clauses,inputs/transcripts/factory_v1_clause_004__alfie_1_7b.txt,inputs/wav/factory_v1_clause_004__alfie_1_7b.wav,inputs/gold/factory_v1_clause_004__alfie_1_7b,1,
factory_v1_clause_004__lana_1_7b,data_factory,lana_1_7b,neural_scheduler_corpus_v1,source,lana_1_7b,1099091616,clause_004,multiple_clauses,inputs/transcripts/factory_v1_clause_004__lana_1_7b.txt,inputs/wav/factory_v1_clause_004__lana_1_7b.wav,inputs/gold/factory_v1_clause_004__lana_1_7b,1,
factory_v1_clause_004__priestley2_1_7b,data_factory,priestley2_1_7b,neural_scheduler_corpus_v1,source,priestley2_1_7b,1821771376,clause_004,multiple_clauses,inputs/transcripts/factory_v1_clause_004__priestley2_1_7b.txt,inputs/wav/factory_v1_clause_004__priestley2_1_7b.wav,inputs/gold/factory_v1_clause_004__priestley2_1_7b,1,
factory_v1_clause_004__priestley_1_7b,data_factory,priestley_1_7b,neural_scheduler_corpus_v1,source,priestley_1_7b,284432828,clause_004,multiple_clauses,inputs/transcripts/factory_v1_clause_004__priestley_1_7b.txt,inputs/wav/factory_v1_clause_004__priestley_1_7b.wav,inputs/gold/factory_v1_clause_004__priestley_1_7b,1,
factory_v1_clause_005__alfie_1_7b,data_factory,alfie_1_7b,neural_scheduler_corpus_v1,source,alfie_1_7b,1111756592,clause_005,multiple_clauses,inputs/transcripts/factory_v1_clause_005__alfie_1_7b.txt,inputs/wav/factory_v1_clause_005__alfie_1_7b.wav,inputs/gold/factory_v1_clause_005__alfie_1_7b,1,
factory_v1_clause_005__lana_1_7b,data_factory,lana_1_7b,neural_scheduler_corpus_v1,source,lana_1_7b,167381745,clause_005,multiple_clauses,inputs/transcripts/factory_v1_clause_005__lana_1_7b.txt,inputs/wav/factory_v1_clause_005__lana_1_7b.wav,inputs/gold/factory_v1_clause_005__lana_1_7b,1,
factory_v1_clause_005__priestley2_1_7b,data_factory,priestley2_1_7b,neural_scheduler_corpus_v1,source,priestley2_1_7b,1467006356,clause_005,multiple_clauses,inputs/transcripts/factory_v1_clause_005__priestley2_1_7b.txt,inputs/wav/factory_v1_clause_005__priestley2_1_7b.wav,inputs/gold/factory_v1_clause_005__priestley2_1_7b,1,
factory_v1_clause_005__priestley_1_7b,data_factory,priestley_1_7b,neural_scheduler_corpus_v1,source,priestley_1_7b,1501525935,clause_005,multiple_clauses,inputs/transcripts/factory_v1_clause_005__priestley_1_7b.txt,inputs/wav/factory_v1_clause_005__priestley_1_7b.wav,inputs/gold/factory_v1_clause_005__priestley_1_7b,1,
factory_v1_clause_006__alfie_1_7b,data_factory,alfie_1_7b,neural_scheduler_corpus_v1,source,alfie_1_7b,2003247749,clause_006,multiple_clauses,inputs/transcripts/factory_v1_clause_006__alfie_1_7b.txt,inputs/wav/factory_v1_clause_006__alfie_1_7b.wav,inputs/gold/factory_v1_clause_006__alfie_1_7b,1,
factory_v1_clause_006__lana_1_7b,data_factory,lana_1_7b,neural_scheduler_corpus_v1,source,lana_1_7b,1774988809,clause_006,multiple_clauses,inputs/transcripts/factory_v1_clause_006__lana_1_7b.txt,inputs/wav/factory_v1_clause_006__lana_1_7b.wav,inputs/gold/factory_v1_clause_006__lana_1_7b,1,
factory_v1_clause_006__priestley2_1_7b,data_factory,priestley2_1_7b,neural_scheduler_corpus_v1,source,priestley2_1_7b,789237931,clause_006,multiple_clauses,inputs/transcripts/factory_v1_clause_006__priestley2_1_7b.txt,inputs/wav/factory_v1_clause_006__priestley2_1_7b.wav,inputs/gold/factory_v1_clause_006__priestley2_1_7b,1,
factory_v1_clause_006__priestley_1_7b,data_factory,priestley_1_7b,neural_scheduler_corpus_v1,source,priestley_1_7b,414147601,clause_006,multiple_clauses,inputs/transcripts/factory_v1_clause_006__priestley_1_7b.txt,inputs/wav/factory_v1_clause_006__priestley_1_7b.wav,inputs/gold/factory_v1_clause_006__priestley_1_7b,1,
factory_v1_clause_007__alfie_1_7b,data_factory,alfie_1_7b,neural_scheduler_corpus_v1,source,alfie_1_7b,437162044,clause_007,multiple_clauses,inputs/transcripts/factory_v1_clause_007__alfie_1_7b.txt,inputs/wav/factory_v1_clause_007__alfie_1_7b.wav,inputs/gold/factory_v1_clause_007__alfie_1_7b,1,
factory_v1_clause_007__lana_1_7b,data_factory,lana_1_7b,neural_scheduler_corpus_v1,source,lana_1_7b,2099199765,clause_007,multiple_clauses,inputs/transcripts/factory_v1_clause_007__lana_1_7b.txt,inputs/wav/factory_v1_clause_007__lana_1_7b.wav,inputs/gold/factory_v1_clause_007__lana_1_7b,1,
factory_v1_clause_007__priestley2_1_7b,data_factory,priestley2_1_7b,neural_scheduler_corpus_v1,source,priestley2_1_7b,1748647410,clause_007,multiple_clauses,inputs/transcripts/factory_v1_clause_007__priestley2_1_7b.txt,inputs/wav/factory_v1_clause_007__priestley2_1_7b.wav,inputs/gold/factory_v1_clause_007__priestley2_1_7b,1,
factory_v1_clause_007__priestley_1_7b,data_factory,priestley_1_7b,neural_scheduler_corpus_v1,source,priestley_1_7b,1785244136,clause_007,multiple_clauses,inputs/transcripts/factory_v1_clause_007__priestley_1_7b.txt,inputs/wav/factory_v1_clause_007__priestley_1_7b.wav,inputs/gold/factory_v1_clause_007__priestley_1_7b,1,
factory_v1_clause_008__alfie_1_7b,data_factory,alfie_1_7b,neural_scheduler_corpus_v1,source,alfie_1_7b,670427007,clause_008,multiple_clauses,inputs/transcripts/factory_v1_clause_008__alfie_1_7b.txt,inputs/wav/factory_v1_clause_008__alfie_1_7b.wav,inputs/gold/factory_v1_clause_008__alfie_1_7b,1,
factory_v1_clause_008__lana_1_7b,data_factory,lana_1_7b,neural_scheduler_corpus_v1,source,lana_1_7b,1313814267,clause_008,multiple_clauses,inputs/transcripts/factory_v1_clause_008__lana_1_7b.txt,inputs/wav/factory_v1_clause_008__lana_1_7b.wav,inputs/gold/factory_v1_clause_008__lana_1_7b,1,
factory_v1_clause_008__priestley2_1_7b,data_factory,priestley2_1_7b,neural_scheduler_corpus_v1,source,priestley2_1_7b,915063420,clause_008,multiple_clauses,inputs/transcripts/factory_v1_clause_008__priestley2_1_7b.txt,inputs/wav/factory_v1_clause_008__priestley2_1_7b.wav,inputs/gold/factory_v1_clause_008__priestley2_1_7b,1,
factory_v1_clause_008__priestley_1_7b,data_factory,priestley_1_7b,neural_scheduler_corpus_v1,source,priestley_1_7b,937687942,clause_008,multiple_clauses,inputs/transcripts/factory_v1_clause_008__priestley_1_7b.txt,inputs/wav/factory_v1_clause_008__priestley_1_7b.wav,inputs/gold/factory_v1_clause_008__priestley_1_7b,1,
factory_v1_clause_009__alfie_1_7b,data_factory,alfie_1_7b,neural_scheduler_corpus_v1,source,alfie_1_7b,1234000812,clause_009,multiple_clauses,inputs/transcripts/factory_v1_clause_009__alfie_1_7b.txt,inputs/wav/factory_v1_clause_009__alfie_1_7b.wav,inputs/gold/factory_v1_clause_009__alfie_1_7b,1,
factory_v1_clause_009__lana_1_7b,data_factory,lana_1_7b,neural_scheduler_corpus_v1,source,lana_1_7b,865456934,clause_009,multiple_clauses,inputs/transcripts/factory_v1_clause_009__lana_1_7b.txt,inputs/wav/factory_v1_clause_009__lana_1_7b.wav,inputs/gold/factory_v1_clause_009__lana_1_7b,1,
factory_v1_clause_009__priestley2_1_7b,data_factory,priestley2_1_7b,neural_scheduler_corpus_v1,source,priestley2_1_7b,194365604,clause_009,multiple_clauses,inputs/transcripts/factory_v1_clause_009__priestley2_1_7b.txt,inputs/wav/factory_v1_clause_009__priestley2_1_7b.wav,inputs/gold/factory_v1_clause_009__priestley2_1_7b,1,
factory_v1_clause_009__priestley_1_7b,data_factory,priestley_1_7b,neural_scheduler_corpus_v1,source,priestley_1_7b,20356786,clause_009,multiple_clauses,inputs/transcripts/factory_v1_clause_009__priestley_1_7b.txt,inputs/wav/factory_v1_clause_009__priestley_1_7b.wav,inputs/gold/factory_v1_clause_009__priestley_1_7b,1,
factory_v1_clause_010__alfie_1_7b,data_factory,alfie_1_7b,neural_scheduler_corpus_v1,source,alfie_1_7b,1239834606,clause_010,multiple_clauses,inputs/transcripts/factory_v1_clause_010__alfie_1_7b.txt,inputs/wav/factory_v1_clause_010__alfie_1_7b.wav,inputs/gold/factory_v1_clause_010__alfie_1_7b,1,
factory_v1_clause_010__lana_1_7b,data_factory,lana_1_7b,neural_scheduler_corpus_v1,source,lana_1_7b,193877335,clause_010,multiple_clauses,inputs/transcripts/factory_v1_clause_010__lana_1_7b.txt,inputs/wav/factory_v1_clause_010__lana_1_7b.wav,inputs/gold/factory_v1_clause_010__lana_1_7b,1,
factory_v1_clause_010__priestley2_1_7b,data_factory,priestley2_1_7b,neural_scheduler_corpus_v1,source,priestley2_1_7b,1800033571,clause_010,multiple_clauses,inputs/transcripts/factory_v1_clause_010__priestley2_1_7b.txt,inputs/wav/factory_v1_clause_010__priestley2_1_7b.wav,inputs/gold/factory_v1_clause_010__priestley2_1_7b,1,
factory_v1_clause_010__priestley_1_7b,data_factory,priestley_1_7b,neural_scheduler_corpus_v1,source,priestley_1_7b,1732351349,clause_010,multiple_clauses,inputs/transcripts/factory_v1_clause_010__priestley_1_7b.txt,inputs/wav/factory_v1_clause_010__priestley_1_7b.wav,inputs/gold/factory_v1_clause_010__priestley_1_7b,1,
factory_v1_contrast_001__alfie_1_7b,data_factory,alfie_1_7b,neural_scheduler_corpus_v1,source,alfie_1_7b,2145429795,contrast_001,contrast_and_dialogue,inputs/transcripts/factory_v1_contrast_001__alfie_1_7b.txt,inputs/wav/factory_v1_contrast_001__alfie_1_7b.wav,inputs/gold/factory_v1_contrast_001__alfie_1_7b,1,
factory_v1_contrast_001__lana_1_7b,data_factory,lana_1_7b,neural_scheduler_corpus_v1,source,lana_1_7b,1619812949,contrast_001,contrast_and_dialogue,inputs/transcripts/factory_v1_contrast_001__lana_1_7b.txt,inputs/wav/factory_v1_contrast_001__lana_1_7b.wav,inputs/gold/factory_v1_contrast_001__lana_1_7b,1,
factory_v1_contrast_001__priestley2_1_7b,data_factory,priestley2_1_7b,neural_scheduler_corpus_v1,source,priestley2_1_7b,1533571579,contrast_001,contrast_and_dialogue,inputs/transcripts/factory_v1_contrast_001__priestley2_1_7b.txt,inputs/wav/factory_v1_contrast_001__priestley2_1_7b.wav,inputs/gold/factory_v1_contrast_001__priestley2_1_7b,1,
factory_v1_contrast_001__priestley_1_7b,data_factory,priestley_1_7b,neural_scheduler_corpus_v1,source,priestley_1_7b,342822357,contrast_001,contrast_and_dialogue,inputs/transcripts/factory_v1_contrast_001__priestley_1_7b.txt,inputs/wav/factory_v1_contrast_001__priestley_1_7b.wav,inputs/gold/factory_v1_contrast_001__priestley_1_7b,1,
factory_v1_contrast_002__alfie_1_7b,data_factory,alfie_1_7b,neural_scheduler_corpus_v1,source,alfie_1_7b,1579152856,contrast_002,contrast_and_dialogue,inputs/transcripts/factory_v1_contrast_002__alfie_1_7b.txt,inputs/wav/factory_v1_contrast_002__alfie_1_7b.wav,inputs/gold/factory_v1_contrast_002__alfie_1_7b,1,
factory_v1_contrast_002__lana_1_7b,data_factory,lana_1_7b,neural_scheduler_corpus_v1,source,lana_1_7b,1508749817,contrast_002,contrast_and_dialogue,inputs/transcripts/factory_v1_contrast_002__lana_1_7b.txt,inputs/wav/factory_v1_contrast_002__lana_1_7b.wav,inputs/gold/factory_v1_contrast_002__lana_1_7b,1,
factory_v1_contrast_002__priestley2_1_7b,data_factory,priestley2_1_7b,neural_scheduler_corpus_v1,source,priestley2_1_7b,1014555363,contrast_002,contrast_and_dialogue,inputs/transcripts/factory_v1_contrast_002__priestley2_1_7b.txt,inputs/wav/factory_v1_contrast_002__priestley2_1_7b.wav,inputs/gold/factory_v1_contrast_002__priestley2_1_7b,1,
factory_v1_contrast_002__priestley_1_7b,data_factory,priestley_1_7b,neural_scheduler_corpus_v1,source,priestley_1_7b,646453428,contrast_002,contrast_and_dialogue,inputs/transcripts/factory_v1_contrast_002__priestley_1_7b.txt,inputs/wav/factory_v1_contrast_002__priestley_1_7b.wav,inputs/gold/factory_v1_contrast_002__priestley_1_7b,1,
factory_v1_contrast_003__alfie_1_7b,data_factory,alfie_1_7b,neural_scheduler_corpus_v1,source,alfie_1_7b,686102776,contrast_003,contrast_and_dialogue,inputs/transcripts/factory_v1_contrast_003__alfie_1_7b.txt,inputs/wav/factory_v1_contrast_003__alfie_1_7b.wav,inputs/gold/factory_v1_contrast_003__alfie_1_7b,1,
factory_v1_contrast_003__lana_1_7b,data_factory,lana_1_7b,neural_scheduler_corpus_v1,source,lana_1_7b,329662632,contrast_003,contrast_and_dialogue,inputs/transcripts/factory_v1_contrast_003__lana_1_7b.txt,inputs/wav/factory_v1_contrast_003__lana_1_7b.wav,inputs/gold/factory_v1_contrast_003__lana_1_7b,1,
factory_v1_contrast_003__priestley2_1_7b,data_factory,priestley2_1_7b,neural_scheduler_corpus_v1,source,priestley2_1_7b,1400790911,contrast_003,contrast_and_dialogue,inputs/transcripts/factory_v1_contrast_003__priestley2_1_7b.txt,inputs/wav/factory_v1_contrast_003__priestley2_1_7b.wav,inputs/gold/factory_v1_contrast_003__priestley2_1_7b,1,
factory_v1_contrast_003__priestley_1_7b,data_factory,priestley_1_7b,neural_scheduler_corpus_v1,source,priestley_1_7b,297278150,contrast_003,contrast_and_dialogue,inputs/transcripts/factory_v1_contrast_003__priestley_1_7b.txt,inputs/wav/factory_v1_contrast_003__priestley_1_7b.wav,inputs/gold/factory_v1_contrast_003__priestley_1_7b,1,
factory_v1_contrast_004__alfie_1_7b,data_factory,alfie_1_7b,neural_scheduler_corpus_v1,source,alfie_1_7b,1051449919,contrast_004,contrast_and_dialogue,inputs/transcripts/factory_v1_contrast_004__alfie_1_7b.txt,inputs/wav/factory_v1_contrast_004__alfie_1_7b.wav,inputs/gold/factory_v1_contrast_004__alfie_1_7b,1,
factory_v1_contrast_004__lana_1_7b,data_factory,lana_1_7b,neural_scheduler_corpus_v1,source,lana_1_7b,1366029452,contrast_004,contrast_and_dialogue,inputs/transcripts/factory_v1_contrast_004__lana_1_7b.txt,inputs/wav/factory_v1_contrast_004__lana_1_7b.wav,inputs/gold/factory_v1_contrast_004__lana_1_7b,1,
factory_v1_contrast_004__priestley2_1_7b,data_factory,priestley2_1_7b,neural_scheduler_corpus_v1,source,priestley2_1_7b,916684465,contrast_004,contrast_and_dialogue,inputs/transcripts/factory_v1_contrast_004__priestley2_1_7b.txt,inputs/wav/factory_v1_contrast_004__priestley2_1_7b.wav,inputs/gold/factory_v1_contrast_004__priestley2_1_7b,1,
factory_v1_contrast_004__priestley_1_7b,data_factory,priestley_1_7b,neural_scheduler_corpus_v1,source,priestley_1_7b,1995047256,contrast_004,contrast_and_dialogue,inputs/transcripts/factory_v1_contrast_004__priestley_1_7b.txt,inputs/wav/factory_v1_contrast_004__priestley_1_7b.wav,inputs/gold/factory_v1_contrast_004__priestley_1_7b,1,
factory_v1_contrast_005__alfie_1_7b,data_factory,alfie_1_7b,neural_scheduler_corpus_v1,source,alfie_1_7b,458494781,contrast_005,contrast_and_dialogue,inputs/transcripts/factory_v1_contrast_005__alfie_1_7b.txt,inputs/wav/factory_v1_contrast_005__alfie_1_7b.wav,inputs/gold/factory_v1_contrast_005__alfie_1_7b,1,
factory_v1_contrast_005__lana_1_7b,data_factory,lana_1_7b,neural_scheduler_corpus_v1,source,lana_1_7b,1243700738,contrast_005,contrast_and_dialogue,inputs/transcripts/factory_v1_contrast_005__lana_1_7b.txt,inputs/wav/factory_v1_contrast_005__lana_1_7b.wav,inputs/gold/factory_v1_contrast_005__lana_1_7b,1,
factory_v1_contrast_005__priestley2_1_7b,data_factory,priestley2_1_7b,neural_scheduler_corpus_v1,source,priestley2_1_7b,1099812001,contrast_005,contrast_and_dialogue,inputs/transcripts/factory_v1_contrast_005__priestley2_1_7b.txt,inputs/wav/factory_v1_contrast_005__priestley2_1_7b.wav,inputs/gold/factory_v1_contrast_005__priestley2_1_7b,1,
factory_v1_contrast_005__priestley_1_7b,data_factory,priestley_1_7b,neural_scheduler_corpus_v1,source,priestley_1_7b,931217518,contrast_005,contrast_and_dialogue,inputs/transcripts/factory_v1_contrast_005__priestley_1_7b.txt,inputs/wav/factory_v1_contrast_005__priestley_1_7b.wav,inputs/gold/factory_v1_contrast_005__priestley_1_7b,1,
factory_v1_contrast_006__alfie_1_7b,data_factory,alfie_1_7b,neural_scheduler_corpus_v1,source,alfie_1_7b,1374441473,contrast_006,contrast_and_dialogue,inputs/transcripts/factory_v1_contrast_006__alfie_1_7b.txt,inputs/wav/factory_v1_contrast_006__alfie_1_7b.wav,inputs/gold/factory_v1_contrast_006__alfie_1_7b,1,
factory_v1_contrast_006__lana_1_7b,data_factory,lana_1_7b,neural_scheduler_corpus_v1,source,lana_1_7b,914865581,contrast_006,contrast_and_dialogue,inputs/transcripts/factory_v1_contrast_006__lana_1_7b.txt,inputs/wav/factory_v1_contrast_006__lana_1_7b.wav,inputs/gold/factory_v1_contrast_006__lana_1_7b,1,
factory_v1_contrast_006__priestley2_1_7b,data_factory,priestley2_1_7b,neural_scheduler_corpus_v1,source,priestley2_1_7b,1042799779,contrast_006,contrast_and_dialogue,inputs/transcripts/factory_v1_contrast_006__priestley2_1_7b.txt,inputs/wav/factory_v1_contrast_006__priestley2_1_7b.wav,inputs/gold/factory_v1_contrast_006__priestley2_1_7b,1,
factory_v1_contrast_006__priestley_1_7b,data_factory,priestley_1_7b,neural_scheduler_corpus_v1,source,priestley_1_7b,1592610792,contrast_006,contrast_and_dialogue,inputs/transcripts/factory_v1_contrast_006__priestley_1_7b.txt,inputs/wav/factory_v1_contrast_006__priestley_1_7b.wav,inputs/gold/factory_v1_contrast_006__priestley_1_7b,1,
factory_v1_contrast_007__alfie_1_7b,data_factory,alfie_1_7b,neural_scheduler_corpus_v1,source,alfie_1_7b,239477666,contrast_007,contrast_and_dialogue,inputs/transcripts/factory_v1_contrast_007__alfie_1_7b.txt,inputs/wav/factory_v1_contrast_007__alfie_1_7b.wav,inputs/gold/factory_v1_contrast_007__alfie_1_7b,1,
factory_v1_contrast_007__lana_1_7b,data_factory,lana_1_7b,neural_scheduler_corpus_v1,source,lana_1_7b,291900414,contrast_007,contrast_and_dialogue,inputs/transcripts/factory_v1_contrast_007__lana_1_7b.txt,inputs/wav/factory_v1_contrast_007__lana_1_7b.wav,inputs/gold/factory_v1_contrast_007__lana_1_7b,1,
factory_v1_contrast_007__priestley2_1_7b,data_factory,priestley2_1_7b,neural_scheduler_corpus_v1,source,priestley2_1_7b,52256436,contrast_007,contrast_and_dialogue,inputs/transcripts/factory_v1_contrast_007__priestley2_1_7b.txt,inputs/wav/factory_v1_contrast_007__priestley2_1_7b.wav,inputs/gold/factory_v1_contrast_007__priestley2_1_7b,1,
factory_v1_contrast_007__priestley_1_7b,data_factory,priestley_1_7b,neural_scheduler_corpus_v1,source,priestley_1_7b,103064310,contrast_007,contrast_and_dialogue,inputs/transcripts/factory_v1_contrast_007__priestley_1_7b.txt,inputs/wav/factory_v1_contrast_007__priestley_1_7b.wav,inputs/gold/factory_v1_contrast_007__priestley_1_7b,1,
factory_v1_contrast_008__alfie_1_7b,data_factory,alfie_1_7b,neural_scheduler_corpus_v1,source,alfie_1_7b,885878406,contrast_008,contrast_and_dialogue,inputs/transcripts/factory_v1_contrast_008__alfie_1_7b.txt,inputs/wav/factory_v1_contrast_008__alfie_1_7b.wav,inputs/gold/factory_v1_contrast_008__alfie_1_7b,1,
factory_v1_contrast_008__lana_1_7b,data_factory,lana_1_7b,neural_scheduler_corpus_v1,source,lana_1_7b,1849406561,contrast_008,contrast_and_dialogue,inputs/transcripts/factory_v1_contrast_008__lana_1_7b.txt,inputs/wav/factory_v1_contrast_008__lana_1_7b.wav,inputs/gold/factory_v1_contrast_008__lana_1_7b,1,
factory_v1_contrast_008__priestley2_1_7b,data_factory,priestley2_1_7b,neural_scheduler_corpus_v1,source,priestley2_1_7b,1825339264,contrast_008,contrast_and_dialogue,inputs/transcripts/factory_v1_contrast_008__priestley2_1_7b.txt,inputs/wav/factory_v1_contrast_008__priestley2_1_7b.wav,inputs/gold/factory_v1_contrast_008__priestley2_1_7b,1,
factory_v1_contrast_008__priestley_1_7b,data_factory,priestley_1_7b,neural_scheduler_corpus_v1,source,priestley_1_7b,617849404,contrast_008,contrast_and_dialogue,inputs/transcripts/factory_v1_contrast_008__priestley_1_7b.txt,inputs/wav/factory_v1_contrast_008__priestley_1_7b.wav,inputs/gold/factory_v1_contrast_008__priestley_1_7b,1,
factory_v1_contrast_009__alfie_1_7b,data_factory,alfie_1_7b,neural_scheduler_corpus_v1,source,alfie_1_7b,2134038274,contrast_009,contrast_and_dialogue,inputs/transcripts/factory_v1_contrast_009__alfie_1_7b.txt,inputs/wav/factory_v1_contrast_009__alfie_1_7b.wav,inputs/gold/factory_v1_contrast_009__alfie_1_7b,1,
factory_v1_contrast_009__lana_1_7b,data_factory,lana_1_7b,neural_scheduler_corpus_v1,source,lana_1_7b,231619326,contrast_009,contrast_and_dialogue,inputs/transcripts/factory_v1_contrast_009__lana_1_7b.txt,inputs/wav/factory_v1_contrast_009__lana_1_7b.wav,inputs/gold/factory_v1_contrast_009__lana_1_7b,1,
factory_v1_contrast_009__priestley2_1_7b,data_factory,priestley2_1_7b,neural_scheduler_corpus_v1,source,priestley2_1_7b,646174304,contrast_009,contrast_and_dialogue,inputs/transcripts/factory_v1_contrast_009__priestley2_1_7b.txt,inputs/wav/factory_v1_contrast_009__priestley2_1_7b.wav,inputs/gold/factory_v1_contrast_009__priestley2_1_7b,1,
factory_v1_contrast_009__priestley_1_7b,data_factory,priestley_1_7b,neural_scheduler_corpus_v1,source,priestley_1_7b,653994783,contrast_009,contrast_and_dialogue,inputs/transcripts/factory_v1_contrast_009__priestley_1_7b.txt,inputs/wav/factory_v1_contrast_009__priestley_1_7b.wav,inputs/gold/factory_v1_contrast_009__priestley_1_7b,1,
factory_v1_contrast_010__alfie_1_7b,data_factory,alfie_1_7b,neural_scheduler_corpus_v1,source,alfie_1_7b,1568317491,contrast_010,contrast_and_dialogue,inputs/transcripts/factory_v1_contrast_010__alfie_1_7b.txt,inputs/wav/factory_v1_contrast_010__alfie_1_7b.wav,inputs/gold/factory_v1_contrast_010__alfie_1_7b,1,
factory_v1_contrast_010__lana_1_7b,data_factory,lana_1_7b,neural_scheduler_corpus_v1,source,lana_1_7b,1122585177,contrast_010,contrast_and_dialogue,inputs/transcripts/factory_v1_contrast_010__lana_1_7b.txt,inputs/wav/factory_v1_contrast_010__lana_1_7b.wav,inputs/gold/factory_v1_contrast_010__lana_1_7b,1,
factory_v1_contrast_010__priestley2_1_7b,data_factory,priestley2_1_7b,neural_scheduler_corpus_v1,source,priestley2_1_7b,1200537792,contrast_010,contrast_and_dialogue,inputs/transcripts/factory_v1_contrast_010__priestley2_1_7b.txt,inputs/wav/factory_v1_contrast_010__priestley2_1_7b.wav,inputs/gold/factory_v1_contrast_010__priestley2_1_7b,1,
factory_v1_contrast_010__priestley_1_7b,data_factory,priestley_1_7b,neural_scheduler_corpus_v1,source,priestley_1_7b,659159244,contrast_010,contrast_and_dialogue,inputs/transcripts/factory_v1_contrast_010__priestley_1_7b.txt,inputs/wav/factory_v1_contrast_010__priestley_1_7b.wav,inputs/gold/factory_v1_contrast_010__priestley_1_7b,1,
factory_v1_emphatic_001__alfie_1_7b,data_factory,alfie_1_7b,neural_scheduler_corpus_v1,source,alfie_1_7b,92651742,emphatic_001,emphatic,inputs/transcripts/factory_v1_emphatic_001__alfie_1_7b.txt,inputs/wav/factory_v1_emphatic_001__alfie_1_7b.wav,inputs/gold/factory_v1_emphatic_001__alfie_1_7b,1,
factory_v1_emphatic_001__lana_1_7b,data_factory,lana_1_7b,neural_scheduler_corpus_v1,source,lana_1_7b,1981327460,emphatic_001,emphatic,inputs/transcripts/factory_v1_emphatic_001__lana_1_7b.txt,inputs/wav/factory_v1_emphatic_001__lana_1_7b.wav,inputs/gold/factory_v1_emphatic_001__lana_1_7b,1,
factory_v1_emphatic_001__priestley2_1_7b,data_factory,priestley2_1_7b,neural_scheduler_corpus_v1,source,priestley2_1_7b,928930624,emphatic_001,emphatic,inputs/transcripts/factory_v1_emphatic_001__priestley2_1_7b.txt,inputs/wav/factory_v1_emphatic_001__priestley2_1_7b.wav,inputs/gold/factory_v1_emphatic_001__priestley2_1_7b,1,
factory_v1_emphatic_001__priestley_1_7b,data_factory,priestley_1_7b,neural_scheduler_corpus_v1,source,priestley_1_7b,1654863901,emphatic_001,emphatic,inputs/transcripts/factory_v1_emphatic_001__priestley_1_7b.txt,inputs/wav/factory_v1_emphatic_001__priestley_1_7b.wav,inputs/gold/factory_v1_emphatic_001__priestley_1_7b,1,
factory_v1_emphatic_002__alfie_1_7b,data_factory,alfie_1_7b,neural_scheduler_corpus_v1,source,alfie_1_7b,1123604419,emphatic_002,emphatic,inputs/transcripts/factory_v1_emphatic_002__alfie_1_7b.txt,inputs/wav/factory_v1_emphatic_002__alfie_1_7b.wav,inputs/gold/factory_v1_emphatic_002__alfie_1_7b,1,
factory_v1_emphatic_002__lana_1_7b,data_factory,lana_1_7b,neural_scheduler_corpus_v1,source,lana_1_7b,863881981,emphatic_002,emphatic,inputs/transcripts/factory_v1_emphatic_002__lana_1_7b.txt,inputs/wav/factory_v1_emphatic_002__lana_1_7b.wav,inputs/gold/factory_v1_emphatic_002__lana_1_7b,1,
factory_v1_emphatic_002__priestley2_1_7b,data_factory,priestley2_1_7b,neural_scheduler_corpus_v1,source,priestley2_1_7b,598850407,emphatic_002,emphatic,inputs/transcripts/factory_v1_emphatic_002__priestley2_1_7b.txt,inputs/wav/factory_v1_emphatic_002__priestley2_1_7b.wav,inputs/gold/factory_v1_emphatic_002__priestley2_1_7b,1,
factory_v1_emphatic_002__priestley_1_7b,data_factory,priestley_1_7b,neural_scheduler_corpus_v1,source,priestley_1_7b,1683480425,emphatic_002,emphatic,inputs/transcripts/factory_v1_emphatic_002__priestley_1_7b.txt,inputs/wav/factory_v1_emphatic_002__priestley_1_7b.wav,inputs/gold/factory_v1_emphatic_002__priestley_1_7b,1,
factory_v1_emphatic_003__alfie_1_7b,data_factory,alfie_1_7b,neural_scheduler_corpus_v1,source,alfie_1_7b,856708256,emphatic_003,emphatic,inputs/transcripts/factory_v1_emphatic_003__alfie_1_7b.txt,inputs/wav/factory_v1_emphatic_003__alfie_1_7b.wav,inputs/gold/factory_v1_emphatic_003__alfie_1_7b,1,
factory_v1_emphatic_003__lana_1_7b,data_factory,lana_1_7b,neural_scheduler_corpus_v1,source,lana_1_7b,1257676623,emphatic_003,emphatic,inputs/transcripts/factory_v1_emphatic_003__lana_1_7b.txt,inputs/wav/factory_v1_emphatic_003__lana_1_7b.wav,inputs/gold/factory_v1_emphatic_003__lana_1_7b,1,
factory_v1_emphatic_003__priestley2_1_7b,data_factory,priestley2_1_7b,neural_scheduler_corpus_v1,source,priestley2_1_7b,1352178397,emphatic_003,emphatic,inputs/transcripts/factory_v1_emphatic_003__priestley2_1_7b.txt,inputs/wav/factory_v1_emphatic_003__priestley2_1_7b.wav,inputs/gold/factory_v1_emphatic_003__priestley2_1_7b,1,
factory_v1_emphatic_003__priestley_1_7b,data_factory,priestley_1_7b,neural_scheduler_corpus_v1,source,priestley_1_7b,231273472,emphatic_003,emphatic,inputs/transcripts/factory_v1_emphatic_003__priestley_1_7b.txt,inputs/wav/factory_v1_emphatic_003__priestley_1_7b.wav,inputs/gold/factory_v1_emphatic_003__priestley_1_7b,1,
factory_v1_emphatic_004__alfie_1_7b,data_factory,alfie_1_7b,neural_scheduler_corpus_v1,source,alfie_1_7b,863768004,emphatic_004,emphatic,inputs/transcripts/factory_v1_emphatic_004__alfie_1_7b.txt,inputs/wav/factory_v1_emphatic_004__alfie_1_7b.wav,inputs/gold/factory_v1_emphatic_004__alfie_1_7b,1,
factory_v1_emphatic_004__lana_1_7b,data_factory,lana_1_7b,neural_scheduler_corpus_v1,source,lana_1_7b,855464484,emphatic_004,emphatic,inputs/transcripts/factory_v1_emphatic_004__lana_1_7b.txt,inputs/wav/factory_v1_emphatic_004__lana_1_7b.wav,inputs/gold/factory_v1_emphatic_004__lana_1_7b,1,
factory_v1_emphatic_004__priestley2_1_7b,data_factory,priestley2_1_7b,neural_scheduler_corpus_v1,source,priestley2_1_7b,808580001,emphatic_004,emphatic,inputs/transcripts/factory_v1_emphatic_004__priestley2_1_7b.txt,inputs/wav/factory_v1_emphatic_004__priestley2_1_7b.wav,inputs/gold/factory_v1_emphatic_004__priestley2_1_7b,1,
factory_v1_emphatic_004__priestley_1_7b,data_factory,priestley_1_7b,neural_scheduler_corpus_v1,source,priestley_1_7b,112136470,emphatic_004,emphatic,inputs/transcripts/factory_v1_emphatic_004__priestley_1_7b.txt,inputs/wav/factory_v1_emphatic_004__priestley_1_7b.wav,inputs/gold/factory_v1_emphatic_004__priestley_1_7b,1,
factory_v1_emphatic_005__alfie_1_7b,data_factory,alfie_1_7b,neural_scheduler_corpus_v1,source,alfie_1_7b,1662240660,emphatic_005,emphatic,inputs/transcripts/factory_v1_emphatic_005__alfie_1_7b.txt,inputs/wav/factory_v1_emphatic_005__alfie_1_7b.wav,inputs/gold/factory_v1_emphatic_005__alfie_1_7b,1,
factory_v1_emphatic_005__lana_1_7b,data_factory,lana_1_7b,neural_scheduler_corpus_v1,source,lana_1_7b,521600107,emphatic_005,emphatic,inputs/transcripts/factory_v1_emphatic_005__lana_1_7b.txt,inputs/wav/factory_v1_emphatic_005__lana_1_7b.wav,inputs/gold/factory_v1_emphatic_005__lana_1_7b,1,
factory_v1_emphatic_005__priestley2_1_7b,data_factory,priestley2_1_7b,neural_scheduler_corpus_v1,source,priestley2_1_7b,513698277,emphatic_005,emphatic,inputs/transcripts/factory_v1_emphatic_005__priestley2_1_7b.txt,inputs/wav/factory_v1_emphatic_005__priestley2_1_7b.wav,inputs/gold/factory_v1_emphatic_005__priestley2_1_7b,1,
factory_v1_emphatic_005__priestley_1_7b,data_factory,priestley_1_7b,neural_scheduler_corpus_v1,source,priestley_1_7b,1898647742,emphatic_005,emphatic,inputs/transcripts/factory_v1_emphatic_005__priestley_1_7b.txt,inputs/wav/factory_v1_emphatic_005__priestley_1_7b.wav,inputs/gold/factory_v1_emphatic_005__priestley_1_7b,1,
factory_v1_emphatic_006__alfie_1_7b,data_factory,alfie_1_7b,neural_scheduler_corpus_v1,source,alfie_1_7b,1485535669,emphatic_006,emphatic,inputs/transcripts/factory_v1_emphatic_006__alfie_1_7b.txt,inputs/wav/factory_v1_emphatic_006__alfie_1_7b.wav,inputs/gold/factory_v1_emphatic_006__alfie_1_7b,1,
factory_v1_emphatic_006__lana_1_7b,data_factory,lana_1_7b,neural_scheduler_corpus_v1,source,lana_1_7b,1271347110,emphatic_006,emphatic,inputs/transcripts/factory_v1_emphatic_006__lana_1_7b.txt,inputs/wav/factory_v1_emphatic_006__lana_1_7b.wav,inputs/gold/factory_v1_emphatic_006__lana_1_7b,1,
factory_v1_emphatic_006__priestley2_1_7b,data_factory,priestley2_1_7b,neural_scheduler_corpus_v1,source,priestley2_1_7b,1410168359,emphatic_006,emphatic,inputs/transcripts/factory_v1_emphatic_006__priestley2_1_7b.txt,inputs/wav/factory_v1_emphatic_006__priestley2_1_7b.wav,inputs/gold/factory_v1_emphatic_006__priestley2_1_7b,1,
factory_v1_emphatic_006__priestley_1_7b,data_factory,priestley_1_7b,neural_scheduler_corpus_v1,source,priestley_1_7b,662688084,emphatic_006,emphatic,inputs/transcripts/factory_v1_emphatic_006__priestley_1_7b.txt,inputs/wav/factory_v1_emphatic_006__priestley_1_7b.wav,inputs/gold/factory_v1_emphatic_006__priestley_1_7b,1,
factory_v1_emphatic_007__alfie_1_7b,data_factory,alfie_1_7b,neural_scheduler_corpus_v1,source,alfie_1_7b,1378270082,emphatic_007,emphatic,inputs/transcripts/factory_v1_emphatic_007__alfie_1_7b.txt,inputs/wav/factory_v1_emphatic_007__alfie_1_7b.wav,inputs/gold/factory_v1_emphatic_007__alfie_1_7b,1,
factory_v1_emphatic_007__lana_1_7b,data_factory,lana_1_7b,neural_scheduler_corpus_v1,source,lana_1_7b,551541033,emphatic_007,emphatic,inputs/transcripts/factory_v1_emphatic_007__lana_1_7b.txt,inputs/wav/factory_v1_emphatic_007__lana_1_7b.wav,inputs/gold/factory_v1_emphatic_007__lana_1_7b,1,
factory_v1_emphatic_007__priestley2_1_7b,data_factory,priestley2_1_7b,neural_scheduler_corpus_v1,source,priestley2_1_7b,1551691507,emphatic_007,emphatic,inputs/transcripts/factory_v1_emphatic_007__priestley2_1_7b.txt,inputs/wav/factory_v1_emphatic_007__priestley2_1_7b.wav,inputs/gold/factory_v1_emphatic_007__priestley2_1_7b,1,
factory_v1_emphatic_007__priestley_1_7b,data_factory,priestley_1_7b,neural_scheduler_corpus_v1,source,priestley_1_7b,312169124,emphatic_007,emphatic,inputs/transcripts/factory_v1_emphatic_007__priestley_1_7b.txt,inputs/wav/factory_v1_emphatic_007__priestley_1_7b.wav,inputs/gold/factory_v1_emphatic_007__priestley_1_7b,1,
factory_v1_emphatic_008__alfie_1_7b,data_factory,alfie_1_7b,neural_scheduler_corpus_v1,source,alfie_1_7b,1432124910,emphatic_008,emphatic,inputs/transcripts/factory_v1_emphatic_008__alfie_1_7b.txt,inputs/wav/factory_v1_emphatic_008__alfie_1_7b.wav,inputs/gold/factory_v1_emphatic_008__alfie_1_7b,1,
factory_v1_emphatic_008__lana_1_7b,data_factory,lana_1_7b,neural_scheduler_corpus_v1,source,lana_1_7b,270166694,emphatic_008,emphatic,inputs/transcripts/factory_v1_emphatic_008__lana_1_7b.txt,inputs/wav/factory_v1_emphatic_008__lana_1_7b.wav,inputs/gold/factory_v1_emphatic_008__lana_1_7b,1,
factory_v1_emphatic_008__priestley2_1_7b,data_factory,priestley2_1_7b,neural_scheduler_corpus_v1,source,priestley2_1_7b,632173524,emphatic_008,emphatic,inputs/transcripts/factory_v1_emphatic_008__priestley2_1_7b.txt,inputs/wav/factory_v1_emphatic_008__priestley2_1_7b.wav,inputs/gold/factory_v1_emphatic_008__priestley2_1_7b,1,
factory_v1_emphatic_008__priestley_1_7b,data_factory,priestley_1_7b,neural_scheduler_corpus_v1,source,priestley_1_7b,750088336,emphatic_008,emphatic,inputs/transcripts/factory_v1_emphatic_008__priestley_1_7b.txt,inputs/wav/factory_v1_emphatic_008__priestley_1_7b.wav,inputs/gold/factory_v1_emphatic_008__priestley_1_7b,1,
factory_v1_emphatic_009__alfie_1_7b,data_factory,alfie_1_7b,neural_scheduler_corpus_v1,source,alfie_1_7b,1034188941,emphatic_009,emphatic,inputs/transcripts/factory_v1_emphatic_009__alfie_1_7b.txt,inputs/wav/factory_v1_emphatic_009__alfie_1_7b.wav,inputs/gold/factory_v1_emphatic_009__alfie_1_7b,1,
factory_v1_emphatic_009__lana_1_7b,data_factory,lana_1_7b,neural_scheduler_corpus_v1,source,lana_1_7b,1109301691,emphatic_009,emphatic,inputs/transcripts/factory_v1_emphatic_009__lana_1_7b.txt,inputs/wav/factory_v1_emphatic_009__lana_1_7b.wav,inputs/gold/factory_v1_emphatic_009__lana_1_7b,1,
factory_v1_emphatic_009__priestley2_1_7b,data_factory,priestley2_1_7b,neural_scheduler_corpus_v1,source,priestley2_1_7b,466235502,emphatic_009,emphatic,inputs/transcripts/factory_v1_emphatic_009__priestley2_1_7b.txt,inputs/wav/factory_v1_emphatic_009__priestley2_1_7b.wav,inputs/gold/factory_v1_emphatic_009__priestley2_1_7b,1,
factory_v1_emphatic_009__priestley_1_7b,data_factory,priestley_1_7b,neural_scheduler_corpus_v1,source,priestley_1_7b,70382311,emphatic_009,emphatic,inputs/transcripts/factory_v1_emphatic_009__priestley_1_7b.txt,inputs/wav/factory_v1_emphatic_009__priestley_1_7b.wav,inputs/gold/factory_v1_emphatic_009__priestley_1_7b,1,
factory_v1_emphatic_010__alfie_1_7b,data_factory,alfie_1_7b,neural_scheduler_corpus_v1,source,alfie_1_7b,1090300717,emphatic_010,emphatic,inputs/transcripts/factory_v1_emphatic_010__alfie_1_7b.txt,inputs/wav/factory_v1_emphatic_010__alfie_1_7b.wav,inputs/gold/factory_v1_emphatic_010__alfie_1_7b,1,
factory_v1_emphatic_010__lana_1_7b,data_factory,lana_1_7b,neural_scheduler_corpus_v1,source,lana_1_7b,580588908,emphatic_010,emphatic,inputs/transcripts/factory_v1_emphatic_010__lana_1_7b.txt,inputs/wav/factory_v1_emphatic_010__lana_1_7b.wav,inputs/gold/factory_v1_emphatic_010__lana_1_7b,1,
factory_v1_emphatic_010__priestley2_1_7b,data_factory,priestley2_1_7b,neural_scheduler_corpus_v1,source,priestley2_1_7b,1614930946,emphatic_010,emphatic,inputs/transcripts/factory_v1_emphatic_010__priestley2_1_7b.txt,inputs/wav/factory_v1_emphatic_010__priestley2_1_7b.wav,inputs/gold/factory_v1_emphatic_010__priestley2_1_7b,1,
factory_v1_emphatic_010__priestley_1_7b,data_factory,priestley_1_7b,neural_scheduler_corpus_v1,source,priestley_1_7b,1457950641,emphatic_010,emphatic,inputs/transcripts/factory_v1_emphatic_010__priestley_1_7b.txt,inputs/wav/factory_v1_emphatic_010__priestley_1_7b.wav,inputs/gold/factory_v1_emphatic_010__priestley_1_7b,1,
factory_v1_instruction_001__alfie_1_7b,data_factory,alfie_1_7b,neural_scheduler_corpus_v1,source,alfie_1_7b,1314453463,instruction_001,instructions,inputs/transcripts/factory_v1_instruction_001__alfie_1_7b.txt,inputs/wav/factory_v1_instruction_001__alfie_1_7b.wav,inputs/gold/factory_v1_instruction_001__alfie_1_7b,1,
factory_v1_instruction_001__lana_1_7b,data_factory,lana_1_7b,neural_scheduler_corpus_v1,source,lana_1_7b,2047995358,instruction_001,instructions,inputs/transcripts/factory_v1_instruction_001__lana_1_7b.txt,inputs/wav/factory_v1_instruction_001__lana_1_7b.wav,inputs/gold/factory_v1_instruction_001__lana_1_7b,1,
factory_v1_instruction_001__priestley2_1_7b,data_factory,priestley2_1_7b,neural_scheduler_corpus_v1,source,priestley2_1_7b,888600276,instruction_001,instructions,inputs/transcripts/factory_v1_instruction_001__priestley2_1_7b.txt,inputs/wav/factory_v1_instruction_001__priestley2_1_7b.wav,inputs/gold/factory_v1_instruction_001__priestley2_1_7b,1,
factory_v1_instruction_001__priestley_1_7b,data_factory,priestley_1_7b,neural_scheduler_corpus_v1,source,priestley_1_7b,1047698291,instruction_001,instructions,inputs/transcripts/factory_v1_instruction_001__priestley_1_7b.txt,inputs/wav/factory_v1_instruction_001__priestley_1_7b.wav,inputs/gold/factory_v1_instruction_001__priestley_1_7b,1,
factory_v1_instruction_002__alfie_1_7b,data_factory,alfie_1_7b,neural_scheduler_corpus_v1,source,alfie_1_7b,1935596472,instruction_002,instructions,inputs/transcripts/factory_v1_instruction_002__alfie_1_7b.txt,inputs/wav/factory_v1_instruction_002__alfie_1_7b.wav,inputs/gold/factory_v1_instruction_002__alfie_1_7b,1,
factory_v1_instruction_002__lana_1_7b,data_factory,lana_1_7b,neural_scheduler_corpus_v1,source,lana_1_7b,2010380329,instruction_002,instructions,inputs/transcripts/factory_v1_instruction_002__lana_1_7b.txt,inputs/wav/factory_v1_instruction_002__lana_1_7b.wav,inputs/gold/factory_v1_instruction_002__lana_1_7b,1,
factory_v1_instruction_002__priestley2_1_7b,data_factory,priestley2_1_7b,neural_scheduler_corpus_v1,source,priestley2_1_7b,234444386,instruction_002,instructions,inputs/transcripts/factory_v1_instruction_002__priestley2_1_7b.txt,inputs/wav/factory_v1_instruction_002__priestley2_1_7b.wav,inputs/gold/factory_v1_instruction_002__priestley2_1_7b,1,
factory_v1_instruction_002__priestley_1_7b,data_factory,priestley_1_7b,neural_scheduler_corpus_v1,source,priestley_1_7b,53531350,instruction_002,instructions,inputs/transcripts/factory_v1_instruction_002__priestley_1_7b.txt,inputs/wav/factory_v1_instruction_002__priestley_1_7b.wav,inputs/gold/factory_v1_instruction_002__priestley_1_7b,1,
factory_v1_instruction_003__alfie_1_7b,data_factory,alfie_1_7b,neural_scheduler_corpus_v1,source,alfie_1_7b,1308159009,instruction_003,instructions,inputs/transcripts/factory_v1_instruction_003__alfie_1_7b.txt,inputs/wav/factory_v1_instruction_003__alfie_1_7b.wav,inputs/gold/factory_v1_instruction_003__alfie_1_7b,1,
factory_v1_instruction_003__lana_1_7b,data_factory,lana_1_7b,neural_scheduler_corpus_v1,source,lana_1_7b,1792594757,instruction_003,instructions,inputs/transcripts/factory_v1_instruction_003__lana_1_7b.txt,inputs/wav/factory_v1_instruction_003__lana_1_7b.wav,inputs/gold/factory_v1_instruction_003__lana_1_7b,1,
factory_v1_instruction_003__priestley2_1_7b,data_factory,priestley2_1_7b,neural_scheduler_corpus_v1,source,priestley2_1_7b,444347396,instruction_003,instructions,inputs/transcripts/factory_v1_instruction_003__priestley2_1_7b.txt,inputs/wav/factory_v1_instruction_003__priestley2_1_7b.wav,inputs/gold/factory_v1_instruction_003__priestley2_1_7b,1,
factory_v1_instruction_003__priestley_1_7b,data_factory,priestley_1_7b,neural_scheduler_corpus_v1,source,priestley_1_7b,291177243,instruction_003,instructions,inputs/transcripts/factory_v1_instruction_003__priestley_1_7b.txt,inputs/wav/factory_v1_instruction_003__priestley_1_7b.wav,inputs/gold/factory_v1_instruction_003__priestley_1_7b,1,
factory_v1_instruction_004__alfie_1_7b,data_factory,alfie_1_7b,neural_scheduler_corpus_v1,source,alfie_1_7b,1890072704,instruction_004,instructions,inputs/transcripts/factory_v1_instruction_004__alfie_1_7b.txt,inputs/wav/factory_v1_instruction_004__alfie_1_7b.wav,inputs/gold/factory_v1_instruction_004__alfie_1_7b,1,
factory_v1_instruction_004__lana_1_7b,data_factory,lana_1_7b,neural_scheduler_corpus_v1,source,lana_1_7b,1255755775,instruction_004,instructions,inputs/transcripts/factory_v1_instruction_004__lana_1_7b.txt,inputs/wav/factory_v1_instruction_004__lana_1_7b.wav,inputs/gold/factory_v1_instruction_004__lana_1_7b,1,
factory_v1_instruction_004__priestley2_1_7b,data_factory,priestley2_1_7b,neural_scheduler_corpus_v1,source,priestley2_1_7b,1527316483,instruction_004,instructions,inputs/transcripts/factory_v1_instruction_004__priestley2_1_7b.txt,inputs/wav/factory_v1_instruction_004__priestley2_1_7b.wav,inputs/gold/factory_v1_instruction_004__priestley2_1_7b,1,
factory_v1_instruction_004__priestley_1_7b,data_factory,priestley_1_7b,neural_scheduler_corpus_v1,source,priestley_1_7b,918386390,instruction_004,instructions,inputs/transcripts/factory_v1_instruction_004__priestley_1_7b.txt,inputs/wav/factory_v1_instruction_004__priestley_1_7b.wav,inputs/gold/factory_v1_instruction_004__priestley_1_7b,1,
factory_v1_instruction_005__alfie_1_7b,data_factory,alfie_1_7b,neural_scheduler_corpus_v1,source,alfie_1_7b,1750419156,instruction_005,instructions,inputs/transcripts/factory_v1_instruction_005__alfie_1_7b.txt,inputs/wav/factory_v1_instruction_005__alfie_1_7b.wav,inputs/gold/factory_v1_instruction_005__alfie_1_7b,1,
factory_v1_instruction_005__lana_1_7b,data_factory,lana_1_7b,neural_scheduler_corpus_v1,source,lana_1_7b,1154246098,instruction_005,instructions,inputs/transcripts/factory_v1_instruction_005__lana_1_7b.txt,inputs/wav/factory_v1_instruction_005__lana_1_7b.wav,inputs/gold/factory_v1_instruction_005__lana_1_7b,1,
factory_v1_instruction_005__priestley2_1_7b,data_factory,priestley2_1_7b,neural_scheduler_corpus_v1,source,priestley2_1_7b,396312407,instruction_005,instructions,inputs/transcripts/factory_v1_instruction_005__priestley2_1_7b.txt,inputs/wav/factory_v1_instruction_005__priestley2_1_7b.wav,inputs/gold/factory_v1_instruction_005__priestley2_1_7b,1,
factory_v1_instruction_005__priestley_1_7b,data_factory,priestley_1_7b,neural_scheduler_corpus_v1,source,priestley_1_7b,720966383,instruction_005,instructions,inputs/transcripts/factory_v1_instruction_005__priestley_1_7b.txt,inputs/wav/factory_v1_instruction_005__priestley_1_7b.wav,inputs/gold/factory_v1_instruction_005__priestley_1_7b,1,
factory_v1_instruction_006__alfie_1_7b,data_factory,alfie_1_7b,neural_scheduler_corpus_v1,source,alfie_1_7b,412022943,instruction_006,instructions,inputs/transcripts/factory_v1_instruction_006__alfie_1_7b.txt,inputs/wav/factory_v1_instruction_006__alfie_1_7b.wav,inputs/gold/factory_v1_instruction_006__alfie_1_7b,1,
factory_v1_instruction_006__lana_1_7b,data_factory,lana_1_7b,neural_scheduler_corpus_v1,source,lana_1_7b,186023060,instruction_006,instructions,inputs/transcripts/factory_v1_instruction_006__lana_1_7b.txt,inputs/wav/factory_v1_instruction_006__lana_1_7b.wav,inputs/gold/factory_v1_instruction_006__lana_1_7b,1,
factory_v1_instruction_006__priestley2_1_7b,data_factory,priestley2_1_7b,neural_scheduler_corpus_v1,source,priestley2_1_7b,1460536591,instruction_006,instructions,inputs/transcripts/factory_v1_instruction_006__priestley2_1_7b.txt,inputs/wav/factory_v1_instruction_006__priestley2_1_7b.wav,inputs/gold/factory_v1_instruction_006__priestley2_1_7b,1,
factory_v1_instruction_006__priestley_1_7b,data_factory,priestley_1_7b,neural_scheduler_corpus_v1,source,priestley_1_7b,911606789,instruction_006,instructions,inputs/transcripts/factory_v1_instruction_006__priestley_1_7b.txt,inputs/wav/factory_v1_instruction_006__priestley_1_7b.wav,inputs/gold/factory_v1_instruction_006__priestley_1_7b,1,
factory_v1_instruction_007__alfie_1_7b,data_factory,alfie_1_7b,neural_scheduler_corpus_v1,source,alfie_1_7b,2040039868,instruction_007,instructions,inputs/transcripts/factory_v1_instruction_007__alfie_1_7b.txt,inputs/wav/factory_v1_instruction_007__alfie_1_7b.wav,inputs/gold/factory_v1_instruction_007__alfie_1_7b,1,
factory_v1_instruction_007__lana_1_7b,data_factory,lana_1_7b,neural_scheduler_corpus_v1,source,lana_1_7b,784339879,instruction_007,instructions,inputs/transcripts/factory_v1_instruction_007__lana_1_7b.txt,inputs/wav/factory_v1_instruction_007__lana_1_7b.wav,inputs/gold/factory_v1_instruction_007__lana_1_7b,1,
factory_v1_instruction_007__priestley2_1_7b,data_factory,priestley2_1_7b,neural_scheduler_corpus_v1,source,priestley2_1_7b,1137792397,instruction_007,instructions,inputs/transcripts/factory_v1_instruction_007__priestley2_1_7b.txt,inputs/wav/factory_v1_instruction_007__priestley2_1_7b.wav,inputs/gold/factory_v1_instruction_007__priestley2_1_7b,1,
factory_v1_instruction_007__priestley_1_7b,data_factory,priestley_1_7b,neural_scheduler_corpus_v1,source,priestley_1_7b,773500920,instruction_007,instructions,inputs/transcripts/factory_v1_instruction_007__priestley_1_7b.txt,inputs/wav/factory_v1_instruction_007__priestley_1_7b.wav,inputs/gold/factory_v1_instruction_007__priestley_1_7b,1,
factory_v1_instruction_008__alfie_1_7b,data_factory,alfie_1_7b,neural_scheduler_corpus_v1,source,alfie_1_7b,643565811,instruction_008,instructions,inputs/transcripts/factory_v1_instruction_008__alfie_1_7b.txt,inputs/wav/factory_v1_instruction_008__alfie_1_7b.wav,inputs/gold/factory_v1_instruction_008__alfie_1_7b,1,
factory_v1_instruction_008__lana_1_7b,data_factory,lana_1_7b,neural_scheduler_corpus_v1,source,lana_1_7b,1471253018,instruction_008,instructions,inputs/transcripts/factory_v1_instruction_008__lana_1_7b.txt,inputs/wav/factory_v1_instruction_008__lana_1_7b.wav,inputs/gold/factory_v1_instruction_008__lana_1_7b,1,
factory_v1_instruction_008__priestley2_1_7b,data_factory,priestley2_1_7b,neural_scheduler_corpus_v1,source,priestley2_1_7b,1468286754,instruction_008,instructions,inputs/transcripts/factory_v1_instruction_008__priestley2_1_7b.txt,inputs/wav/factory_v1_instruction_008__priestley2_1_7b.wav,inputs/gold/factory_v1_instruction_008__priestley2_1_7b,1,
factory_v1_instruction_008__priestley_1_7b,data_factory,priestley_1_7b,neural_scheduler_corpus_v1,source,priestley_1_7b,1921554792,instruction_008,instructions,inputs/transcripts/factory_v1_instruction_008__priestley_1_7b.txt,inputs/wav/factory_v1_instruction_008__priestley_1_7b.wav,inputs/gold/factory_v1_instruction_008__priestley_1_7b,1,
factory_v1_instruction_009__alfie_1_7b,data_factory,alfie_1_7b,neural_scheduler_corpus_v1,source,alfie_1_7b,1433734335,instruction_009,instructions,inputs/transcripts/factory_v1_instruction_009__alfie_1_7b.txt,inputs/wav/factory_v1_instruction_009__alfie_1_7b.wav,inputs/gold/factory_v1_instruction_009__alfie_1_7b,1,
factory_v1_instruction_009__lana_1_7b,data_factory,lana_1_7b,neural_scheduler_corpus_v1,source,lana_1_7b,226231644,instruction_009,instructions,inputs/transcripts/factory_v1_instruction_009__lana_1_7b.txt,inputs/wav/factory_v1_instruction_009__lana_1_7b.wav,inputs/gold/factory_v1_instruction_009__lana_1_7b,1,
factory_v1_instruction_009__priestley2_1_7b,data_factory,priestley2_1_7b,neural_scheduler_corpus_v1,source,priestley2_1_7b,792088650,instruction_009,instructions,inputs/transcripts/factory_v1_instruction_009__priestley2_1_7b.txt,inputs/wav/factory_v1_instruction_009__priestley2_1_7b.wav,inputs/gold/factory_v1_instruction_009__priestley2_1_7b,1,
factory_v1_instruction_009__priestley_1_7b,data_factory,priestley_1_7b,neural_scheduler_corpus_v1,source,priestley_1_7b,122321545,instruction_009,instructions,inputs/transcripts/factory_v1_instruction_009__priestley_1_7b.txt,inputs/wav/factory_v1_instruction_009__priestley_1_7b.wav,inputs/gold/factory_v1_instruction_009__priestley_1_7b,1,
factory_v1_instruction_010__alfie_1_7b,data_factory,alfie_1_7b,neural_scheduler_corpus_v1,source,alfie_1_7b,1684655960,instruction_010,instructions,inputs/transcripts/factory_v1_instruction_010__alfie_1_7b.txt,inputs/wav/factory_v1_instruction_010__alfie_1_7b.wav,inputs/gold/factory_v1_instruction_010__alfie_1_7b,1,
factory_v1_instruction_010__lana_1_7b,data_factory,lana_1_7b,neural_scheduler_corpus_v1,source,lana_1_7b,1374118201,instruction_010,instructions,inputs/transcripts/factory_v1_instruction_010__lana_1_7b.txt,inputs/wav/factory_v1_instruction_010__lana_1_7b.wav,inputs/gold/factory_v1_instruction_010__lana_1_7b,1,
factory_v1_instruction_010__priestley2_1_7b,data_factory,priestley2_1_7b,neural_scheduler_corpus_v1,source,priestley2_1_7b,1350421687,instruction_010,instructions,inputs/transcripts/factory_v1_instruction_010__priestley2_1_7b.txt,inputs/wav/factory_v1_instruction_010__priestley2_1_7b.wav,inputs/gold/factory_v1_instruction_010__priestley2_1_7b,1,
factory_v1_instruction_010__priestley_1_7b,data_factory,priestley_1_7b,neural_scheduler_corpus_v1,source,priestley_1_7b,337233942,instruction_010,instructions,inputs/transcripts/factory_v1_instruction_010__priestley_1_7b.txt,inputs/wav/factory_v1_instruction_010__priestley_1_7b.wav,inputs/gold/factory_v1_instruction_010__priestley_1_7b,1,
factory_v1_long_001__alfie_1_7b,data_factory,alfie_1_7b,neural_scheduler_corpus_v1,source,alfie_1_7b,1498415564,long_001,long_form,inputs/transcripts/factory_v1_long_001__alfie_1_7b.txt,inputs/wav/factory_v1_long_001__alfie_1_7b.wav,inputs/gold/factory_v1_long_001__alfie_1_7b,1,
factory_v1_long_001__lana_1_7b,data_factory,lana_1_7b,neural_scheduler_corpus_v1,source,lana_1_7b,1560136673,long_001,long_form,inputs/transcripts/factory_v1_long_001__lana_1_7b.txt,inputs/wav/factory_v1_long_001__lana_1_7b.wav,inputs/gold/factory_v1_long_001__lana_1_7b,1,
factory_v1_long_001__priestley2_1_7b,data_factory,priestley2_1_7b,neural_scheduler_corpus_v1,source,priestley2_1_7b,1074935353,long_001,long_form,inputs/transcripts/factory_v1_long_001__priestley2_1_7b.txt,inputs/wav/factory_v1_long_001__priestley2_1_7b.wav,inputs/gold/factory_v1_long_001__priestley2_1_7b,1,
factory_v1_long_001__priestley_1_7b,data_factory,priestley_1_7b,neural_scheduler_corpus_v1,source,priestley_1_7b,1123892266,long_001,long_form,inputs/transcripts/factory_v1_long_001__priestley_1_7b.txt,inputs/wav/factory_v1_long_001__priestley_1_7b.wav,inputs/gold/factory_v1_long_001__priestley_1_7b,1,
factory_v1_long_002__alfie_1_7b,data_factory,alfie_1_7b,neural_scheduler_corpus_v1,source,alfie_1_7b,267289372,long_002,long_form,inputs/transcripts/factory_v1_long_002__alfie_1_7b.txt,inputs/wav/factory_v1_long_002__alfie_1_7b.wav,inputs/gold/factory_v1_long_002__alfie_1_7b,1,
factory_v1_long_002__lana_1_7b,data_factory,lana_1_7b,neural_scheduler_corpus_v1,source,lana_1_7b,508619537,long_002,long_form,inputs/transcripts/factory_v1_long_002__lana_1_7b.txt,inputs/wav/factory_v1_long_002__lana_1_7b.wav,inputs/gold/factory_v1_long_002__lana_1_7b,1,
factory_v1_long_002__priestley2_1_7b,data_factory,priestley2_1_7b,neural_scheduler_corpus_v1,source,priestley2_1_7b,1924525042,long_002,long_form,inputs/transcripts/factory_v1_long_002__priestley2_1_7b.txt,inputs/wav/factory_v1_long_002__priestley2_1_7b.wav,inputs/gold/factory_v1_long_002__priestley2_1_7b,1,
factory_v1_long_002__priestley_1_7b,data_factory,priestley_1_7b,neural_scheduler_corpus_v1,source,priestley_1_7b,1054541281,long_002,long_form,inputs/transcripts/factory_v1_long_002__priestley_1_7b.txt,inputs/wav/factory_v1_long_002__priestley_1_7b.wav,inputs/gold/factory_v1_long_002__priestley_1_7b,1,
factory_v1_long_003__alfie_1_7b,data_factory,alfie_1_7b,neural_scheduler_corpus_v1,source,alfie_1_7b,866475322,long_003,long_form,inputs/transcripts/factory_v1_long_003__alfie_1_7b.txt,inputs/wav/factory_v1_long_003__alfie_1_7b.wav,inputs/gold/factory_v1_long_003__alfie_1_7b,1,
factory_v1_long_003__lana_1_7b,data_factory,lana_1_7b,neural_scheduler_corpus_v1,source,lana_1_7b,253996154,long_003,long_form,inputs/transcripts/factory_v1_long_003__lana_1_7b.txt,inputs/wav/factory_v1_long_003__lana_1_7b.wav,inputs/gold/factory_v1_long_003__lana_1_7b,1,
factory_v1_long_003__priestley2_1_7b,data_factory,priestley2_1_7b,neural_scheduler_corpus_v1,source,priestley2_1_7b,1292803892,long_003,long_form,inputs/transcripts/factory_v1_long_003__priestley2_1_7b.txt,inputs/wav/factory_v1_long_003__priestley2_1_7b.wav,inputs/gold/factory_v1_long_003__priestley2_1_7b,1,
factory_v1_long_003__priestley_1_7b,data_factory,priestley_1_7b,neural_scheduler_corpus_v1,source,priestley_1_7b,462315970,long_003,long_form,inputs/transcripts/factory_v1_long_003__priestley_1_7b.txt,inputs/wav/factory_v1_long_003__priestley_1_7b.wav,inputs/gold/factory_v1_long_003__priestley_1_7b,1,
factory_v1_long_004__alfie_1_7b,data_factory,alfie_1_7b,neural_scheduler_corpus_v1,source,alfie_1_7b,198409267,long_004,long_form,inputs/transcripts/factory_v1_long_004__alfie_1_7b.txt,inputs/wav/factory_v1_long_004__alfie_1_7b.wav,inputs/gold/factory_v1_long_004__alfie_1_7b,1,
factory_v1_long_004__lana_1_7b,data_factory,lana_1_7b,neural_scheduler_corpus_v1,source,lana_1_7b,268148448,long_004,long_form,inputs/transcripts/factory_v1_long_004__lana_1_7b.txt,inputs/wav/factory_v1_long_004__lana_1_7b.wav,inputs/gold/factory_v1_long_004__lana_1_7b,1,
factory_v1_long_004__priestley2_1_7b,data_factory,priestley2_1_7b,neural_scheduler_corpus_v1,source,priestley2_1_7b,840229209,long_004,long_form,inputs/transcripts/factory_v1_long_004__priestley2_1_7b.txt,inputs/wav/factory_v1_long_004__priestley2_1_7b.wav,inputs/gold/factory_v1_long_004__priestley2_1_7b,1,
factory_v1_long_004__priestley_1_7b,data_factory,priestley_1_7b,neural_scheduler_corpus_v1,source,priestley_1_7b,478210784,long_004,long_form,inputs/transcripts/factory_v1_long_004__priestley_1_7b.txt,inputs/wav/factory_v1_long_004__priestley_1_7b.wav,inputs/gold/factory_v1_long_004__priestley_1_7b,1,
factory_v1_long_005__alfie_1_7b,data_factory,alfie_1_7b,neural_scheduler_corpus_v1,source,alfie_1_7b,850237700,long_005,long_form,inputs/transcripts/factory_v1_long_005__alfie_1_7b.txt,inputs/wav/factory_v1_long_005__alfie_1_7b.wav,inputs/gold/factory_v1_long_005__alfie_1_7b,1,
factory_v1_long_005__lana_1_7b,data_factory,lana_1_7b,neural_scheduler_corpus_v1,source,lana_1_7b,1060375199,long_005,long_form,inputs/transcripts/factory_v1_long_005__lana_1_7b.txt,inputs/wav/factory_v1_long_005__lana_1_7b.wav,inputs/gold/factory_v1_long_005__lana_1_7b,1,
factory_v1_long_005__priestley2_1_7b,data_factory,priestley2_1_7b,neural_scheduler_corpus_v1,source,priestley2_1_7b,300558761,long_005,long_form,inputs/transcripts/factory_v1_long_005__priestley2_1_7b.txt,inputs/wav/factory_v1_long_005__priestley2_1_7b.wav,inputs/gold/factory_v1_long_005__priestley2_1_7b,1,
factory_v1_long_005__priestley_1_7b,data_factory,priestley_1_7b,neural_scheduler_corpus_v1,source,priestley_1_7b,421177512,long_005,long_form,inputs/transcripts/factory_v1_long_005__priestley_1_7b.txt,inputs/wav/factory_v1_long_005__priestley_1_7b.wav,inputs/gold/factory_v1_long_005__priestley_1_7b,1,
factory_v1_long_006__alfie_1_7b,data_factory,alfie_1_7b,neural_scheduler_corpus_v1,source,alfie_1_7b,186918928,long_006,long_form,inputs/transcripts/factory_v1_long_006__alfie_1_7b.txt,inputs/wav/factory_v1_long_006__alfie_1_7b.wav,inputs/gold/factory_v1_long_006__alfie_1_7b,1,
factory_v1_long_006__lana_1_7b,data_factory,lana_1_7b,neural_scheduler_corpus_v1,source,lana_1_7b,1178019426,long_006,long_form,inputs/transcripts/factory_v1_long_006__lana_1_7b.txt,inputs/wav/factory_v1_long_006__lana_1_7b.wav,inputs/gold/factory_v1_long_006__lana_1_7b,1,
factory_v1_long_006__priestley2_1_7b,data_factory,priestley2_1_7b,neural_scheduler_corpus_v1,source,priestley2_1_7b,1160437604,long_006,long_form,inputs/transcripts/factory_v1_long_006__priestley2_1_7b.txt,inputs/wav/factory_v1_long_006__priestley2_1_7b.wav,inputs/gold/factory_v1_long_006__priestley2_1_7b,1,
factory_v1_long_006__priestley_1_7b,data_factory,priestley_1_7b,neural_scheduler_corpus_v1,source,priestley_1_7b,2041601396,long_006,long_form,inputs/transcripts/factory_v1_long_006__priestley_1_7b.txt,inputs/wav/factory_v1_long_006__priestley_1_7b.wav,inputs/gold/factory_v1_long_006__priestley_1_7b,1,
factory_v1_long_007__alfie_1_7b,data_factory,alfie_1_7b,neural_scheduler_corpus_v1,source,alfie_1_7b,389979326,long_007,long_form,inputs/transcripts/factory_v1_long_007__alfie_1_7b.txt,inputs/wav/factory_v1_long_007__alfie_1_7b.wav,inputs/gold/factory_v1_long_007__alfie_1_7b,1,
factory_v1_long_007__lana_1_7b,data_factory,lana_1_7b,neural_scheduler_corpus_v1,source,lana_1_7b,252450797,long_007,long_form,inputs/transcripts/factory_v1_long_007__lana_1_7b.txt,inputs/wav/factory_v1_long_007__lana_1_7b.wav,inputs/gold/factory_v1_long_007__lana_1_7b,1,
factory_v1_long_007__priestley2_1_7b,data_factory,priestley2_1_7b,neural_scheduler_corpus_v1,source,priestley2_1_7b,590179281,long_007,long_form,inputs/transcripts/factory_v1_long_007__priestley2_1_7b.txt,inputs/wav/factory_v1_long_007__priestley2_1_7b.wav,inputs/gold/factory_v1_long_007__priestley2_1_7b,1,
factory_v1_long_007__priestley_1_7b,data_factory,priestley_1_7b,neural_scheduler_corpus_v1,source,priestley_1_7b,787385175,long_007,long_form,inputs/transcripts/factory_v1_long_007__priestley_1_7b.txt,inputs/wav/factory_v1_long_007__priestley_1_7b.wav,inputs/gold/factory_v1_long_007__priestley_1_7b,1,
factory_v1_long_008__alfie_1_7b,data_factory,alfie_1_7b,neural_scheduler_corpus_v1,source,alfie_1_7b,1960553760,long_008,long_form,inputs/transcripts/factory_v1_long_008__alfie_1_7b.txt,inputs/wav/factory_v1_long_008__alfie_1_7b.wav,inputs/gold/factory_v1_long_008__alfie_1_7b,1,
factory_v1_long_008__lana_1_7b,data_factory,lana_1_7b,neural_scheduler_corpus_v1,source,lana_1_7b,1068744094,long_008,long_form,inputs/transcripts/factory_v1_long_008__lana_1_7b.txt,inputs/wav/factory_v1_long_008__lana_1_7b.wav,inputs/gold/factory_v1_long_008__lana_1_7b,1,
factory_v1_long_008__priestley2_1_7b,data_factory,priestley2_1_7b,neural_scheduler_corpus_v1,source,priestley2_1_7b,877188460,long_008,long_form,inputs/transcripts/factory_v1_long_008__priestley2_1_7b.txt,inputs/wav/factory_v1_long_008__priestley2_1_7b.wav,inputs/gold/factory_v1_long_008__priestley2_1_7b,1,
factory_v1_long_008__priestley_1_7b,data_factory,priestley_1_7b,neural_scheduler_corpus_v1,source,priestley_1_7b,305145607,long_008,long_form,inputs/transcripts/factory_v1_long_008__priestley_1_7b.txt,inputs/wav/factory_v1_long_008__priestley_1_7b.wav,inputs/gold/factory_v1_long_008__priestley_1_7b,1,
factory_v1_long_009__alfie_1_7b,data_factory,alfie_1_7b,neural_scheduler_corpus_v1,source,alfie_1_7b,1068362766,long_009,long_form,inputs/transcripts/factory_v1_long_009__alfie_1_7b.txt,inputs/wav/factory_v1_long_009__alfie_1_7b.wav,inputs/gold/factory_v1_long_009__alfie_1_7b,1,
factory_v1_long_009__lana_1_7b,data_factory,lana_1_7b,neural_scheduler_corpus_v1,source,lana_1_7b,20866082,long_009,long_form,inputs/transcripts/factory_v1_long_009__lana_1_7b.txt,inputs/wav/factory_v1_long_009__lana_1_7b.wav,inputs/gold/factory_v1_long_009__lana_1_7b,1,
factory_v1_long_009__priestley2_1_7b,data_factory,priestley2_1_7b,neural_scheduler_corpus_v1,source,priestley2_1_7b,32968095,long_009,long_form,inputs/transcripts/factory_v1_long_009__priestley2_1_7b.txt,inputs/wav/factory_v1_long_009__priestley2_1_7b.wav,inputs/gold/factory_v1_long_009__priestley2_1_7b,1,
factory_v1_long_009__priestley_1_7b,data_factory,priestley_1_7b,neural_scheduler_corpus_v1,source,priestley_1_7b,1011504315,long_009,long_form,inputs/transcripts/factory_v1_long_009__priestley_1_7b.txt,inputs/wav/factory_v1_long_009__priestley_1_7b.wav,inputs/gold/factory_v1_long_009__priestley_1_7b,1,
factory_v1_long_010__alfie_1_7b,data_factory,alfie_1_7b,neural_scheduler_corpus_v1,source,alfie_1_7b,778966028,long_010,long_form,inputs/transcripts/factory_v1_long_010__alfie_1_7b.txt,inputs/wav/factory_v1_long_010__alfie_1_7b.wav,inputs/gold/factory_v1_long_010__alfie_1_7b,1,
factory_v1_long_010__lana_1_7b,data_factory,lana_1_7b,neural_scheduler_corpus_v1,source,lana_1_7b,1801767595,long_010,long_form,inputs/transcripts/factory_v1_long_010__lana_1_7b.txt,inputs/wav/factory_v1_long_010__lana_1_7b.wav,inputs/gold/factory_v1_long_010__lana_1_7b,1,
factory_v1_long_010__priestley2_1_7b,data_factory,priestley2_1_7b,neural_scheduler_corpus_v1,source,priestley2_1_7b,908020125,long_010,long_form,inputs/transcripts/factory_v1_long_010__priestley2_1_7b.txt,inputs/wav/factory_v1_long_010__priestley2_1_7b.wav,inputs/gold/factory_v1_long_010__priestley2_1_7b,1,
factory_v1_long_010__priestley_1_7b,data_factory,priestley_1_7b,neural_scheduler_corpus_v1,source,priestley_1_7b,690887617,long_010,long_form,inputs/transcripts/factory_v1_long_010__priestley_1_7b.txt,inputs/wav/factory_v1_long_010__priestley_1_7b.wav,inputs/gold/factory_v1_long_010__priestley_1_7b,1,
factory_v1_long_list_001__alfie_1_7b,data_factory,alfie_1_7b,neural_scheduler_corpus_v1,source,alfie_1_7b,1643157117,long_list_001,long_lists,inputs/transcripts/factory_v1_long_list_001__alfie_1_7b.txt,inputs/wav/factory_v1_long_list_001__alfie_1_7b.wav,inputs/gold/factory_v1_long_list_001__alfie_1_7b,1,
factory_v1_long_list_001__lana_1_7b,data_factory,lana_1_7b,neural_scheduler_corpus_v1,source,lana_1_7b,78485061,long_list_001,long_lists,inputs/transcripts/factory_v1_long_list_001__lana_1_7b.txt,inputs/wav/factory_v1_long_list_001__lana_1_7b.wav,inputs/gold/factory_v1_long_list_001__lana_1_7b,1,
factory_v1_long_list_001__priestley2_1_7b,data_factory,priestley2_1_7b,neural_scheduler_corpus_v1,source,priestley2_1_7b,1746053665,long_list_001,long_lists,inputs/transcripts/factory_v1_long_list_001__priestley2_1_7b.txt,inputs/wav/factory_v1_long_list_001__priestley2_1_7b.wav,inputs/gold/factory_v1_long_list_001__priestley2_1_7b,1,
factory_v1_long_list_001__priestley_1_7b,data_factory,priestley_1_7b,neural_scheduler_corpus_v1,source,priestley_1_7b,186763251,long_list_001,long_lists,inputs/transcripts/factory_v1_long_list_001__priestley_1_7b.txt,inputs/wav/factory_v1_long_list_001__priestley_1_7b.wav,inputs/gold/factory_v1_long_list_001__priestley_1_7b,1,
factory_v1_long_list_002__alfie_1_7b,data_factory,alfie_1_7b,neural_scheduler_corpus_v1,source,alfie_1_7b,925688864,long_list_002,long_lists,inputs/transcripts/factory_v1_long_list_002__alfie_1_7b.txt,inputs/wav/factory_v1_long_list_002__alfie_1_7b.wav,inputs/gold/factory_v1_long_list_002__alfie_1_7b,1,
factory_v1_long_list_002__lana_1_7b,data_factory,lana_1_7b,neural_scheduler_corpus_v1,source,lana_1_7b,555142233,long_list_002,long_lists,inputs/transcripts/factory_v1_long_list_002__lana_1_7b.txt,inputs/wav/factory_v1_long_list_002__lana_1_7b.wav,inputs/gold/factory_v1_long_list_002__lana_1_7b,1,
factory_v1_long_list_002__priestley2_1_7b,data_factory,priestley2_1_7b,neural_scheduler_corpus_v1,source,priestley2_1_7b,619705846,long_list_002,long_lists,inputs/transcripts/factory_v1_long_list_002__priestley2_1_7b.txt,inputs/wav/factory_v1_long_list_002__priestley2_1_7b.wav,inputs/gold/factory_v1_long_list_002__priestley2_1_7b,1,
factory_v1_long_list_002__priestley_1_7b,data_factory,priestley_1_7b,neural_scheduler_corpus_v1,source,priestley_1_7b,1882383936,long_list_002,long_lists,inputs/transcripts/factory_v1_long_list_002__priestley_1_7b.txt,inputs/wav/factory_v1_long_list_002__priestley_1_7b.wav,inputs/gold/factory_v1_long_list_002__priestley_1_7b,1,
factory_v1_long_list_003__alfie_1_7b,data_factory,alfie_1_7b,neural_scheduler_corpus_v1,source,alfie_1_7b,1659441322,long_list_003,long_lists,inputs/transcripts/factory_v1_long_list_003__alfie_1_7b.txt,inputs/wav/factory_v1_long_list_003__alfie_1_7b.wav,inputs/gold/factory_v1_long_list_003__alfie_1_7b,1,
factory_v1_long_list_003__lana_1_7b,data_factory,lana_1_7b,neural_scheduler_corpus_v1,source,lana_1_7b,1142606117,long_list_003,long_lists,inputs/transcripts/factory_v1_long_list_003__lana_1_7b.txt,inputs/wav/factory_v1_long_list_003__lana_1_7b.wav,inputs/gold/factory_v1_long_list_003__lana_1_7b,1,
factory_v1_long_list_003__priestley2_1_7b,data_factory,priestley2_1_7b,neural_scheduler_corpus_v1,source,priestley2_1_7b,441327042,long_list_003,long_lists,inputs/transcripts/factory_v1_long_list_003__priestley2_1_7b.txt,inputs/wav/factory_v1_long_list_003__priestley2_1_7b.wav,inputs/gold/factory_v1_long_list_003__priestley2_1_7b,1,
factory_v1_long_list_003__priestley_1_7b,data_factory,priestley_1_7b,neural_scheduler_corpus_v1,source,priestley_1_7b,77772472,long_list_003,long_lists,inputs/transcripts/factory_v1_long_list_003__priestley_1_7b.txt,inputs/wav/factory_v1_long_list_003__priestley_1_7b.wav,inputs/gold/factory_v1_long_list_003__priestley_1_7b,1,
factory_v1_long_list_004__alfie_1_7b,data_factory,alfie_1_7b,neural_scheduler_corpus_v1,source,alfie_1_7b,605101355,long_list_004,long_lists,inputs/transcripts/factory_v1_long_list_004__alfie_1_7b.txt,inputs/wav/factory_v1_long_list_004__alfie_1_7b.wav,inputs/gold/factory_v1_long_list_004__alfie_1_7b,1,
factory_v1_long_list_004__lana_1_7b,data_factory,lana_1_7b,neural_scheduler_corpus_v1,source,lana_1_7b,227515562,long_list_004,long_lists,inputs/transcripts/factory_v1_long_list_004__lana_1_7b.txt,inputs/wav/factory_v1_long_list_004__lana_1_7b.wav,inputs/gold/factory_v1_long_list_004__lana_1_7b,1,
factory_v1_long_list_004__priestley2_1_7b,data_factory,priestley2_1_7b,neural_scheduler_corpus_v1,source,priestley2_1_7b,546636713,long_list_004,long_lists,inputs/transcripts/factory_v1_long_list_004__priestley2_1_7b.txt,inputs/wav/factory_v1_long_list_004__priestley2_1_7b.wav,inputs/gold/factory_v1_long_list_004__priestley2_1_7b,1,
factory_v1_long_list_004__priestley_1_7b,data_factory,priestley_1_7b,neural_scheduler_corpus_v1,source,priestley_1_7b,585514298,long_list_004,long_lists,inputs/transcripts/factory_v1_long_list_004__priestley_1_7b.txt,inputs/wav/factory_v1_long_list_004__priestley_1_7b.wav,inputs/gold/factory_v1_long_list_004__priestley_1_7b,1,
factory_v1_long_list_005__alfie_1_7b,data_factory,alfie_1_7b,neural_scheduler_corpus_v1,source,alfie_1_7b,292982668,long_list_005,long_lists,inputs/transcripts/factory_v1_long_list_005__alfie_1_7b.txt,inputs/wav/factory_v1_long_list_005__alfie_1_7b.wav,inputs/gold/factory_v1_long_list_005__alfie_1_7b,1,
factory_v1_long_list_005__lana_1_7b,data_factory,lana_1_7b,neural_scheduler_corpus_v1,source,lana_1_7b,920232857,long_list_005,long_lists,inputs/transcripts/factory_v1_long_list_005__lana_1_7b.txt,inputs/wav/factory_v1_long_list_005__lana_1_7b.wav,inputs/gold/factory_v1_long_list_005__lana_1_7b,1,
factory_v1_long_list_005__priestley2_1_7b,data_factory,priestley2_1_7b,neural_scheduler_corpus_v1,source,priestley2_1_7b,1437463085,long_list_005,long_lists,inputs/transcripts/factory_v1_long_list_005__priestley2_1_7b.txt,inputs/wav/factory_v1_long_list_005__priestley2_1_7b.wav,inputs/gold/factory_v1_long_list_005__priestley2_1_7b,1,
factory_v1_long_list_005__priestley_1_7b,data_factory,priestley_1_7b,neural_scheduler_corpus_v1,source,priestley_1_7b,1006809825,long_list_005,long_lists,inputs/transcripts/factory_v1_long_list_005__priestley_1_7b.txt,inputs/wav/factory_v1_long_list_005__priestley_1_7b.wav,inputs/gold/factory_v1_long_list_005__priestley_1_7b,1,
factory_v1_long_list_006__alfie_1_7b,data_factory,alfie_1_7b,neural_scheduler_corpus_v1,source,alfie_1_7b,999358322,long_list_006,long_lists,inputs/transcripts/factory_v1_long_list_006__alfie_1_7b.txt,inputs/wav/factory_v1_long_list_006__alfie_1_7b.wav,inputs/gold/factory_v1_long_list_006__alfie_1_7b,1,
factory_v1_long_list_006__lana_1_7b,data_factory,lana_1_7b,neural_scheduler_corpus_v1,source,lana_1_7b,1700926826,long_list_006,long_lists,inputs/transcripts/factory_v1_long_list_006__lana_1_7b.txt,inputs/wav/factory_v1_long_list_006__lana_1_7b.wav,inputs/gold/factory_v1_long_list_006__lana_1_7b,1,
factory_v1_long_list_006__priestley2_1_7b,data_factory,priestley2_1_7b,neural_scheduler_corpus_v1,source,priestley2_1_7b,1352995788,long_list_006,long_lists,inputs/transcripts/factory_v1_long_list_006__priestley2_1_7b.txt,inputs/wav/factory_v1_long_list_006__priestley2_1_7b.wav,inputs/gold/factory_v1_long_list_006__priestley2_1_7b,1,
factory_v1_long_list_006__priestley_1_7b,data_factory,priestley_1_7b,neural_scheduler_corpus_v1,source,priestley_1_7b,2079836017,long_list_006,long_lists,inputs/transcripts/factory_v1_long_list_006__priestley_1_7b.txt,inputs/wav/factory_v1_long_list_006__priestley_1_7b.wav,inputs/gold/factory_v1_long_list_006__priestley_1_7b,1,
factory_v1_long_list_007__alfie_1_7b,data_factory,alfie_1_7b,neural_scheduler_corpus_v1,source,alfie_1_7b,710546902,long_list_007,long_lists,inputs/transcripts/factory_v1_long_list_007__alfie_1_7b.txt,inputs/wav/factory_v1_long_list_007__alfie_1_7b.wav,inputs/gold/factory_v1_long_list_007__alfie_1_7b,1,
factory_v1_long_list_007__lana_1_7b,data_factory,lana_1_7b,neural_scheduler_corpus_v1,source,lana_1_7b,1717906000,long_list_007,long_lists,inputs/transcripts/factory_v1_long_list_007__lana_1_7b.txt,inputs/wav/factory_v1_long_list_007__lana_1_7b.wav,inputs/gold/factory_v1_long_list_007__lana_1_7b,1,
factory_v1_long_list_007__priestley2_1_7b,data_factory,priestley2_1_7b,neural_scheduler_corpus_v1,source,priestley2_1_7b,261836369,long_list_007,long_lists,inputs/transcripts/factory_v1_long_list_007__priestley2_1_7b.txt,inputs/wav/factory_v1_long_list_007__priestley2_1_7b.wav,inputs/gold/factory_v1_long_list_007__priestley2_1_7b,1,
factory_v1_long_list_007__priestley_1_7b,data_factory,priestley_1_7b,neural_scheduler_corpus_v1,source,priestley_1_7b,962078202,long_list_007,long_lists,inputs/transcripts/factory_v1_long_list_007__priestley_1_7b.txt,inputs/wav/factory_v1_long_list_007__priestley_1_7b.wav,inputs/gold/factory_v1_long_list_007__priestley_1_7b,1,
factory_v1_long_list_008__alfie_1_7b,data_factory,alfie_1_7b,neural_scheduler_corpus_v1,source,alfie_1_7b,1546876931,long_list_008,long_lists,inputs/transcripts/factory_v1_long_list_008__alfie_1_7b.txt,inputs/wav/factory_v1_long_list_008__alfie_1_7b.wav,inputs/gold/factory_v1_long_list_008__alfie_1_7b,1,
factory_v1_long_list_008__lana_1_7b,data_factory,lana_1_7b,neural_scheduler_corpus_v1,source,lana_1_7b,1945713029,long_list_008,long_lists,inputs/transcripts/factory_v1_long_list_008__lana_1_7b.txt,inputs/wav/factory_v1_long_list_008__lana_1_7b.wav,inputs/gold/factory_v1_long_list_008__lana_1_7b,1,
factory_v1_long_list_008__priestley2_1_7b,data_factory,priestley2_1_7b,neural_scheduler_corpus_v1,source,priestley2_1_7b,1708651392,long_list_008,long_lists,inputs/transcripts/factory_v1_long_list_008__priestley2_1_7b.txt,inputs/wav/factory_v1_long_list_008__priestley2_1_7b.wav,inputs/gold/factory_v1_long_list_008__priestley2_1_7b,1,
factory_v1_long_list_008__priestley_1_7b,data_factory,priestley_1_7b,neural_scheduler_corpus_v1,source,priestley_1_7b,1447452206,long_list_008,long_lists,inputs/transcripts/factory_v1_long_list_008__priestley_1_7b.txt,inputs/wav/factory_v1_long_list_008__priestley_1_7b.wav,inputs/gold/factory_v1_long_list_008__priestley_1_7b,1,
factory_v1_long_list_009__alfie_1_7b,data_factory,alfie_1_7b,neural_scheduler_corpus_v1,source,alfie_1_7b,1765275235,long_list_009,long_lists,inputs/transcripts/factory_v1_long_list_009__alfie_1_7b.txt,inputs/wav/factory_v1_long_list_009__alfie_1_7b.wav,inputs/gold/factory_v1_long_list_009__alfie_1_7b,1,
factory_v1_long_list_009__lana_1_7b,data_factory,lana_1_7b,neural_scheduler_corpus_v1,source,lana_1_7b,1655950497,long_list_009,long_lists,inputs/transcripts/factory_v1_long_list_009__lana_1_7b.txt,inputs/wav/factory_v1_long_list_009__lana_1_7b.wav,inputs/gold/factory_v1_long_list_009__lana_1_7b,1,
factory_v1_long_list_009__priestley2_1_7b,data_factory,priestley2_1_7b,neural_scheduler_corpus_v1,source,priestley2_1_7b,1824857128,long_list_009,long_lists,inputs/transcripts/factory_v1_long_list_009__priestley2_1_7b.txt,inputs/wav/factory_v1_long_list_009__priestley2_1_7b.wav,inputs/gold/factory_v1_long_list_009__priestley2_1_7b,1,
factory_v1_long_list_009__priestley_1_7b,data_factory,priestley_1_7b,neural_scheduler_corpus_v1,source,priestley_1_7b,1557280637,long_list_009,long_lists,inputs/transcripts/factory_v1_long_list_009__priestley_1_7b.txt,inputs/wav/factory_v1_long_list_009__priestley_1_7b.wav,inputs/gold/factory_v1_long_list_009__priestley_1_7b,1,
factory_v1_long_list_010__alfie_1_7b,data_factory,alfie_1_7b,neural_scheduler_corpus_v1,source,alfie_1_7b,2132927840,long_list_010,long_lists,inputs/transcripts/factory_v1_long_list_010__alfie_1_7b.txt,inputs/wav/factory_v1_long_list_010__alfie_1_7b.wav,inputs/gold/factory_v1_long_list_010__alfie_1_7b,1,
factory_v1_long_list_010__lana_1_7b,data_factory,lana_1_7b,neural_scheduler_corpus_v1,source,lana_1_7b,1021742787,long_list_010,long_lists,inputs/transcripts/factory_v1_long_list_010__lana_1_7b.txt,inputs/wav/factory_v1_long_list_010__lana_1_7b.wav,inputs/gold/factory_v1_long_list_010__lana_1_7b,1,
factory_v1_long_list_010__priestley2_1_7b,data_factory,priestley2_1_7b,neural_scheduler_corpus_v1,source,priestley2_1_7b,1794509770,long_list_010,long_lists,inputs/transcripts/factory_v1_long_list_010__priestley2_1_7b.txt,inputs/wav/factory_v1_long_list_010__priestley2_1_7b.wav,inputs/gold/factory_v1_long_list_010__priestley2_1_7b,1,
factory_v1_long_list_010__priestley_1_7b,data_factory,priestley_1_7b,neural_scheduler_corpus_v1,source,priestley_1_7b,218675723,long_list_010,long_lists,inputs/transcripts/factory_v1_long_list_010__priestley_1_7b.txt,inputs/wav/factory_v1_long_list_010__priestley_1_7b.wav,inputs/gold/factory_v1_long_list_010__priestley_1_7b,1,
factory_v1_question_001__alfie_1_7b,data_factory,alfie_1_7b,neural_scheduler_corpus_v1,source,alfie_1_7b,829844403,question_001,questions,inputs/transcripts/factory_v1_question_001__alfie_1_7b.txt,inputs/wav/factory_v1_question_001__alfie_1_7b.wav,inputs/gold/factory_v1_question_001__alfie_1_7b,1,
factory_v1_question_001__lana_1_7b,data_factory,lana_1_7b,neural_scheduler_corpus_v1,source,lana_1_7b,147571276,question_001,questions,inputs/transcripts/factory_v1_question_001__lana_1_7b.txt,inputs/wav/factory_v1_question_001__lana_1_7b.wav,inputs/gold/factory_v1_question_001__lana_1_7b,1,
factory_v1_question_001__priestley2_1_7b,data_factory,priestley2_1_7b,neural_scheduler_corpus_v1,source,priestley2_1_7b,385737391,question_001,questions,inputs/transcripts/factory_v1_question_001__priestley2_1_7b.txt,inputs/wav/factory_v1_question_001__priestley2_1_7b.wav,inputs/gold/factory_v1_question_001__priestley2_1_7b,1,
factory_v1_question_001__priestley_1_7b,data_factory,priestley_1_7b,neural_scheduler_corpus_v1,source,priestley_1_7b,840723848,question_001,questions,inputs/transcripts/factory_v1_question_001__priestley_1_7b.txt,inputs/wav/factory_v1_question_001__priestley_1_7b.wav,inputs/gold/factory_v1_question_001__priestley_1_7b,1,
factory_v1_question_002__alfie_1_7b,data_factory,alfie_1_7b,neural_scheduler_corpus_v1,source,alfie_1_7b,1455244060,question_002,questions,inputs/transcripts/factory_v1_question_002__alfie_1_7b.txt,inputs/wav/factory_v1_question_002__alfie_1_7b.wav,inputs/gold/factory_v1_question_002__alfie_1_7b,1,
factory_v1_question_002__lana_1_7b,data_factory,lana_1_7b,neural_scheduler_corpus_v1,source,lana_1_7b,1619197307,question_002,questions,inputs/transcripts/factory_v1_question_002__lana_1_7b.txt,inputs/wav/factory_v1_question_002__lana_1_7b.wav,inputs/gold/factory_v1_question_002__lana_1_7b,1,
factory_v1_question_002__priestley2_1_7b,data_factory,priestley2_1_7b,neural_scheduler_corpus_v1,source,priestley2_1_7b,338707658,question_002,questions,inputs/transcripts/factory_v1_question_002__priestley2_1_7b.txt,inputs/wav/factory_v1_question_002__priestley2_1_7b.wav,inputs/gold/factory_v1_question_002__priestley2_1_7b,1,
factory_v1_question_002__priestley_1_7b,data_factory,priestley_1_7b,neural_scheduler_corpus_v1,source,priestley_1_7b,2094245353,question_002,questions,inputs/transcripts/factory_v1_question_002__priestley_1_7b.txt,inputs/wav/factory_v1_question_002__priestley_1_7b.wav,inputs/gold/factory_v1_question_002__priestley_1_7b,1,
factory_v1_question_003__alfie_1_7b,data_factory,alfie_1_7b,neural_scheduler_corpus_v1,source,alfie_1_7b,810052265,question_003,questions,inputs/transcripts/factory_v1_question_003__alfie_1_7b.txt,inputs/wav/factory_v1_question_003__alfie_1_7b.wav,inputs/gold/factory_v1_question_003__alfie_1_7b,1,
factory_v1_question_003__lana_1_7b,data_factory,lana_1_7b,neural_scheduler_corpus_v1,source,lana_1_7b,754210119,question_003,questions,inputs/transcripts/factory_v1_question_003__lana_1_7b.txt,inputs/wav/factory_v1_question_003__lana_1_7b.wav,inputs/gold/factory_v1_question_003__lana_1_7b,1,
factory_v1_question_003__priestley2_1_7b,data_factory,priestley2_1_7b,neural_scheduler_corpus_v1,source,priestley2_1_7b,1129784038,question_003,questions,inputs/transcripts/factory_v1_question_003__priestley2_1_7b.txt,inputs/wav/factory_v1_question_003__priestley2_1_7b.wav,inputs/gold/factory_v1_question_003__priestley2_1_7b,1,
factory_v1_question_003__priestley_1_7b,data_factory,priestley_1_7b,neural_scheduler_corpus_v1,source,priestley_1_7b,202453904,question_003,questions,inputs/transcripts/factory_v1_question_003__priestley_1_7b.txt,inputs/wav/factory_v1_question_003__priestley_1_7b.wav,inputs/gold/factory_v1_question_003__priestley_1_7b,1,
factory_v1_question_004__alfie_1_7b,data_factory,alfie_1_7b,neural_scheduler_corpus_v1,source,alfie_1_7b,1682048169,question_004,questions,inputs/transcripts/factory_v1_question_004__alfie_1_7b.txt,inputs/wav/factory_v1_question_004__alfie_1_7b.wav,inputs/gold/factory_v1_question_004__alfie_1_7b,1,
factory_v1_question_004__lana_1_7b,data_factory,lana_1_7b,neural_scheduler_corpus_v1,source,lana_1_7b,281635053,question_004,questions,inputs/transcripts/factory_v1_question_004__lana_1_7b.txt,inputs/wav/factory_v1_question_004__lana_1_7b.wav,inputs/gold/factory_v1_question_004__lana_1_7b,1,
factory_v1_question_004__priestley2_1_7b,data_factory,priestley2_1_7b,neural_scheduler_corpus_v1,source,priestley2_1_7b,1743096668,question_004,questions,inputs/transcripts/factory_v1_question_004__priestley2_1_7b.txt,inputs/wav/factory_v1_question_004__priestley2_1_7b.wav,inputs/gold/factory_v1_question_004__priestley2_1_7b,1,
factory_v1_question_004__priestley_1_7b,data_factory,priestley_1_7b,neural_scheduler_corpus_v1,source,priestley_1_7b,1560412466,question_004,questions,inputs/transcripts/factory_v1_question_004__priestley_1_7b.txt,inputs/wav/factory_v1_question_004__priestley_1_7b.wav,inputs/gold/factory_v1_question_004__priestley_1_7b,1,
factory_v1_question_005__alfie_1_7b,data_factory,alfie_1_7b,neural_scheduler_corpus_v1,source,alfie_1_7b,1031140390,question_005,questions,inputs/transcripts/factory_v1_question_005__alfie_1_7b.txt,inputs/wav/factory_v1_question_005__alfie_1_7b.wav,inputs/gold/factory_v1_question_005__alfie_1_7b,1,
factory_v1_question_005__lana_1_7b,data_factory,lana_1_7b,neural_scheduler_corpus_v1,source,lana_1_7b,443769757,question_005,questions,inputs/transcripts/factory_v1_question_005__lana_1_7b.txt,inputs/wav/factory_v1_question_005__lana_1_7b.wav,inputs/gold/factory_v1_question_005__lana_1_7b,1,
factory_v1_question_005__priestley2_1_7b,data_factory,priestley2_1_7b,neural_scheduler_corpus_v1,source,priestley2_1_7b,730746662,question_005,questions,inputs/transcripts/factory_v1_question_005__priestley2_1_7b.txt,inputs/wav/factory_v1_question_005__priestley2_1_7b.wav,inputs/gold/factory_v1_question_005__priestley2_1_7b,1,
factory_v1_question_005__priestley_1_7b,data_factory,priestley_1_7b,neural_scheduler_corpus_v1,source,priestley_1_7b,872564912,question_005,questions,inputs/transcripts/factory_v1_question_005__priestley_1_7b.txt,inputs/wav/factory_v1_question_005__priestley_1_7b.wav,inputs/gold/factory_v1_question_005__priestley_1_7b,1,
factory_v1_question_006__alfie_1_7b,data_factory,alfie_1_7b,neural_scheduler_corpus_v1,source,alfie_1_7b,800130716,question_006,questions,inputs/transcripts/factory_v1_question_006__alfie_1_7b.txt,inputs/wav/factory_v1_question_006__alfie_1_7b.wav,inputs/gold/factory_v1_question_006__alfie_1_7b,1,
factory_v1_question_006__lana_1_7b,data_factory,lana_1_7b,neural_scheduler_corpus_v1,source,lana_1_7b,122945361,question_006,questions,inputs/transcripts/factory_v1_question_006__lana_1_7b.txt,inputs/wav/factory_v1_question_006__lana_1_7b.wav,inputs/gold/factory_v1_question_006__lana_1_7b,1,
factory_v1_question_006__priestley2_1_7b,data_factory,priestley2_1_7b,neural_scheduler_corpus_v1,source,priestley2_1_7b,709415472,question_006,questions,inputs/transcripts/factory_v1_question_006__priestley2_1_7b.txt,inputs/wav/factory_v1_question_006__priestley2_1_7b.wav,inputs/gold/factory_v1_question_006__priestley2_1_7b,1,
factory_v1_question_006__priestley_1_7b,data_factory,priestley_1_7b,neural_scheduler_corpus_v1,source,priestley_1_7b,1020445362,question_006,questions,inputs/transcripts/factory_v1_question_006__priestley_1_7b.txt,inputs/wav/factory_v1_question_006__priestley_1_7b.wav,inputs/gold/factory_v1_question_006__priestley_1_7b,1,
factory_v1_question_007__alfie_1_7b,data_factory,alfie_1_7b,neural_scheduler_corpus_v1,source,alfie_1_7b,1558772291,question_007,questions,inputs/transcripts/factory_v1_question_007__alfie_1_7b.txt,inputs/wav/factory_v1_question_007__alfie_1_7b.wav,inputs/gold/factory_v1_question_007__alfie_1_7b,1,
factory_v1_question_007__lana_1_7b,data_factory,lana_1_7b,neural_scheduler_corpus_v1,source,lana_1_7b,1173189667,question_007,questions,inputs/transcripts/factory_v1_question_007__lana_1_7b.txt,inputs/wav/factory_v1_question_007__lana_1_7b.wav,inputs/gold/factory_v1_question_007__lana_1_7b,1,
factory_v1_question_007__priestley2_1_7b,data_factory,priestley2_1_7b,neural_scheduler_corpus_v1,source,priestley2_1_7b,1332267818,question_007,questions,inputs/transcripts/factory_v1_question_007__priestley2_1_7b.txt,inputs/wav/factory_v1_question_007__priestley2_1_7b.wav,inputs/gold/factory_v1_question_007__priestley2_1_7b,1,
factory_v1_question_007__priestley_1_7b,data_factory,priestley_1_7b,neural_scheduler_corpus_v1,source,priestley_1_7b,883378197,question_007,questions,inputs/transcripts/factory_v1_question_007__priestley_1_7b.txt,inputs/wav/factory_v1_question_007__priestley_1_7b.wav,inputs/gold/factory_v1_question_007__priestley_1_7b,1,
factory_v1_question_008__alfie_1_7b,data_factory,alfie_1_7b,neural_scheduler_corpus_v1,source,alfie_1_7b,241146354,question_008,questions,inputs/transcripts/factory_v1_question_008__alfie_1_7b.txt,inputs/wav/factory_v1_question_008__alfie_1_7b.wav,inputs/gold/factory_v1_question_008__alfie_1_7b,1,
factory_v1_question_008__lana_1_7b,data_factory,lana_1_7b,neural_scheduler_corpus_v1,source,lana_1_7b,1021240240,question_008,questions,inputs/transcripts/factory_v1_question_008__lana_1_7b.txt,inputs/wav/factory_v1_question_008__lana_1_7b.wav,inputs/gold/factory_v1_question_008__lana_1_7b,1,
factory_v1_question_008__priestley2_1_7b,data_factory,priestley2_1_7b,neural_scheduler_corpus_v1,source,priestley2_1_7b,419494597,question_008,questions,inputs/transcripts/factory_v1_question_008__priestley2_1_7b.txt,inputs/wav/factory_v1_question_008__priestley2_1_7b.wav,inputs/gold/factory_v1_question_008__priestley2_1_7b,1,
factory_v1_question_008__priestley_1_7b,data_factory,priestley_1_7b,neural_scheduler_corpus_v1,source,priestley_1_7b,113454931,question_008,questions,inputs/transcripts/factory_v1_question_008__priestley_1_7b.txt,inputs/wav/factory_v1_question_008__priestley_1_7b.wav,inputs/gold/factory_v1_question_008__priestley_1_7b,1,
factory_v1_question_009__alfie_1_7b,data_factory,alfie_1_7b,neural_scheduler_corpus_v1,source,alfie_1_7b,2064901873,question_009,questions,inputs/transcripts/factory_v1_question_009__alfie_1_7b.txt,inputs/wav/factory_v1_question_009__alfie_1_7b.wav,inputs/gold/factory_v1_question_009__alfie_1_7b,1,
factory_v1_question_009__lana_1_7b,data_factory,lana_1_7b,neural_scheduler_corpus_v1,source,lana_1_7b,92102795,question_009,questions,inputs/transcripts/factory_v1_question_009__lana_1_7b.txt,inputs/wav/factory_v1_question_009__lana_1_7b.wav,inputs/gold/factory_v1_question_009__lana_1_7b,1,
factory_v1_question_009__priestley2_1_7b,data_factory,priestley2_1_7b,neural_scheduler_corpus_v1,source,priestley2_1_7b,1713595521,question_009,questions,inputs/transcripts/factory_v1_question_009__priestley2_1_7b.txt,inputs/wav/factory_v1_question_009__priestley2_1_7b.wav,inputs/gold/factory_v1_question_009__priestley2_1_7b,1,
factory_v1_question_009__priestley_1_7b,data_factory,priestley_1_7b,neural_scheduler_corpus_v1,source,priestley_1_7b,1114252771,question_009,questions,inputs/transcripts/factory_v1_question_009__priestley_1_7b.txt,inputs/wav/factory_v1_question_009__priestley_1_7b.wav,inputs/gold/factory_v1_question_009__priestley_1_7b,1,
factory_v1_question_010__alfie_1_7b,data_factory,alfie_1_7b,neural_scheduler_corpus_v1,source,alfie_1_7b,1281470445,question_010,questions,inputs/transcripts/factory_v1_question_010__alfie_1_7b.txt,inputs/wav/factory_v1_question_010__alfie_1_7b.wav,inputs/gold/factory_v1_question_010__alfie_1_7b,1,
factory_v1_question_010__lana_1_7b,data_factory,lana_1_7b,neural_scheduler_corpus_v1,source,lana_1_7b,1077024626,question_010,questions,inputs/transcripts/factory_v1_question_010__lana_1_7b.txt,inputs/wav/factory_v1_question_010__lana_1_7b.wav,inputs/gold/factory_v1_question_010__lana_1_7b,1,
factory_v1_question_010__priestley2_1_7b,data_factory,priestley2_1_7b,neural_scheduler_corpus_v1,source,priestley2_1_7b,1040778674,question_010,questions,inputs/transcripts/factory_v1_question_010__priestley2_1_7b.txt,inputs/wav/factory_v1_question_010__priestley2_1_7b.wav,inputs/gold/factory_v1_question_010__priestley2_1_7b,1,
factory_v1_question_010__priestley_1_7b,data_factory,priestley_1_7b,neural_scheduler_corpus_v1,source,priestley_1_7b,194354163,question_010,questions,inputs/transcripts/factory_v1_question_010__priestley_1_7b.txt,inputs/wav/factory_v1_question_010__priestley_1_7b.wav,inputs/gold/factory_v1_question_010__priestley_1_7b,1,
factory_v1_sentences_001__alfie_1_7b,data_factory,alfie_1_7b,neural_scheduler_corpus_v1,source,alfie_1_7b,1224948763,sentences_001,multiple_sentences,inputs/transcripts/factory_v1_sentences_001__alfie_1_7b.txt,inputs/wav/factory_v1_sentences_001__alfie_1_7b.wav,inputs/gold/factory_v1_sentences_001__alfie_1_7b,1,
factory_v1_sentences_001__lana_1_7b,data_factory,lana_1_7b,neural_scheduler_corpus_v1,source,lana_1_7b,795614447,sentences_001,multiple_sentences,inputs/transcripts/factory_v1_sentences_001__lana_1_7b.txt,inputs/wav/factory_v1_sentences_001__lana_1_7b.wav,inputs/gold/factory_v1_sentences_001__lana_1_7b,1,
factory_v1_sentences_001__priestley2_1_7b,data_factory,priestley2_1_7b,neural_scheduler_corpus_v1,source,priestley2_1_7b,1796781957,sentences_001,multiple_sentences,inputs/transcripts/factory_v1_sentences_001__priestley2_1_7b.txt,inputs/wav/factory_v1_sentences_001__priestley2_1_7b.wav,inputs/gold/factory_v1_sentences_001__priestley2_1_7b,1,
factory_v1_sentences_001__priestley_1_7b,data_factory,priestley_1_7b,neural_scheduler_corpus_v1,source,priestley_1_7b,313026168,sentences_001,multiple_sentences,inputs/transcripts/factory_v1_sentences_001__priestley_1_7b.txt,inputs/wav/factory_v1_sentences_001__priestley_1_7b.wav,inputs/gold/factory_v1_sentences_001__priestley_1_7b,1,
factory_v1_sentences_002__alfie_1_7b,data_factory,alfie_1_7b,neural_scheduler_corpus_v1,source,alfie_1_7b,1134598746,sentences_002,multiple_sentences,inputs/transcripts/factory_v1_sentences_002__alfie_1_7b.txt,inputs/wav/factory_v1_sentences_002__alfie_1_7b.wav,inputs/gold/factory_v1_sentences_002__alfie_1_7b,1,
factory_v1_sentences_002__lana_1_7b,data_factory,lana_1_7b,neural_scheduler_corpus_v1,source,lana_1_7b,830704012,sentences_002,multiple_sentences,inputs/transcripts/factory_v1_sentences_002__lana_1_7b.txt,inputs/wav/factory_v1_sentences_002__lana_1_7b.wav,inputs/gold/factory_v1_sentences_002__lana_1_7b,1,
factory_v1_sentences_002__priestley2_1_7b,data_factory,priestley2_1_7b,neural_scheduler_corpus_v1,source,priestley2_1_7b,1688706592,sentences_002,multiple_sentences,inputs/transcripts/factory_v1_sentences_002__priestley2_1_7b.txt,inputs/wav/factory_v1_sentences_002__priestley2_1_7b.wav,inputs/gold/factory_v1_sentences_002__priestley2_1_7b,1,
factory_v1_sentences_002__priestley_1_7b,data_factory,priestley_1_7b,neural_scheduler_corpus_v1,source,priestley_1_7b,1159910753,sentences_002,multiple_sentences,inputs/transcripts/factory_v1_sentences_002__priestley_1_7b.txt,inputs/wav/factory_v1_sentences_002__priestley_1_7b.wav,inputs/gold/factory_v1_sentences_002__priestley_1_7b,1,
factory_v1_sentences_003__alfie_1_7b,data_factory,alfie_1_7b,neural_scheduler_corpus_v1,source,alfie_1_7b,1063167080,sentences_003,multiple_sentences,inputs/transcripts/factory_v1_sentences_003__alfie_1_7b.txt,inputs/wav/factory_v1_sentences_003__alfie_1_7b.wav,inputs/gold/factory_v1_sentences_003__alfie_1_7b,1,
factory_v1_sentences_003__lana_1_7b,data_factory,lana_1_7b,neural_scheduler_corpus_v1,source,lana_1_7b,1339072955,sentences_003,multiple_sentences,inputs/transcripts/factory_v1_sentences_003__lana_1_7b.txt,inputs/wav/factory_v1_sentences_003__lana_1_7b.wav,inputs/gold/factory_v1_sentences_003__lana_1_7b,1,
factory_v1_sentences_003__priestley2_1_7b,data_factory,priestley2_1_7b,neural_scheduler_corpus_v1,source,priestley2_1_7b,976354408,sentences_003,multiple_sentences,inputs/transcripts/factory_v1_sentences_003__priestley2_1_7b.txt,inputs/wav/factory_v1_sentences_003__priestley2_1_7b.wav,inputs/gold/factory_v1_sentences_003__priestley2_1_7b,1,
factory_v1_sentences_003__priestley_1_7b,data_factory,priestley_1_7b,neural_scheduler_corpus_v1,source,priestley_1_7b,2061625102,sentences_003,multiple_sentences,inputs/transcripts/factory_v1_sentences_003__priestley_1_7b.txt,inputs/wav/factory_v1_sentences_003__priestley_1_7b.wav,inputs/gold/factory_v1_sentences_003__priestley_1_7b,1,
factory_v1_sentences_004__alfie_1_7b,data_factory,alfie_1_7b,neural_scheduler_corpus_v1,source,alfie_1_7b,643338418,sentences_004,multiple_sentences,inputs/transcripts/factory_v1_sentences_004__alfie_1_7b.txt,inputs/wav/factory_v1_sentences_004__alfie_1_7b.wav,inputs/gold/factory_v1_sentences_004__alfie_1_7b,1,
factory_v1_sentences_004__lana_1_7b,data_factory,lana_1_7b,neural_scheduler_corpus_v1,source,lana_1_7b,554436581,sentences_004,multiple_sentences,inputs/transcripts/factory_v1_sentences_004__lana_1_7b.txt,inputs/wav/factory_v1_sentences_004__lana_1_7b.wav,inputs/gold/factory_v1_sentences_004__lana_1_7b,1,
factory_v1_sentences_004__priestley2_1_7b,data_factory,priestley2_1_7b,neural_scheduler_corpus_v1,source,priestley2_1_7b,1427185289,sentences_004,multiple_sentences,inputs/transcripts/factory_v1_sentences_004__priestley2_1_7b.txt,inputs/wav/factory_v1_sentences_004__priestley2_1_7b.wav,inputs/gold/factory_v1_sentences_004__priestley2_1_7b,1,
factory_v1_sentences_004__priestley_1_7b,data_factory,priestley_1_7b,neural_scheduler_corpus_v1,source,priestley_1_7b,1780881245,sentences_004,multiple_sentences,inputs/transcripts/factory_v1_sentences_004__priestley_1_7b.txt,inputs/wav/factory_v1_sentences_004__priestley_1_7b.wav,inputs/gold/factory_v1_sentences_004__priestley_1_7b,1,
factory_v1_sentences_005__alfie_1_7b,data_factory,alfie_1_7b,neural_scheduler_corpus_v1,source,alfie_1_7b,1166273928,sentences_005,multiple_sentences,inputs/transcripts/factory_v1_sentences_005__alfie_1_7b.txt,inputs/wav/factory_v1_sentences_005__alfie_1_7b.wav,inputs/gold/factory_v1_sentences_005__alfie_1_7b,1,
factory_v1_sentences_005__lana_1_7b,data_factory,lana_1_7b,neural_scheduler_corpus_v1,source,lana_1_7b,19828126,sentences_005,multiple_sentences,inputs/transcripts/factory_v1_sentences_005__lana_1_7b.txt,inputs/wav/factory_v1_sentences_005__lana_1_7b.wav,inputs/gold/factory_v1_sentences_005__lana_1_7b,1,
factory_v1_sentences_005__priestley2_1_7b,data_factory,priestley2_1_7b,neural_scheduler_corpus_v1,source,priestley2_1_7b,1512416198,sentences_005,multiple_sentences,inputs/transcripts/factory_v1_sentences_005__priestley2_1_7b.txt,inputs/wav/factory_v1_sentences_005__priestley2_1_7b.wav,inputs/gold/factory_v1_sentences_005__priestley2_1_7b,1,
factory_v1_sentences_005__priestley_1_7b,data_factory,priestley_1_7b,neural_scheduler_corpus_v1,source,priestley_1_7b,881417290,sentences_005,multiple_sentences,inputs/transcripts/factory_v1_sentences_005__priestley_1_7b.txt,inputs/wav/factory_v1_sentences_005__priestley_1_7b.wav,inputs/gold/factory_v1_sentences_005__priestley_1_7b,1,
factory_v1_sentences_006__alfie_1_7b,data_factory,alfie_1_7b,neural_scheduler_corpus_v1,source,alfie_1_7b,761710833,sentences_006,multiple_sentences,inputs/transcripts/factory_v1_sentences_006__alfie_1_7b.txt,inputs/wav/factory_v1_sentences_006__alfie_1_7b.wav,inputs/gold/factory_v1_sentences_006__alfie_1_7b,1,
factory_v1_sentences_006__lana_1_7b,data_factory,lana_1_7b,neural_scheduler_corpus_v1,source,lana_1_7b,416647646,sentences_006,multiple_sentences,inputs/transcripts/factory_v1_sentences_006__lana_1_7b.txt,inputs/wav/factory_v1_sentences_006__lana_1_7b.wav,inputs/gold/factory_v1_sentences_006__lana_1_7b,1,
factory_v1_sentences_006__priestley2_1_7b,data_factory,priestley2_1_7b,neural_scheduler_corpus_v1,source,priestley2_1_7b,2108062031,sentences_006,multiple_sentences,inputs/transcripts/factory_v1_sentences_006__priestley2_1_7b.txt,inputs/wav/factory_v1_sentences_006__priestley2_1_7b.wav,inputs/gold/factory_v1_sentences_006__priestley2_1_7b,1,
factory_v1_sentences_006__priestley_1_7b,data_factory,priestley_1_7b,neural_scheduler_corpus_v1,source,priestley_1_7b,56971658,sentences_006,multiple_sentences,inputs/transcripts/factory_v1_sentences_006__priestley_1_7b.txt,inputs/wav/factory_v1_sentences_006__priestley_1_7b.wav,inputs/gold/factory_v1_sentences_006__priestley_1_7b,1,
factory_v1_sentences_007__alfie_1_7b,data_factory,alfie_1_7b,neural_scheduler_corpus_v1,source,alfie_1_7b,652358478,sentences_007,multiple_sentences,inputs/transcripts/factory_v1_sentences_007__alfie_1_7b.txt,inputs/wav/factory_v1_sentences_007__alfie_1_7b.wav,inputs/gold/factory_v1_sentences_007__alfie_1_7b,1,
factory_v1_sentences_007__lana_1_7b,data_factory,lana_1_7b,neural_scheduler_corpus_v1,source,lana_1_7b,306104266,sentences_007,multiple_sentences,inputs/transcripts/factory_v1_sentences_007__lana_1_7b.txt,inputs/wav/factory_v1_sentences_007__lana_1_7b.wav,inputs/gold/factory_v1_sentences_007__lana_1_7b,1,
factory_v1_sentences_007__priestley2_1_7b,data_factory,priestley2_1_7b,neural_scheduler_corpus_v1,source,priestley2_1_7b,1746740602,sentences_007,multiple_sentences,inputs/transcripts/factory_v1_sentences_007__priestley2_1_7b.txt,inputs/wav/factory_v1_sentences_007__priestley2_1_7b.wav,inputs/gold/factory_v1_sentences_007__priestley2_1_7b,1,
factory_v1_sentences_007__priestley_1_7b,data_factory,priestley_1_7b,neural_scheduler_corpus_v1,source,priestley_1_7b,1931692300,sentences_007,multiple_sentences,inputs/transcripts/factory_v1_sentences_007__priestley_1_7b.txt,inputs/wav/factory_v1_sentences_007__priestley_1_7b.wav,inputs/gold/factory_v1_sentences_007__priestley_1_7b,1,
factory_v1_sentences_008__alfie_1_7b,data_factory,alfie_1_7b,neural_scheduler_corpus_v1,source,alfie_1_7b,1826794242,sentences_008,multiple_sentences,inputs/transcripts/factory_v1_sentences_008__alfie_1_7b.txt,inputs/wav/factory_v1_sentences_008__alfie_1_7b.wav,inputs/gold/factory_v1_sentences_008__alfie_1_7b,1,
factory_v1_sentences_008__lana_1_7b,data_factory,lana_1_7b,neural_scheduler_corpus_v1,source,lana_1_7b,1107747949,sentences_008,multiple_sentences,inputs/transcripts/factory_v1_sentences_008__lana_1_7b.txt,inputs/wav/factory_v1_sentences_008__lana_1_7b.wav,inputs/gold/factory_v1_sentences_008__lana_1_7b,1,
factory_v1_sentences_008__priestley2_1_7b,data_factory,priestley2_1_7b,neural_scheduler_corpus_v1,source,priestley2_1_7b,1352259264,sentences_008,multiple_sentences,inputs/transcripts/factory_v1_sentences_008__priestley2_1_7b.txt,inputs/wav/factory_v1_sentences_008__priestley2_1_7b.wav,inputs/gold/factory_v1_sentences_008__priestley2_1_7b,1,
factory_v1_sentences_008__priestley_1_7b,data_factory,priestley_1_7b,neural_scheduler_corpus_v1,source,priestley_1_7b,95240386,sentences_008,multiple_sentences,inputs/transcripts/factory_v1_sentences_008__priestley_1_7b.txt,inputs/wav/factory_v1_sentences_008__priestley_1_7b.wav,inputs/gold/factory_v1_sentences_008__priestley_1_7b,1,
factory_v1_sentences_009__alfie_1_7b,data_factory,alfie_1_7b,neural_scheduler_corpus_v1,source,alfie_1_7b,1049021732,sentences_009,multiple_sentences,inputs/transcripts/factory_v1_sentences_009__alfie_1_7b.txt,inputs/wav/factory_v1_sentences_009__alfie_1_7b.wav,inputs/gold/factory_v1_sentences_009__alfie_1_7b,1,
factory_v1_sentences_009__lana_1_7b,data_factory,lana_1_7b,neural_scheduler_corpus_v1,source,lana_1_7b,1667743176,sentences_009,multiple_sentences,inputs/transcripts/factory_v1_sentences_009__lana_1_7b.txt,inputs/wav/factory_v1_sentences_009__lana_1_7b.wav,inputs/gold/factory_v1_sentences_009__lana_1_7b,1,
factory_v1_sentences_009__priestley2_1_7b,data_factory,priestley2_1_7b,neural_scheduler_corpus_v1,source,priestley2_1_7b,1954369120,sentences_009,multiple_sentences,inputs/transcripts/factory_v1_sentences_009__priestley2_1_7b.txt,inputs/wav/factory_v1_sentences_009__priestley2_1_7b.wav,inputs/gold/factory_v1_sentences_009__priestley2_1_7b,1,
factory_v1_sentences_009__priestley_1_7b,data_factory,priestley_1_7b,neural_scheduler_corpus_v1,source,priestley_1_7b,72956683,sentences_009,multiple_sentences,inputs/transcripts/factory_v1_sentences_009__priestley_1_7b.txt,inputs/wav/factory_v1_sentences_009__priestley_1_7b.wav,inputs/gold/factory_v1_sentences_009__priestley_1_7b,1,
factory_v1_sentences_010__alfie_1_7b,data_factory,alfie_1_7b,neural_scheduler_corpus_v1,source,alfie_1_7b,1924958923,sentences_010,multiple_sentences,inputs/transcripts/factory_v1_sentences_010__alfie_1_7b.txt,inputs/wav/factory_v1_sentences_010__alfie_1_7b.wav,inputs/gold/factory_v1_sentences_010__alfie_1_7b,1,
factory_v1_sentences_010__lana_1_7b,data_factory,lana_1_7b,neural_scheduler_corpus_v1,source,lana_1_7b,1274389710,sentences_010,multiple_sentences,inputs/transcripts/factory_v1_sentences_010__lana_1_7b.txt,inputs/wav/factory_v1_sentences_010__lana_1_7b.wav,inputs/gold/factory_v1_sentences_010__lana_1_7b,1,
factory_v1_sentences_010__priestley2_1_7b,data_factory,priestley2_1_7b,neural_scheduler_corpus_v1,source,priestley2_1_7b,115307722,sentences_010,multiple_sentences,inputs/transcripts/factory_v1_sentences_010__priestley2_1_7b.txt,inputs/wav/factory_v1_sentences_010__priestley2_1_7b.wav,inputs/gold/factory_v1_sentences_010__priestley2_1_7b,1,
factory_v1_sentences_010__priestley_1_7b,data_factory,priestley_1_7b,neural_scheduler_corpus_v1,source,priestley_1_7b,1922087173,sentences_010,multiple_sentences,inputs/transcripts/factory_v1_sentences_010__priestley_1_7b.txt,inputs/wav/factory_v1_sentences_010__priestley_1_7b.wav,inputs/gold/factory_v1_sentences_010__priestley_1_7b,1,
factory_v1_short_001__alfie_1_7b,data_factory,alfie_1_7b,neural_scheduler_corpus_v1,source,alfie_1_7b,1302500587,short_001,short,inputs/transcripts/factory_v1_short_001__alfie_1_7b.txt,inputs/wav/factory_v1_short_001__alfie_1_7b.wav,inputs/gold/factory_v1_short_001__alfie_1_7b,1,
factory_v1_short_001__lana_1_7b,data_factory,lana_1_7b,neural_scheduler_corpus_v1,source,lana_1_7b,1404962885,short_001,short,inputs/transcripts/factory_v1_short_001__lana_1_7b.txt,inputs/wav/factory_v1_short_001__lana_1_7b.wav,inputs/gold/factory_v1_short_001__lana_1_7b,1,
factory_v1_short_001__priestley2_1_7b,data_factory,priestley2_1_7b,neural_scheduler_corpus_v1,source,priestley2_1_7b,1963620204,short_001,short,inputs/transcripts/factory_v1_short_001__priestley2_1_7b.txt,inputs/wav/factory_v1_short_001__priestley2_1_7b.wav,inputs/gold/factory_v1_short_001__priestley2_1_7b,1,
factory_v1_short_001__priestley_1_7b,data_factory,priestley_1_7b,neural_scheduler_corpus_v1,source,priestley_1_7b,1751490817,short_001,short,inputs/transcripts/factory_v1_short_001__priestley_1_7b.txt,inputs/wav/factory_v1_short_001__priestley_1_7b.wav,inputs/gold/factory_v1_short_001__priestley_1_7b,1,
factory_v1_short_002__alfie_1_7b,data_factory,alfie_1_7b,neural_scheduler_corpus_v1,source,alfie_1_7b,1730336761,short_002,short,inputs/transcripts/factory_v1_short_002__alfie_1_7b.txt,inputs/wav/factory_v1_short_002__alfie_1_7b.wav,inputs/gold/factory_v1_short_002__alfie_1_7b,1,
factory_v1_short_002__lana_1_7b,data_factory,lana_1_7b,neural_scheduler_corpus_v1,source,lana_1_7b,806859616,short_002,short,inputs/transcripts/factory_v1_short_002__lana_1_7b.txt,inputs/wav/factory_v1_short_002__lana_1_7b.wav,inputs/gold/factory_v1_short_002__lana_1_7b,1,
factory_v1_short_002__priestley2_1_7b,data_factory,priestley2_1_7b,neural_scheduler_corpus_v1,source,priestley2_1_7b,544144417,short_002,short,inputs/transcripts/factory_v1_short_002__priestley2_1_7b.txt,inputs/wav/factory_v1_short_002__priestley2_1_7b.wav,inputs/gold/factory_v1_short_002__priestley2_1_7b,1,
factory_v1_short_002__priestley_1_7b,data_factory,priestley_1_7b,neural_scheduler_corpus_v1,source,priestley_1_7b,747830098,short_002,short,inputs/transcripts/factory_v1_short_002__priestley_1_7b.txt,inputs/wav/factory_v1_short_002__priestley_1_7b.wav,inputs/gold/factory_v1_short_002__priestley_1_7b,1,
factory_v1_short_003__alfie_1_7b,data_factory,alfie_1_7b,neural_scheduler_corpus_v1,source,alfie_1_7b,106885768,short_003,short,inputs/transcripts/factory_v1_short_003__alfie_1_7b.txt,inputs/wav/factory_v1_short_003__alfie_1_7b.wav,inputs/gold/factory_v1_short_003__alfie_1_7b,1,
factory_v1_short_003__lana_1_7b,data_factory,lana_1_7b,neural_scheduler_corpus_v1,source,lana_1_7b,186087676,short_003,short,inputs/transcripts/factory_v1_short_003__lana_1_7b.txt,inputs/wav/factory_v1_short_003__lana_1_7b.wav,inputs/gold/factory_v1_short_003__lana_1_7b,1,
factory_v1_short_003__priestley2_1_7b,data_factory,priestley2_1_7b,neural_scheduler_corpus_v1,source,priestley2_1_7b,1711487660,short_003,short,inputs/transcripts/factory_v1_short_003__priestley2_1_7b.txt,inputs/wav/factory_v1_short_003__priestley2_1_7b.wav,inputs/gold/factory_v1_short_003__priestley2_1_7b,1,
factory_v1_short_003__priestley_1_7b,data_factory,priestley_1_7b,neural_scheduler_corpus_v1,source,priestley_1_7b,1490714363,short_003,short,inputs/transcripts/factory_v1_short_003__priestley_1_7b.txt,inputs/wav/factory_v1_short_003__priestley_1_7b.wav,inputs/gold/factory_v1_short_003__priestley_1_7b,1,
factory_v1_short_004__alfie_1_7b,data_factory,alfie_1_7b,neural_scheduler_corpus_v1,source,alfie_1_7b,385530615,short_004,short,inputs/transcripts/factory_v1_short_004__alfie_1_7b.txt,inputs/wav/factory_v1_short_004__alfie_1_7b.wav,inputs/gold/factory_v1_short_004__alfie_1_7b,1,
factory_v1_short_004__lana_1_7b,data_factory,lana_1_7b,neural_scheduler_corpus_v1,source,lana_1_7b,1747799822,short_004,short,inputs/transcripts/factory_v1_short_004__lana_1_7b.txt,inputs/wav/factory_v1_short_004__lana_1_7b.wav,inputs/gold/factory_v1_short_004__lana_1_7b,1,
factory_v1_short_004__priestley2_1_7b,data_factory,priestley2_1_7b,neural_scheduler_corpus_v1,source,priestley2_1_7b,1495706853,short_004,short,inputs/transcripts/factory_v1_short_004__priestley2_1_7b.txt,inputs/wav/factory_v1_short_004__priestley2_1_7b.wav,inputs/gold/factory_v1_short_004__priestley2_1_7b,1,
factory_v1_short_004__priestley_1_7b,data_factory,priestley_1_7b,neural_scheduler_corpus_v1,source,priestley_1_7b,1416784268,short_004,short,inputs/transcripts/factory_v1_short_004__priestley_1_7b.txt,inputs/wav/factory_v1_short_004__priestley_1_7b.wav,inputs/gold/factory_v1_short_004__priestley_1_7b,1,
factory_v1_short_005__alfie_1_7b,data_factory,alfie_1_7b,neural_scheduler_corpus_v1,source,alfie_1_7b,815455489,short_005,short,inputs/transcripts/factory_v1_short_005__alfie_1_7b.txt,inputs/wav/factory_v1_short_005__alfie_1_7b.wav,inputs/gold/factory_v1_short_005__alfie_1_7b,1,
factory_v1_short_005__lana_1_7b,data_factory,lana_1_7b,neural_scheduler_corpus_v1,source,lana_1_7b,1281159907,short_005,short,inputs/transcripts/factory_v1_short_005__lana_1_7b.txt,inputs/wav/factory_v1_short_005__lana_1_7b.wav,inputs/gold/factory_v1_short_005__lana_1_7b,1,
factory_v1_short_005__priestley2_1_7b,data_factory,priestley2_1_7b,neural_scheduler_corpus_v1,source,priestley2_1_7b,132792963,short_005,short,inputs/transcripts/factory_v1_short_005__priestley2_1_7b.txt,inputs/wav/factory_v1_short_005__priestley2_1_7b.wav,inputs/gold/factory_v1_short_005__priestley2_1_7b,1,
factory_v1_short_005__priestley_1_7b,data_factory,priestley_1_7b,neural_scheduler_corpus_v1,source,priestley_1_7b,2080798260,short_005,short,inputs/transcripts/factory_v1_short_005__priestley_1_7b.txt,inputs/wav/factory_v1_short_005__priestley_1_7b.wav,inputs/gold/factory_v1_short_005__priestley_1_7b,1,
factory_v1_short_006__alfie_1_7b,data_factory,alfie_1_7b,neural_scheduler_corpus_v1,source,alfie_1_7b,135856742,short_006,short,inputs/transcripts/factory_v1_short_006__alfie_1_7b.txt,inputs/wav/factory_v1_short_006__alfie_1_7b.wav,inputs/gold/factory_v1_short_006__alfie_1_7b,1,
factory_v1_short_006__lana_1_7b,data_factory,lana_1_7b,neural_scheduler_corpus_v1,source,lana_1_7b,306928230,short_006,short,inputs/transcripts/factory_v1_short_006__lana_1_7b.txt,inputs/wav/factory_v1_short_006__lana_1_7b.wav,inputs/gold/factory_v1_short_006__lana_1_7b,1,
factory_v1_short_006__priestley2_1_7b,data_factory,priestley2_1_7b,neural_scheduler_corpus_v1,source,priestley2_1_7b,262496490,short_006,short,inputs/transcripts/factory_v1_short_006__priestley2_1_7b.txt,inputs/wav/factory_v1_short_006__priestley2_1_7b.wav,inputs/gold/factory_v1_short_006__priestley2_1_7b,1,
factory_v1_short_006__priestley_1_7b,data_factory,priestley_1_7b,neural_scheduler_corpus_v1,source,priestley_1_7b,633015527,short_006,short,inputs/transcripts/factory_v1_short_006__priestley_1_7b.txt,inputs/wav/factory_v1_short_006__priestley_1_7b.wav,inputs/gold/factory_v1_short_006__priestley_1_7b,1,
factory_v1_short_007__alfie_1_7b,data_factory,alfie_1_7b,neural_scheduler_corpus_v1,source,alfie_1_7b,889721916,short_007,short,inputs/transcripts/factory_v1_short_007__alfie_1_7b.txt,inputs/wav/factory_v1_short_007__alfie_1_7b.wav,inputs/gold/factory_v1_short_007__alfie_1_7b,1,
factory_v1_short_007__lana_1_7b,data_factory,lana_1_7b,neural_scheduler_corpus_v1,source,lana_1_7b,1192309749,short_007,short,inputs/transcripts/factory_v1_short_007__lana_1_7b.txt,inputs/wav/factory_v1_short_007__lana_1_7b.wav,inputs/gold/factory_v1_short_007__lana_1_7b,1,
factory_v1_short_007__priestley2_1_7b,data_factory,priestley2_1_7b,neural_scheduler_corpus_v1,source,priestley2_1_7b,777339738,short_007,short,inputs/transcripts/factory_v1_short_007__priestley2_1_7b.txt,inputs/wav/factory_v1_short_007__priestley2_1_7b.wav,inputs/gold/factory_v1_short_007__priestley2_1_7b,1,
factory_v1_short_007__priestley_1_7b,data_factory,priestley_1_7b,neural_scheduler_corpus_v1,source,priestley_1_7b,630596089,short_007,short,inputs/transcripts/factory_v1_short_007__priestley_1_7b.txt,inputs/wav/factory_v1_short_007__priestley_1_7b.wav,inputs/gold/factory_v1_short_007__priestley_1_7b,1,
factory_v1_short_008__alfie_1_7b,data_factory,alfie_1_7b,neural_scheduler_corpus_v1,source,alfie_1_7b,1118282524,short_008,short,inputs/transcripts/factory_v1_short_008__alfie_1_7b.txt,inputs/wav/factory_v1_short_008__alfie_1_7b.wav,inputs/gold/factory_v1_short_008__alfie_1_7b,1,
factory_v1_short_008__lana_1_7b,data_factory,lana_1_7b,neural_scheduler_corpus_v1,source,lana_1_7b,620587954,short_008,short,inputs/transcripts/factory_v1_short_008__lana_1_7b.txt,inputs/wav/factory_v1_short_008__lana_1_7b.wav,inputs/gold/factory_v1_short_008__lana_1_7b,1,
factory_v1_short_008__priestley2_1_7b,data_factory,priestley2_1_7b,neural_scheduler_corpus_v1,source,priestley2_1_7b,1886771871,short_008,short,inputs/transcripts/factory_v1_short_008__priestley2_1_7b.txt,inputs/wav/factory_v1_short_008__priestley2_1_7b.wav,inputs/gold/factory_v1_short_008__priestley2_1_7b,1,
factory_v1_short_008__priestley_1_7b,data_factory,priestley_1_7b,neural_scheduler_corpus_v1,source,priestley_1_7b,40310891,short_008,short,inputs/transcripts/factory_v1_short_008__priestley_1_7b.txt,inputs/wav/factory_v1_short_008__priestley_1_7b.wav,inputs/gold/factory_v1_short_008__priestley_1_7b,1,
factory_v1_short_009__alfie_1_7b,data_factory,alfie_1_7b,neural_scheduler_corpus_v1,source,alfie_1_7b,243919773,short_009,short,inputs/transcripts/factory_v1_short_009__alfie_1_7b.txt,inputs/wav/factory_v1_short_009__alfie_1_7b.wav,inputs/gold/factory_v1_short_009__alfie_1_7b,1,
factory_v1_short_009__lana_1_7b,data_factory,lana_1_7b,neural_scheduler_corpus_v1,source,lana_1_7b,123802767,short_009,short,inputs/transcripts/factory_v1_short_009__lana_1_7b.txt,inputs/wav/factory_v1_short_009__lana_1_7b.wav,inputs/gold/factory_v1_short_009__lana_1_7b,1,
factory_v1_short_009__priestley2_1_7b,data_factory,priestley2_1_7b,neural_scheduler_corpus_v1,source,priestley2_1_7b,403436839,short_009,short,inputs/transcripts/factory_v1_short_009__priestley2_1_7b.txt,inputs/wav/factory_v1_short_009__priestley2_1_7b.wav,inputs/gold/factory_v1_short_009__priestley2_1_7b,1,
factory_v1_short_009__priestley_1_7b,data_factory,priestley_1_7b,neural_scheduler_corpus_v1,source,priestley_1_7b,1196826990,short_009,short,inputs/transcripts/factory_v1_short_009__priestley_1_7b.txt,inputs/wav/factory_v1_short_009__priestley_1_7b.wav,inputs/gold/factory_v1_short_009__priestley_1_7b,1,
factory_v1_short_010__alfie_1_7b,data_factory,alfie_1_7b,neural_scheduler_corpus_v1,source,alfie_1_7b,916460383,short_010,short,inputs/transcripts/factory_v1_short_010__alfie_1_7b.txt,inputs/wav/factory_v1_short_010__alfie_1_7b.wav,inputs/gold/factory_v1_short_010__alfie_1_7b,1,
factory_v1_short_010__lana_1_7b,data_factory,lana_1_7b,neural_scheduler_corpus_v1,source,lana_1_7b,1609390461,short_010,short,inputs/transcripts/factory_v1_short_010__lana_1_7b.txt,inputs/wav/factory_v1_short_010__lana_1_7b.wav,inputs/gold/factory_v1_short_010__lana_1_7b,1,
factory_v1_short_010__priestley2_1_7b,data_factory,priestley2_1_7b,neural_scheduler_corpus_v1,source,priestley2_1_7b,392212542,short_010,short,inputs/transcripts/factory_v1_short_010__priestley2_1_7b.txt,inputs/wav/factory_v1_short_010__priestley2_1_7b.wav,inputs/gold/factory_v1_short_010__priestley2_1_7b,1,
factory_v1_short_010__priestley_1_7b,data_factory,priestley_1_7b,neural_scheduler_corpus_v1,source,priestley_1_7b,1079107419,short_010,short,inputs/transcripts/factory_v1_short_010__priestley_1_7b.txt,inputs/wav/factory_v1_short_010__priestley_1_7b.wav,inputs/gold/factory_v1_short_010__priestley_1_7b,1,
factory_v1_short_list_001__alfie_1_7b,data_factory,alfie_1_7b,neural_scheduler_corpus_v1,source,alfie_1_7b,48113710,short_list_001,short_lists,inputs/transcripts/factory_v1_short_list_001__alfie_1_7b.txt,inputs/wav/factory_v1_short_list_001__alfie_1_7b.wav,inputs/gold/factory_v1_short_list_001__alfie_1_7b,1,
factory_v1_short_list_001__lana_1_7b,data_factory,lana_1_7b,neural_scheduler_corpus_v1,source,lana_1_7b,1610694608,short_list_001,short_lists,inputs/transcripts/factory_v1_short_list_001__lana_1_7b.txt,inputs/wav/factory_v1_short_list_001__lana_1_7b.wav,inputs/gold/factory_v1_short_list_001__lana_1_7b,1,
factory_v1_short_list_001__priestley2_1_7b,data_factory,priestley2_1_7b,neural_scheduler_corpus_v1,source,priestley2_1_7b,1519978982,short_list_001,short_lists,inputs/transcripts/factory_v1_short_list_001__priestley2_1_7b.txt,inputs/wav/factory_v1_short_list_001__priestley2_1_7b.wav,inputs/gold/factory_v1_short_list_001__priestley2_1_7b,1,
factory_v1_short_list_001__priestley_1_7b,data_factory,priestley_1_7b,neural_scheduler_corpus_v1,source,priestley_1_7b,866357016,short_list_001,short_lists,inputs/transcripts/factory_v1_short_list_001__priestley_1_7b.txt,inputs/wav/factory_v1_short_list_001__priestley_1_7b.wav,inputs/gold/factory_v1_short_list_001__priestley_1_7b,1,
factory_v1_short_list_002__alfie_1_7b,data_factory,alfie_1_7b,neural_scheduler_corpus_v1,source,alfie_1_7b,1533229387,short_list_002,short_lists,inputs/transcripts/factory_v1_short_list_002__alfie_1_7b.txt,inputs/wav/factory_v1_short_list_002__alfie_1_7b.wav,inputs/gold/factory_v1_short_list_002__alfie_1_7b,1,
factory_v1_short_list_002__lana_1_7b,data_factory,lana_1_7b,neural_scheduler_corpus_v1,source,lana_1_7b,363758321,short_list_002,short_lists,inputs/transcripts/factory_v1_short_list_002__lana_1_7b.txt,inputs/wav/factory_v1_short_list_002__lana_1_7b.wav,inputs/gold/factory_v1_short_list_002__lana_1_7b,1,
factory_v1_short_list_002__priestley2_1_7b,data_factory,priestley2_1_7b,neural_scheduler_corpus_v1,source,priestley2_1_7b,1841480723,short_list_002,short_lists,inputs/transcripts/factory_v1_short_list_002__priestley2_1_7b.txt,inputs/wav/factory_v1_short_list_002__priestley2_1_7b.wav,inputs/gold/factory_v1_short_list_002__priestley2_1_7b,1,
factory_v1_short_list_002__priestley_1_7b,data_factory,priestley_1_7b,neural_scheduler_corpus_v1,source,priestley_1_7b,340270214,short_list_002,short_lists,inputs/transcripts/factory_v1_short_list_002__priestley_1_7b.txt,inputs/wav/factory_v1_short_list_002__priestley_1_7b.wav,inputs/gold/factory_v1_short_list_002__priestley_1_7b,1,
factory_v1_short_list_003__alfie_1_7b,data_factory,alfie_1_7b,neural_scheduler_corpus_v1,source,alfie_1_7b,1517979960,short_list_003,short_lists,inputs/transcripts/factory_v1_short_list_003__alfie_1_7b.txt,inputs/wav/factory_v1_short_list_003__alfie_1_7b.wav,inputs/gold/factory_v1_short_list_003__alfie_1_7b,1,
factory_v1_short_list_003__lana_1_7b,data_factory,lana_1_7b,neural_scheduler_corpus_v1,source,lana_1_7b,1614124858,short_list_003,short_lists,inputs/transcripts/factory_v1_short_list_003__lana_1_7b.txt,inputs/wav/factory_v1_short_list_003__lana_1_7b.wav,inputs/gold/factory_v1_short_list_003__lana_1_7b,1,
factory_v1_short_list_003__priestley2_1_7b,data_factory,priestley2_1_7b,neural_scheduler_corpus_v1,source,priestley2_1_7b,683504941,short_list_003,short_lists,inputs/transcripts/factory_v1_short_list_003__priestley2_1_7b.txt,inputs/wav/factory_v1_short_list_003__priestley2_1_7b.wav,inputs/gold/factory_v1_short_list_003__priestley2_1_7b,1,
factory_v1_short_list_003__priestley_1_7b,data_factory,priestley_1_7b,neural_scheduler_corpus_v1,source,priestley_1_7b,168402344,short_list_003,short_lists,inputs/transcripts/factory_v1_short_list_003__priestley_1_7b.txt,inputs/wav/factory_v1_short_list_003__priestley_1_7b.wav,inputs/gold/factory_v1_short_list_003__priestley_1_7b,1,
factory_v1_short_list_004__alfie_1_7b,data_factory,alfie_1_7b,neural_scheduler_corpus_v1,source,alfie_1_7b,1632137936,short_list_004,short_lists,inputs/transcripts/factory_v1_short_list_004__alfie_1_7b.txt,inputs/wav/factory_v1_short_list_004__alfie_1_7b.wav,inputs/gold/factory_v1_short_list_004__alfie_1_7b,1,
factory_v1_short_list_004__lana_1_7b,data_factory,lana_1_7b,neural_scheduler_corpus_v1,source,lana_1_7b,1183198548,short_list_004,short_lists,inputs/transcripts/factory_v1_short_list_004__lana_1_7b.txt,inputs/wav/factory_v1_short_list_004__lana_1_7b.wav,inputs/gold/factory_v1_short_list_004__lana_1_7b,1,
factory_v1_short_list_004__priestley2_1_7b,data_factory,priestley2_1_7b,neural_scheduler_corpus_v1,source,priestley2_1_7b,2081313821,short_list_004,short_lists,inputs/transcripts/factory_v1_short_list_004__priestley2_1_7b.txt,inputs/wav/factory_v1_short_list_004__priestley2_1_7b.wav,inputs/gold/factory_v1_short_list_004__priestley2_1_7b,1,
factory_v1_short_list_004__priestley_1_7b,data_factory,priestley_1_7b,neural_scheduler_corpus_v1,source,priestley_1_7b,535442620,short_list_004,short_lists,inputs/transcripts/factory_v1_short_list_004__priestley_1_7b.txt,inputs/wav/factory_v1_short_list_004__priestley_1_7b.wav,inputs/gold/factory_v1_short_list_004__priestley_1_7b,1,
factory_v1_short_list_005__alfie_1_7b,data_factory,alfie_1_7b,neural_scheduler_corpus_v1,source,alfie_1_7b,1474122530,short_list_005,short_lists,inputs/transcripts/factory_v1_short_list_005__alfie_1_7b.txt,inputs/wav/factory_v1_short_list_005__alfie_1_7b.wav,inputs/gold/factory_v1_short_list_005__alfie_1_7b,1,
factory_v1_short_list_005__lana_1_7b,data_factory,lana_1_7b,neural_scheduler_corpus_v1,source,lana_1_7b,953584005,short_list_005,short_lists,inputs/transcripts/factory_v1_short_list_005__lana_1_7b.txt,inputs/wav/factory_v1_short_list_005__lana_1_7b.wav,inputs/gold/factory_v1_short_list_005__lana_1_7b,1,
factory_v1_short_list_005__priestley2_1_7b,data_factory,priestley2_1_7b,neural_scheduler_corpus_v1,source,priestley2_1_7b,1268678495,short_list_005,short_lists,inputs/transcripts/factory_v1_short_list_005__priestley2_1_7b.txt,inputs/wav/factory_v1_short_list_005__priestley2_1_7b.wav,inputs/gold/factory_v1_short_list_005__priestley2_1_7b,1,
factory_v1_short_list_005__priestley_1_7b,data_factory,priestley_1_7b,neural_scheduler_corpus_v1,source,priestley_1_7b,743635214,short_list_005,short_lists,inputs/transcripts/factory_v1_short_list_005__priestley_1_7b.txt,inputs/wav/factory_v1_short_list_005__priestley_1_7b.wav,inputs/gold/factory_v1_short_list_005__priestley_1_7b,1,
factory_v1_short_list_006__alfie_1_7b,data_factory,alfie_1_7b,neural_scheduler_corpus_v1,source,alfie_1_7b,1234554564,short_list_006,short_lists,inputs/transcripts/factory_v1_short_list_006__alfie_1_7b.txt,inputs/wav/factory_v1_short_list_006__alfie_1_7b.wav,inputs/gold/factory_v1_short_list_006__alfie_1_7b,1,
factory_v1_short_list_006__lana_1_7b,data_factory,lana_1_7b,neural_scheduler_corpus_v1,source,lana_1_7b,135377477,short_list_006,short_lists,inputs/transcripts/factory_v1_short_list_006__lana_1_7b.txt,inputs/wav/factory_v1_short_list_006__lana_1_7b.wav,inputs/gold/factory_v1_short_list_006__lana_1_7b,1,
factory_v1_short_list_006__priestley2_1_7b,data_factory,priestley2_1_7b,neural_scheduler_corpus_v1,source,priestley2_1_7b,674416449,short_list_006,short_lists,inputs/transcripts/factory_v1_short_list_006__priestley2_1_7b.txt,inputs/wav/factory_v1_short_list_006__priestley2_1_7b.wav,inputs/gold/factory_v1_short_list_006__priestley2_1_7b,1,
factory_v1_short_list_006__priestley_1_7b,data_factory,priestley_1_7b,neural_scheduler_corpus_v1,source,priestley_1_7b,1356877399,short_list_006,short_lists,inputs/transcripts/factory_v1_short_list_006__priestley_1_7b.txt,inputs/wav/factory_v1_short_list_006__priestley_1_7b.wav,inputs/gold/factory_v1_short_list_006__priestley_1_7b,1,
factory_v1_short_list_007__alfie_1_7b,data_factory,alfie_1_7b,neural_scheduler_corpus_v1,source,alfie_1_7b,1370808829,short_list_007,short_lists,inputs/transcripts/factory_v1_short_list_007__alfie_1_7b.txt,inputs/wav/factory_v1_short_list_007__alfie_1_7b.wav,inputs/gold/factory_v1_short_list_007__alfie_1_7b,1,
factory_v1_short_list_007__lana_1_7b,data_factory,lana_1_7b,neural_scheduler_corpus_v1,source,lana_1_7b,497745397,short_list_007,short_lists,inputs/transcripts/factory_v1_short_list_007__lana_1_7b.txt,inputs/wav/factory_v1_short_list_007__lana_1_7b.wav,inputs/gold/factory_v1_short_list_007__lana_1_7b,1,
factory_v1_short_list_007__priestley2_1_7b,data_factory,priestley2_1_7b,neural_scheduler_corpus_v1,source,priestley2_1_7b,1314949983,short_list_007,short_lists,inputs/transcripts/factory_v1_short_list_007__priestley2_1_7b.txt,inputs/wav/factory_v1_short_list_007__priestley2_1_7b.wav,inputs/gold/factory_v1_short_list_007__priestley2_1_7b,1,
factory_v1_short_list_007__priestley_1_7b,data_factory,priestley_1_7b,neural_scheduler_corpus_v1,source,priestley_1_7b,1026863183,short_list_007,short_lists,inputs/transcripts/factory_v1_short_list_007__priestley_1_7b.txt,inputs/wav/factory_v1_short_list_007__priestley_1_7b.wav,inputs/gold/factory_v1_short_list_007__priestley_1_7b,1,
factory_v1_short_list_008__alfie_1_7b,data_factory,alfie_1_7b,neural_scheduler_corpus_v1,source,alfie_1_7b,844679251,short_list_008,short_lists,inputs/transcripts/factory_v1_short_list_008__alfie_1_7b.txt,inputs/wav/factory_v1_short_list_008__alfie_1_7b.wav,inputs/gold/factory_v1_short_list_008__alfie_1_7b,1,
factory_v1_short_list_008__lana_1_7b,data_factory,lana_1_7b,neural_scheduler_corpus_v1,source,lana_1_7b,393400873,short_list_008,short_lists,inputs/transcripts/factory_v1_short_list_008__lana_1_7b.txt,inputs/wav/factory_v1_short_list_008__lana_1_7b.wav,inputs/gold/factory_v1_short_list_008__lana_1_7b,1,
factory_v1_short_list_008__priestley2_1_7b,data_factory,priestley2_1_7b,neural_scheduler_corpus_v1,source,priestley2_1_7b,621090255,short_list_008,short_lists,inputs/transcripts/factory_v1_short_list_008__priestley2_1_7b.txt,inputs/wav/factory_v1_short_list_008__priestley2_1_7b.wav,inputs/gold/factory_v1_short_list_008__priestley2_1_7b,1,
factory_v1_short_list_008__priestley_1_7b,data_factory,priestley_1_7b,neural_scheduler_corpus_v1,source,priestley_1_7b,462034973,short_list_008,short_lists,inputs/transcripts/factory_v1_short_list_008__priestley_1_7b.txt,inputs/wav/factory_v1_short_list_008__priestley_1_7b.wav,inputs/gold/factory_v1_short_list_008__priestley_1_7b,1,
factory_v1_short_list_009__alfie_1_7b,data_factory,alfie_1_7b,neural_scheduler_corpus_v1,source,alfie_1_7b,1696270223,short_list_009,short_lists,inputs/transcripts/factory_v1_short_list_009__alfie_1_7b.txt,inputs/wav/factory_v1_short_list_009__alfie_1_7b.wav,inputs/gold/factory_v1_short_list_009__alfie_1_7b,1,
factory_v1_short_list_009__lana_1_7b,data_factory,lana_1_7b,neural_scheduler_corpus_v1,source,lana_1_7b,849839895,short_list_009,short_lists,inputs/transcripts/factory_v1_short_list_009__lana_1_7b.txt,inputs/wav/factory_v1_short_list_009__lana_1_7b.wav,inputs/gold/factory_v1_short_list_009__lana_1_7b,1,
factory_v1_short_list_009__priestley2_1_7b,data_factory,priestley2_1_7b,neural_scheduler_corpus_v1,source,priestley2_1_7b,124425644,short_list_009,short_lists,inputs/transcripts/factory_v1_short_list_009__priestley2_1_7b.txt,inputs/wav/factory_v1_short_list_009__priestley2_1_7b.wav,inputs/gold/factory_v1_short_list_009__priestley2_1_7b,1,
factory_v1_short_list_009__priestley_1_7b,data_factory,priestley_1_7b,neural_scheduler_corpus_v1,source,priestley_1_7b,945652191,short_list_009,short_lists,inputs/transcripts/factory_v1_short_list_009__priestley_1_7b.txt,inputs/wav/factory_v1_short_list_009__priestley_1_7b.wav,inputs/gold/factory_v1_short_list_009__priestley_1_7b,1,
factory_v1_short_list_010__alfie_1_7b,data_factory,alfie_1_7b,neural_scheduler_corpus_v1,source,alfie_1_7b,1445577316,short_list_010,short_lists,inputs/transcripts/factory_v1_short_list_010__alfie_1_7b.txt,inputs/wav/factory_v1_short_list_010__alfie_1_7b.wav,inputs/gold/factory_v1_short_list_010__alfie_1_7b,1,
factory_v1_short_list_010__lana_1_7b,data_factory,lana_1_7b,neural_scheduler_corpus_v1,source,lana_1_7b,12983438,short_list_010,short_lists,inputs/transcripts/factory_v1_short_list_010__lana_1_7b.txt,inputs/wav/factory_v1_short_list_010__lana_1_7b.wav,inputs/gold/factory_v1_short_list_010__lana_1_7b,1,
factory_v1_short_list_010__priestley2_1_7b,data_factory,priestley2_1_7b,neural_scheduler_corpus_v1,source,priestley2_1_7b,1444232524,short_list_010,short_lists,inputs/transcripts/factory_v1_short_list_010__priestley2_1_7b.txt,inputs/wav/factory_v1_short_list_010__priestley2_1_7b.wav,inputs/gold/factory_v1_short_list_010__priestley2_1_7b,1,
factory_v1_short_list_010__priestley_1_7b,data_factory,priestley_1_7b,neural_scheduler_corpus_v1,source,priestley_1_7b,1914817179,short_list_010,short_lists,inputs/transcripts/factory_v1_short_list_010__priestley_1_7b.txt,inputs/wav/factory_v1_short_list_010__priestley_1_7b.wav,inputs/gold/factory_v1_short_list_010__priestley_1_7b,1,
